==============================================================
Vitis HLS - High-Level Synthesis from C, C++ and OpenCL v2023.2 (64-bit)
Tool Version Limit: 2023.10
Copyright 1986-2022 Xilinx, Inc. All Rights Reserved.
Copyright 2022-2023 Advanced Micro Devices, Inc. All Rights Reserved.

==============================================================
INFO: [SYN 201-201] Setting up clock 'default' with a period of 10ns.
INFO: [HLS 200-1611] Setting target device to 'xc7z020-clg400-1'
INFO: [HLS 200-1505] Using flow_target 'vivado'
INFO: [HLS 200-1510] Running: set_part xc7z020clg400-1 
INFO: [HLS 200-1510] Running: create_clock -period 10 -name default 
INFO: [SYN 201-201] Setting up clock 'default' with a period of 10ns.
INFO: [HLS 200-1510] Running: csynth_design 
INFO: [HLS 200-111] Finished File checks and directory preparation: CPU user time: 0 seconds. CPU system time: 0 seconds. Elapsed time: 0.048 seconds; current allocated memory: 110.270 MB.
INFO: [HLS 200-10] Analyzing design file 'video_gray_live.cpp' ... 
INFO: [HLS 200-111] Finished Source Code Analysis and Preprocessing: CPU user time: 0 seconds. CPU system time: 0 seconds. Elapsed time: 3.149 seconds; current allocated memory: 112.176 MB.
INFO: [HLS 200-777] Using interface defaults for 'Vivado' flow target.
INFO: [HLS 200-1995] There were 1,068 instructions in the design after the 'Compile/Link' phase of compilation. See the Design Size Report for more details: C:/selected_topics_hdmi/pyzq/hw/hls_gray_ip/video_gray_live_prj/solution1/syn/report/csynth_design_size.rpt
INFO: [HLS 200-1995] There were 164 instructions in the design after the 'Unroll/Inline (step 1)' phase of compilation. See the Design Size Report for more details: C:/selected_topics_hdmi/pyzq/hw/hls_gray_ip/video_gray_live_prj/solution1/syn/report/csynth_design_size.rpt
INFO: [HLS 200-1995] There were 131 instructions in the design after the 'Unroll/Inline (step 2)' phase of compilation. See the Design Size Report for more details: C:/selected_topics_hdmi/pyzq/hw/hls_gray_ip/video_gray_live_prj/solution1/syn/report/csynth_design_size.rpt
INFO: [HLS 200-1995] There were 128 instructions in the design after the 'Unroll/Inline (step 3)' phase of compilation. See the Design Size Report for more details: C:/selected_topics_hdmi/pyzq/hw/hls_gray_ip/video_gray_live_prj/solution1/syn/report/csynth_design_size.rpt
INFO: [HLS 200-1995] There were 126 instructions in the design after the 'Unroll/Inline (step 4)' phase of compilation. See the Design Size Report for more details: C:/selected_topics_hdmi/pyzq/hw/hls_gray_ip/video_gray_live_prj/solution1/syn/report/csynth_design_size.rpt
INFO: [HLS 200-1995] There were 126 instructions in the design after the 'Array/Struct (step 1)' phase of compilation. See the Design Size Report for more details: C:/selected_topics_hdmi/pyzq/hw/hls_gray_ip/video_gray_live_prj/solution1/syn/report/csynth_design_size.rpt
INFO: [HLS 200-1995] There were 126 instructions in the design after the 'Array/Struct (step 2)' phase of compilation. See the Design Size Report for more details: C:/selected_topics_hdmi/pyzq/hw/hls_gray_ip/video_gray_live_prj/solution1/syn/report/csynth_design_size.rpt
INFO: [HLS 200-1995] There were 126 instructions in the design after the 'Array/Struct (step 3)' phase of compilation. See the Design Size Report for more details: C:/selected_topics_hdmi/pyzq/hw/hls_gray_ip/video_gray_live_prj/solution1/syn/report/csynth_design_size.rpt
INFO: [HLS 200-1995] There were 126 instructions in the design after the 'Array/Struct (step 4)' phase of compilation. See the Design Size Report for more details: C:/selected_topics_hdmi/pyzq/hw/hls_gray_ip/video_gray_live_prj/solution1/syn/report/csynth_design_size.rpt
INFO: [HLS 200-1995] There were 238 instructions in the design after the 'Array/Struct (step 5)' phase of compilation. See the Design Size Report for more details: C:/selected_topics_hdmi/pyzq/hw/hls_gray_ip/video_gray_live_prj/solution1/syn/report/csynth_design_size.rpt
INFO: [HLS 200-1995] There were 252 instructions in the design after the 'Performance (step 1)' phase of compilation. See the Design Size Report for more details: C:/selected_topics_hdmi/pyzq/hw/hls_gray_ip/video_gray_live_prj/solution1/syn/report/csynth_design_size.rpt
INFO: [HLS 200-1995] There were 238 instructions in the design after the 'Performance (step 2)' phase of compilation. See the Design Size Report for more details: C:/selected_topics_hdmi/pyzq/hw/hls_gray_ip/video_gray_live_prj/solution1/syn/report/csynth_design_size.rpt
INFO: [HLS 200-1995] There were 140 instructions in the design after the 'Performance (step 3)' phase of compilation. See the Design Size Report for more details: C:/selected_topics_hdmi/pyzq/hw/hls_gray_ip/video_gray_live_prj/solution1/syn/report/csynth_design_size.rpt
INFO: [HLS 200-1995] There were 140 instructions in the design after the 'Performance (step 4)' phase of compilation. See the Design Size Report for more details: C:/selected_topics_hdmi/pyzq/hw/hls_gray_ip/video_gray_live_prj/solution1/syn/report/csynth_design_size.rpt
INFO: [HLS 200-1995] There were 100 instructions in the design after the 'HW Transforms (step 1)' phase of compilation. See the Design Size Report for more details: C:/selected_topics_hdmi/pyzq/hw/hls_gray_ip/video_gray_live_prj/solution1/syn/report/csynth_design_size.rpt
INFO: [HLS 200-1995] There were 75 instructions in the design after the 'HW Transforms (step 2)' phase of compilation. See the Design Size Report for more details: C:/selected_topics_hdmi/pyzq/hw/hls_gray_ip/video_gray_live_prj/solution1/syn/report/csynth_design_size.rpt
INFO: [HLS 200-111] Finished Compiling Optimization and Transform: CPU user time: 0 seconds. CPU system time: 0 seconds. Elapsed time: 7.797 seconds; current allocated memory: 114.391 MB.
INFO: [HLS 200-111] Finished Checking Pragmas: CPU user time: 0 seconds. CPU system time: 0 seconds. Elapsed time: 0.002 seconds; current allocated memory: 114.391 MB.
INFO: [HLS 200-10] Starting code transformations ...
INFO: [HLS 200-111] Finished Standard Transforms: CPU user time: 0 seconds. CPU system time: 0 seconds. Elapsed time: 0.1 seconds; current allocated memory: 118.906 MB.
INFO: [HLS 200-10] Checking synthesizability ...
INFO: [HLS 200-111] Finished Checking Synthesizability: CPU user time: 0 seconds. CPU system time: 0 seconds. Elapsed time: 0.025 seconds; current allocated memory: 120.371 MB.
INFO: [HLS 200-111] Finished Loop, function and other optimizations: CPU user time: 0 seconds. CPU system time: 0 seconds. Elapsed time: 0.063 seconds; current allocated memory: 141.688 MB.
WARNING: [XFORM 203-561] 'VITIS_LOOP_15_1' (video_gray_live.cpp:15:19) in function 'video_gray_live' is an infinite loop.
INFO: [HLS 200-111] Finished Architecture Synthesis: CPU user time: 0 seconds. CPU system time: 0 seconds. Elapsed time: 0.066 seconds; current allocated memory: 141.695 MB.
INFO: [HLS 200-10] Starting hardware synthesis ...
INFO: [HLS 200-10] Synthesizing 'video_gray_live' ...
INFO: [HLS 200-10] ----------------------------------------------------------------
INFO: [HLS 200-42] -- Implementing module 'video_gray_live' 
INFO: [HLS 200-10] ----------------------------------------------------------------
INFO: [SCHED 204-11] Starting scheduling ...
INFO: [HLS 200-486] Changing DSP latency (root=y_tmp) to 3 in order to utilize available DSP registers.
INFO: [HLS 200-486] Changing DSP latency (root=add_ln24) to 3 in order to utilize available DSP registers.
INFO: [SCHED 204-61] Pipelining loop 'VITIS_LOOP_15_1'.
INFO: [HLS 200-1470] Pipelining result : Target II = 1, Final II = 1, Depth = 6, loop 'VITIS_LOOP_15_1'
INFO: [SCHED 204-11] Finished scheduling.
INFO: [HLS 200-111] Finished Scheduling: CPU user time: 0 seconds. CPU system time: 0 seconds. Elapsed time: 0.595 seconds; current allocated memory: 141.695 MB.
INFO: [BIND 205-100] Starting micro-architecture generation ...
INFO: [BIND 205-101] Performing variable lifetime analysis.
INFO: [BIND 205-101] Exploring resource sharing.
INFO: [BIND 205-101] Binding ...
INFO: [BIND 205-100] Finished micro-architecture generation.
INFO: [HLS 200-111] Finished Binding: CPU user time: 0 seconds. CPU system time: 0 seconds. Elapsed time: 0.06 seconds; current allocated memory: 141.695 MB.
INFO: [HLS 200-10] ----------------------------------------------------------------
INFO: [HLS 200-10] -- Generating RTL for module 'video_gray_live' 
INFO: [HLS 200-10] ----------------------------------------------------------------
WARNING: [RTGEN 206-101] Design contains AXI ports. Reset is fixed to synchronous and active low.
INFO: [RTGEN 206-500] Setting interface mode on port 'video_gray_live/in_stream_V_data_V' to 'axis' (register, both mode).
INFO: [RTGEN 206-500] Setting interface mode on port 'video_gray_live/in_stream_V_keep_V' to 'axis' (register, both mode).
INFO: [RTGEN 206-500] Setting interface mode on port 'video_gray_live/in_stream_V_strb_V' to 'axis' (register, both mode).
INFO: [RTGEN 206-500] Setting interface mode on port 'video_gray_live/in_stream_V_user_V' to 'axis' (register, both mode).
INFO: [RTGEN 206-500] Setting interface mode on port 'video_gray_live/in_stream_V_last_V' to 'axis' (register, both mode).
INFO: [RTGEN 206-500] Setting interface mode on port 'video_gray_live/in_stream_V_id_V' to 'axis' (register, both mode).
INFO: [RTGEN 206-500] Setting interface mode on port 'video_gray_live/in_stream_V_dest_V' to 'axis' (register, both mode).
INFO: [RTGEN 206-500] Setting interface mode on port 'video_gray_live/out_stream_V_data_V' to 'axis' (register, both mode).
INFO: [RTGEN 206-500] Setting interface mode on port 'video_gray_live/out_stream_V_keep_V' to 'axis' (register, both mode).
INFO: [RTGEN 206-500] Setting interface mode on port 'video_gray_live/out_stream_V_strb_V' to 'axis' (register, both mode).
INFO: [RTGEN 206-500] Setting interface mode on port 'video_gray_live/out_stream_V_user_V' to 'axis' (register, both mode).
INFO: [RTGEN 206-500] Setting interface mode on port 'video_gray_live/out_stream_V_last_V' to 'axis' (register, both mode).
INFO: [RTGEN 206-500] Setting interface mode on port 'video_gray_live/out_stream_V_id_V' to 'axis' (register, both mode).
INFO: [RTGEN 206-500] Setting interface mode on port 'video_gray_live/out_stream_V_dest_V' to 'axis' (register, both mode).
INFO: [RTGEN 206-500] Setting interface mode on function 'video_gray_live' to 'ap_ctrl_none'.
INFO: [RTGEN 206-100] Generating core module 'mac_muladd_8ns_5ns_15ns_15_4_1': 1 instance(s).
INFO: [RTGEN 206-100] Generating core module 'mac_muladd_8ns_8ns_15ns_16_4_1': 1 instance(s).
INFO: [RTGEN 206-100] Generating core module 'mul_8ns_8ns_15_1_1': 1 instance(s).
INFO: [RTGEN 206-100] Finished creating RTL model for 'video_gray_live'.
INFO: [HLS 200-111] Finished Creating RTL model: CPU user time: 0 seconds. CPU system time: 0 seconds. Elapsed time: 0.125 seconds; current allocated memory: 143.895 MB.
INFO: [HLS 200-111] Finished Generating all RTL models: CPU user time: 0 seconds. CPU system time: 0 seconds. Elapsed time: 0.42 seconds; current allocated memory: 148.836 MB.
INFO: [HLS 200-111] Finished Updating report files: CPU user time: 0 seconds. CPU system time: 0 seconds. Elapsed time: 0.434 seconds; current allocated memory: 154.188 MB.
INFO: [VHDL 208-304] Generating VHDL RTL for video_gray_live.
INFO: [VLOG 209-307] Generating Verilog RTL for video_gray_live.
INFO: [HLS 200-790] **** Loop Constraint Status: All loop constraints were satisfied.
INFO: [HLS 200-789] **** Estimated Fmax: 159.49 MHz
INFO: [HLS 200-111] Finished Command csynth_design CPU user time: 0 seconds. CPU system time: 0 seconds. Elapsed time: 12.913 seconds; current allocated memory: 44.215 MB.
==============================================================
Vitis HLS - High-Level Synthesis from C, C++ and OpenCL v2023.2 (64-bit)
Tool Version Limit: 2023.10
Copyright 1986-2022 Xilinx, Inc. All Rights Reserved.
Copyright 2022-2023 Advanced Micro Devices, Inc. All Rights Reserved.

==============================================================
INFO: [SYN 201-201] Setting up clock 'default' with a period of 10ns.
INFO: [HLS 200-1611] Setting target device to 'xc7z020-clg400-1'
INFO: [HLS 200-1505] Using flow_target 'vivado'
INFO: [HLS 200-1464] Running solution command: config_export -output=C:/selected_topics_hdmi/pyzq/hw/hls_gray_ip/hls_export
INFO: [HLS 200-1510] Running: set_part xc7z020clg400-1 
INFO: [HLS 200-1510] Running: create_clock -period 10 -name default 
INFO: [SYN 201-201] Setting up clock 'default' with a period of 10ns.
INFO: [HLS 200-1510] Running: config_export -output C:/selected_topics_hdmi/pyzq/hw/hls_gray_ip/hls_export 
INFO: [HLS 200-1510] Running: export_design -rtl verilog -format ip_catalog -output C:/selected_topics_hdmi/pyzq/hw/hls_gray_ip/hls_export 
INFO: [IMPL 213-8] Exporting RTL as a Vivado IP.
INFO: [HLS 200-802] Generated output file hls_export/export.zip
INFO: [HLS 200-111] Finished Command export_design CPU user time: 0 seconds. CPU system time: 0 seconds. Elapsed time: 8.306 seconds; current allocated memory: 7.160 MB.
==============================================================
Vitis HLS - High-Level Synthesis from C, C++ and OpenCL v2023.2 (64-bit)
Tool Version Limit: 2023.10
Copyright 1986-2022 Xilinx, Inc. All Rights Reserved.
Copyright 2022-2023 Advanced Micro Devices, Inc. All Rights Reserved.

==============================================================
INFO: [SYN 201-201] Setting up clock 'default' with a period of 10ns.
INFO: [HLS 200-1611] Setting target device to 'xc7z020-clg400-1'
INFO: [HLS 200-1505] Using flow_target 'vivado'
INFO: [HLS 200-1464] Running solution command: config_export -output=C:/selected_topics_hdmi/pyzq/hw/hls_gray_ip/hls_export
INFO: [HLS 200-1464] Running solution command: config_export -format=ip_catalog
INFO: [HLS 200-1464] Running solution command: config_export -rtl=verilog
INFO: [HLS 200-1510] Running: set_part xc7z020-clg400-1 
INFO: [HLS 200-1510] Running: create_clock -period 10 -name default 
INFO: [HLS 200-1510] Running: config_export -format ip_catalog -output C:/selected_topics_hdmi/pyzq/hw/hls_gray_ip/hls_export -rtl verilog 
INFO: [HLS 200-1510] Running: source ./video_gray_live_prj/solution1/directives.tcl
INFO: [HLS 200-1510] Running: set_directive_top -name video_gray_live video_gray_live 
INFO: [HLS 200-1510] Running: csynth_design 
INFO: [HLS 200-111] Finished File checks and directory preparation: CPU user time: 0 seconds. CPU system time: 0 seconds. Elapsed time: 0.049 seconds; current allocated memory: 109.785 MB.
INFO: [HLS 200-10] Analyzing design file 'video_gray_live.cpp' ... 
INFO: [HLS 200-111] Finished Source Code Analysis and Preprocessing: CPU user time: 0 seconds. CPU system time: 0 seconds. Elapsed time: 3.174 seconds; current allocated memory: 112.000 MB.
INFO: [HLS 200-777] Using interface defaults for 'Vivado' flow target.
INFO: [HLS 200-1995] There were 125 instructions in the design after the 'Compile/Link' phase of compilation. See the Design Size Report for more details: C:/selected_topics_hdmi/pyzq/hw/hls_gray_ip/video_gray_live_prj/solution1/syn/report/csynth_design_size.rpt
INFO: [HLS 200-1995] There were 120 instructions in the design after the 'Unroll/Inline (step 1)' phase of compilation. See the Design Size Report for more details: C:/selected_topics_hdmi/pyzq/hw/hls_gray_ip/video_gray_live_prj/solution1/syn/report/csynth_design_size.rpt
INFO: [HLS 200-1995] There were 105 instructions in the design after the 'Unroll/Inline (step 2)' phase of compilation. See the Design Size Report for more details: C:/selected_topics_hdmi/pyzq/hw/hls_gray_ip/video_gray_live_prj/solution1/syn/report/csynth_design_size.rpt
INFO: [HLS 200-1995] There were 105 instructions in the design after the 'Unroll/Inline (step 3)' phase of compilation. See the Design Size Report for more details: C:/selected_topics_hdmi/pyzq/hw/hls_gray_ip/video_gray_live_prj/solution1/syn/report/csynth_design_size.rpt
INFO: [HLS 200-1995] There were 105 instructions in the design after the 'Unroll/Inline (step 4)' phase of compilation. See the Design Size Report for more details: C:/selected_topics_hdmi/pyzq/hw/hls_gray_ip/video_gray_live_prj/solution1/syn/report/csynth_design_size.rpt
INFO: [HLS 200-1995] There were 105 instructions in the design after the 'Array/Struct (step 1)' phase of compilation. See the Design Size Report for more details: C:/selected_topics_hdmi/pyzq/hw/hls_gray_ip/video_gray_live_prj/solution1/syn/report/csynth_design_size.rpt
INFO: [HLS 200-1995] There were 105 instructions in the design after the 'Array/Struct (step 2)' phase of compilation. See the Design Size Report for more details: C:/selected_topics_hdmi/pyzq/hw/hls_gray_ip/video_gray_live_prj/solution1/syn/report/csynth_design_size.rpt
INFO: [HLS 200-1995] There were 105 instructions in the design after the 'Array/Struct (step 3)' phase of compilation. See the Design Size Report for more details: C:/selected_topics_hdmi/pyzq/hw/hls_gray_ip/video_gray_live_prj/solution1/syn/report/csynth_design_size.rpt
INFO: [HLS 200-1995] There were 105 instructions in the design after the 'Array/Struct (step 4)' phase of compilation. See the Design Size Report for more details: C:/selected_topics_hdmi/pyzq/hw/hls_gray_ip/video_gray_live_prj/solution1/syn/report/csynth_design_size.rpt
INFO: [HLS 200-1995] There were 217 instructions in the design after the 'Array/Struct (step 5)' phase of compilation. See the Design Size Report for more details: C:/selected_topics_hdmi/pyzq/hw/hls_gray_ip/video_gray_live_prj/solution1/syn/report/csynth_design_size.rpt
INFO: [HLS 200-1995] There were 231 instructions in the design after the 'Performance (step 1)' phase of compilation. See the Design Size Report for more details: C:/selected_topics_hdmi/pyzq/hw/hls_gray_ip/video_gray_live_prj/solution1/syn/report/csynth_design_size.rpt
INFO: [HLS 200-1995] There were 217 instructions in the design after the 'Performance (step 2)' phase of compilation. See the Design Size Report for more details: C:/selected_topics_hdmi/pyzq/hw/hls_gray_ip/video_gray_live_prj/solution1/syn/report/csynth_design_size.rpt
INFO: [HLS 200-1995] There were 119 instructions in the design after the 'Performance (step 3)' phase of compilation. See the Design Size Report for more details: C:/selected_topics_hdmi/pyzq/hw/hls_gray_ip/video_gray_live_prj/solution1/syn/report/csynth_design_size.rpt
INFO: [HLS 200-1995] There were 119 instructions in the design after the 'Performance (step 4)' phase of compilation. See the Design Size Report for more details: C:/selected_topics_hdmi/pyzq/hw/hls_gray_ip/video_gray_live_prj/solution1/syn/report/csynth_design_size.rpt
INFO: [HLS 200-1995] There were 79 instructions in the design after the 'HW Transforms (step 1)' phase of compilation. See the Design Size Report for more details: C:/selected_topics_hdmi/pyzq/hw/hls_gray_ip/video_gray_live_prj/solution1/syn/report/csynth_design_size.rpt
INFO: [HLS 200-1995] There were 54 instructions in the design after the 'HW Transforms (step 2)' phase of compilation. See the Design Size Report for more details: C:/selected_topics_hdmi/pyzq/hw/hls_gray_ip/video_gray_live_prj/solution1/syn/report/csynth_design_size.rpt
INFO: [HLS 200-111] Finished Compiling Optimization and Transform: CPU user time: 0 seconds. CPU system time: 0 seconds. Elapsed time: 7.783 seconds; current allocated memory: 114.359 MB.
INFO: [HLS 200-111] Finished Checking Pragmas: CPU user time: 0 seconds. CPU system time: 0 seconds. Elapsed time: 0.002 seconds; current allocated memory: 114.359 MB.
INFO: [HLS 200-10] Starting code transformations ...
INFO: [HLS 200-111] Finished Standard Transforms: CPU user time: 0 seconds. CPU system time: 0 seconds. Elapsed time: 0.113 seconds; current allocated memory: 118.410 MB.
INFO: [HLS 200-10] Checking synthesizability ...
INFO: [HLS 200-111] Finished Checking Synthesizability: CPU user time: 0 seconds. CPU system time: 0 seconds. Elapsed time: 0.03 seconds; current allocated memory: 119.594 MB.
INFO: [HLS 200-111] Finished Loop, function and other optimizations: CPU user time: 0 seconds. CPU system time: 0 seconds. Elapsed time: 0.064 seconds; current allocated memory: 139.840 MB.
WARNING: [XFORM 203-561] 'VITIS_LOOP_15_1' (video_gray_live.cpp:15:19) in function 'video_gray_live' is an infinite loop.
INFO: [HLS 200-111] Finished Architecture Synthesis: CPU user time: 0 seconds. CPU system time: 0 seconds. Elapsed time: 0.065 seconds; current allocated memory: 139.855 MB.
INFO: [HLS 200-10] Starting hardware synthesis ...
INFO: [HLS 200-10] Synthesizing 'video_gray_live' ...
INFO: [HLS 200-10] ----------------------------------------------------------------
INFO: [HLS 200-42] -- Implementing module 'video_gray_live' 
INFO: [HLS 200-10] ----------------------------------------------------------------
INFO: [SCHED 204-11] Starting scheduling ...
INFO: [SCHED 204-61] Pipelining loop 'VITIS_LOOP_15_1'.
INFO: [HLS 200-1470] Pipelining result : Target II = 1, Final II = 1, Depth = 2, loop 'VITIS_LOOP_15_1'
INFO: [SCHED 204-11] Finished scheduling.
INFO: [HLS 200-111] Finished Scheduling: CPU user time: 0 seconds. CPU system time: 0 seconds. Elapsed time: 0.568 seconds; current allocated memory: 139.855 MB.
INFO: [BIND 205-100] Starting micro-architecture generation ...
INFO: [BIND 205-101] Performing variable lifetime analysis.
INFO: [BIND 205-101] Exploring resource sharing.
INFO: [BIND 205-101] Binding ...
INFO: [BIND 205-100] Finished micro-architecture generation.
INFO: [HLS 200-111] Finished Binding: CPU user time: 0 seconds. CPU system time: 0 seconds. Elapsed time: 0.047 seconds; current allocated memory: 139.855 MB.
INFO: [HLS 200-10] ----------------------------------------------------------------
INFO: [HLS 200-10] -- Generating RTL for module 'video_gray_live' 
INFO: [HLS 200-10] ----------------------------------------------------------------
WARNING: [RTGEN 206-101] Design contains AXI ports. Reset is fixed to synchronous and active low.
INFO: [RTGEN 206-500] Setting interface mode on port 'video_gray_live/in_stream_V_data_V' to 'axis' (register, both mode).
INFO: [RTGEN 206-500] Setting interface mode on port 'video_gray_live/in_stream_V_keep_V' to 'axis' (register, both mode).
INFO: [RTGEN 206-500] Setting interface mode on port 'video_gray_live/in_stream_V_strb_V' to 'axis' (register, both mode).
INFO: [RTGEN 206-500] Setting interface mode on port 'video_gray_live/in_stream_V_user_V' to 'axis' (register, both mode).
INFO: [RTGEN 206-500] Setting interface mode on port 'video_gray_live/in_stream_V_last_V' to 'axis' (register, both mode).
INFO: [RTGEN 206-500] Setting interface mode on port 'video_gray_live/in_stream_V_id_V' to 'axis' (register, both mode).
INFO: [RTGEN 206-500] Setting interface mode on port 'video_gray_live/in_stream_V_dest_V' to 'axis' (register, both mode).
INFO: [RTGEN 206-500] Setting interface mode on port 'video_gray_live/out_stream_V_data_V' to 'axis' (register, both mode).
INFO: [RTGEN 206-500] Setting interface mode on port 'video_gray_live/out_stream_V_keep_V' to 'axis' (register, both mode).
INFO: [RTGEN 206-500] Setting interface mode on port 'video_gray_live/out_stream_V_strb_V' to 'axis' (register, both mode).
INFO: [RTGEN 206-500] Setting interface mode on port 'video_gray_live/out_stream_V_user_V' to 'axis' (register, both mode).
INFO: [RTGEN 206-500] Setting interface mode on port 'video_gray_live/out_stream_V_last_V' to 'axis' (register, both mode).
INFO: [RTGEN 206-500] Setting interface mode on port 'video_gray_live/out_stream_V_id_V' to 'axis' (register, both mode).
INFO: [RTGEN 206-500] Setting interface mode on port 'video_gray_live/out_stream_V_dest_V' to 'axis' (register, both mode).
INFO: [RTGEN 206-500] Setting interface mode on function 'video_gray_live' to 'ap_ctrl_none'.
INFO: [RTGEN 206-100] Finished creating RTL model for 'video_gray_live'.
INFO: [HLS 200-111] Finished Creating RTL model: CPU user time: 0 seconds. CPU system time: 0 seconds. Elapsed time: 0.097 seconds; current allocated memory: 141.609 MB.
INFO: [HLS 200-111] Finished Generating all RTL models: CPU user time: 1 seconds. CPU system time: 0 seconds. Elapsed time: 0.337 seconds; current allocated memory: 146.441 MB.
INFO: [HLS 200-111] Finished Updating report files: CPU user time: 0 seconds. CPU system time: 0 seconds. Elapsed time: 0.495 seconds; current allocated memory: 151.098 MB.
INFO: [VHDL 208-304] Generating VHDL RTL for video_gray_live.
INFO: [VLOG 209-307] Generating Verilog RTL for video_gray_live.
INFO: [HLS 200-790] **** Loop Constraint Status: All loop constraints were satisfied.
INFO: [HLS 200-789] **** Estimated Fmax: 500.00 MHz
INFO: [HLS 200-111] Finished Command csynth_design CPU user time: 1 seconds. CPU system time: 0 seconds. Elapsed time: 12.859 seconds; current allocated memory: 41.582 MB.
==============================================================
Vitis HLS - High-Level Synthesis from C, C++ and OpenCL v2023.2 (64-bit)
Tool Version Limit: 2023.10
Copyright 1986-2022 Xilinx, Inc. All Rights Reserved.
Copyright 2022-2023 Advanced Micro Devices, Inc. All Rights Reserved.

==============================================================
INFO: [SYN 201-201] Setting up clock 'default' with a period of 10ns.
INFO: [HLS 200-1611] Setting target device to 'xc7z020-clg400-1'
INFO: [HLS 200-1505] Using flow_target 'vivado'
INFO: [HLS 200-1464] Running solution command: config_export -format=ip_catalog
INFO: [HLS 200-1464] Running solution command: config_export -output=C:/selected_topics_hdmi/pyzq/hw/hls_gray_ip/hls_export
INFO: [HLS 200-1464] Running solution command: config_export -rtl=verilog
INFO: [HLS 200-1510] Running: set_part xc7z020-clg400-1 
INFO: [HLS 200-1510] Running: create_clock -period 10 -name default 
INFO: [HLS 200-1510] Running: config_export -format ip_catalog -output C:/selected_topics_hdmi/pyzq/hw/hls_gray_ip/hls_export -rtl verilog 
INFO: [HLS 200-1510] Running: source ./video_gray_live_prj/solution1/directives.tcl
INFO: [HLS 200-1510] Running: set_directive_top -name video_gray_live video_gray_live 
INFO: [HLS 200-1510] Running: export_design -rtl verilog -format ip_catalog -output C:/selected_topics_hdmi/pyzq/hw/hls_gray_ip/hls_export 
INFO: [IMPL 213-8] Exporting RTL as a Vivado IP.
INFO: [HLS 200-802] Generated output file hls_export/export.zip
INFO: [HLS 200-111] Finished Command export_design CPU user time: 0 seconds. CPU system time: 1 seconds. Elapsed time: 6.936 seconds; current allocated memory: 7.305 MB.
==============================================================
Vitis HLS - High-Level Synthesis from C, C++ and OpenCL v2023.2 (64-bit)
Tool Version Limit: 2023.10
Copyright 1986-2022 Xilinx, Inc. All Rights Reserved.
Copyright 2022-2023 Advanced Micro Devices, Inc. All Rights Reserved.

==============================================================
INFO: [SYN 201-201] Setting up clock 'default' with a period of 10ns.
INFO: [HLS 200-1611] Setting target device to 'xc7z020-clg400-1'
INFO: [HLS 200-1505] Using flow_target 'vivado'
INFO: [HLS 200-1464] Running solution command: config_export -format=ip_catalog
INFO: [HLS 200-1464] Running solution command: config_export -output=C:/selected_topics_hdmi/pyzq/hw/hls_gray_ip/hls_export
INFO: [HLS 200-1464] Running solution command: config_export -rtl=verilog
INFO: [HLS 200-1510] Running: set_part xc7z020-clg400-1 
INFO: [HLS 200-1510] Running: create_clock -period 10 -name default 
INFO: [HLS 200-1510] Running: config_export -format ip_catalog -output C:/selected_topics_hdmi/pyzq/hw/hls_gray_ip/hls_export -rtl verilog 
INFO: [HLS 200-1510] Running: source ./video_gray_live_prj/solution1/directives.tcl
INFO: [HLS 200-1510] Running: set_directive_top -name video_gray_live video_gray_live 
INFO: [HLS 200-1510] Running: csynth_design 
INFO: [HLS 200-111] Finished File checks and directory preparation: CPU user time: 0 seconds. CPU system time: 0 seconds. Elapsed time: 0.061 seconds; current allocated memory: 109.656 MB.
INFO: [HLS 200-10] Analyzing design file 'video_gray_live.cpp' ... 
INFO: [HLS 200-111] Finished Source Code Analysis and Preprocessing: CPU user time: 0 seconds. CPU system time: 1 seconds. Elapsed time: 3.146 seconds; current allocated memory: 111.676 MB.
INFO: [HLS 200-777] Using interface defaults for 'Vivado' flow target.
INFO: [HLS 200-1995] There were 351 instructions in the design after the 'Compile/Link' phase of compilation. See the Design Size Report for more details: C:/selected_topics_hdmi/pyzq/hw/hls_gray_ip/video_gray_live_prj/solution1/syn/report/csynth_design_size.rpt
INFO: [HLS 200-1995] There were 137 instructions in the design after the 'Unroll/Inline (step 1)' phase of compilation. See the Design Size Report for more details: C:/selected_topics_hdmi/pyzq/hw/hls_gray_ip/video_gray_live_prj/solution1/syn/report/csynth_design_size.rpt
INFO: [HLS 200-1995] There were 108 instructions in the design after the 'Unroll/Inline (step 2)' phase of compilation. See the Design Size Report for more details: C:/selected_topics_hdmi/pyzq/hw/hls_gray_ip/video_gray_live_prj/solution1/syn/report/csynth_design_size.rpt
INFO: [HLS 200-1995] There were 107 instructions in the design after the 'Unroll/Inline (step 3)' phase of compilation. See the Design Size Report for more details: C:/selected_topics_hdmi/pyzq/hw/hls_gray_ip/video_gray_live_prj/solution1/syn/report/csynth_design_size.rpt
INFO: [HLS 200-1995] There were 107 instructions in the design after the 'Unroll/Inline (step 4)' phase of compilation. See the Design Size Report for more details: C:/selected_topics_hdmi/pyzq/hw/hls_gray_ip/video_gray_live_prj/solution1/syn/report/csynth_design_size.rpt
INFO: [HLS 200-1995] There were 107 instructions in the design after the 'Array/Struct (step 1)' phase of compilation. See the Design Size Report for more details: C:/selected_topics_hdmi/pyzq/hw/hls_gray_ip/video_gray_live_prj/solution1/syn/report/csynth_design_size.rpt
INFO: [HLS 200-1995] There were 107 instructions in the design after the 'Array/Struct (step 2)' phase of compilation. See the Design Size Report for more details: C:/selected_topics_hdmi/pyzq/hw/hls_gray_ip/video_gray_live_prj/solution1/syn/report/csynth_design_size.rpt
INFO: [HLS 200-1995] There were 107 instructions in the design after the 'Array/Struct (step 3)' phase of compilation. See the Design Size Report for more details: C:/selected_topics_hdmi/pyzq/hw/hls_gray_ip/video_gray_live_prj/solution1/syn/report/csynth_design_size.rpt
INFO: [HLS 200-1995] There were 107 instructions in the design after the 'Array/Struct (step 4)' phase of compilation. See the Design Size Report for more details: C:/selected_topics_hdmi/pyzq/hw/hls_gray_ip/video_gray_live_prj/solution1/syn/report/csynth_design_size.rpt
INFO: [HLS 200-1995] There were 219 instructions in the design after the 'Array/Struct (step 5)' phase of compilation. See the Design Size Report for more details: C:/selected_topics_hdmi/pyzq/hw/hls_gray_ip/video_gray_live_prj/solution1/syn/report/csynth_design_size.rpt
INFO: [HLS 200-1995] There were 233 instructions in the design after the 'Performance (step 1)' phase of compilation. See the Design Size Report for more details: C:/selected_topics_hdmi/pyzq/hw/hls_gray_ip/video_gray_live_prj/solution1/syn/report/csynth_design_size.rpt
INFO: [HLS 200-1995] There were 219 instructions in the design after the 'Performance (step 2)' phase of compilation. See the Design Size Report for more details: C:/selected_topics_hdmi/pyzq/hw/hls_gray_ip/video_gray_live_prj/solution1/syn/report/csynth_design_size.rpt
INFO: [HLS 200-1995] There were 121 instructions in the design after the 'Performance (step 3)' phase of compilation. See the Design Size Report for more details: C:/selected_topics_hdmi/pyzq/hw/hls_gray_ip/video_gray_live_prj/solution1/syn/report/csynth_design_size.rpt
INFO: [HLS 200-1995] There were 121 instructions in the design after the 'Performance (step 4)' phase of compilation. See the Design Size Report for more details: C:/selected_topics_hdmi/pyzq/hw/hls_gray_ip/video_gray_live_prj/solution1/syn/report/csynth_design_size.rpt
INFO: [HLS 200-1995] There were 81 instructions in the design after the 'HW Transforms (step 1)' phase of compilation. See the Design Size Report for more details: C:/selected_topics_hdmi/pyzq/hw/hls_gray_ip/video_gray_live_prj/solution1/syn/report/csynth_design_size.rpt
INFO: [HLS 200-1995] There were 56 instructions in the design after the 'HW Transforms (step 2)' phase of compilation. See the Design Size Report for more details: C:/selected_topics_hdmi/pyzq/hw/hls_gray_ip/video_gray_live_prj/solution1/syn/report/csynth_design_size.rpt
INFO: [HLS 200-111] Finished Compiling Optimization and Transform: CPU user time: 0 seconds. CPU system time: 0 seconds. Elapsed time: 7.983 seconds; current allocated memory: 114.066 MB.
INFO: [HLS 200-111] Finished Checking Pragmas: CPU user time: 0 seconds. CPU system time: 0 seconds. Elapsed time: 0.002 seconds; current allocated memory: 114.066 MB.
INFO: [HLS 200-10] Starting code transformations ...
INFO: [HLS 200-111] Finished Standard Transforms: CPU user time: 0 seconds. CPU system time: 0 seconds. Elapsed time: 0.11 seconds; current allocated memory: 118.184 MB.
INFO: [HLS 200-10] Checking synthesizability ...
INFO: [HLS 200-111] Finished Checking Synthesizability: CPU user time: 0 seconds. CPU system time: 0 seconds. Elapsed time: 0.027 seconds; current allocated memory: 119.582 MB.
INFO: [HLS 200-111] Finished Loop, function and other optimizations: CPU user time: 0 seconds. CPU system time: 0 seconds. Elapsed time: 0.066 seconds; current allocated memory: 140.582 MB.
WARNING: [XFORM 203-561] 'VITIS_LOOP_15_1' (video_gray_live.cpp:15:19) in function 'video_gray_live' is an infinite loop.
INFO: [HLS 200-111] Finished Architecture Synthesis: CPU user time: 0 seconds. CPU system time: 0 seconds. Elapsed time: 0.064 seconds; current allocated memory: 140.594 MB.
INFO: [HLS 200-10] Starting hardware synthesis ...
INFO: [HLS 200-10] Synthesizing 'video_gray_live' ...
INFO: [HLS 200-10] ----------------------------------------------------------------
INFO: [HLS 200-42] -- Implementing module 'video_gray_live' 
INFO: [HLS 200-10] ----------------------------------------------------------------
INFO: [SCHED 204-11] Starting scheduling ...
INFO: [SCHED 204-61] Pipelining loop 'VITIS_LOOP_15_1'.
INFO: [HLS 200-1470] Pipelining result : Target II = 1, Final II = 1, Depth = 2, loop 'VITIS_LOOP_15_1'
INFO: [SCHED 204-11] Finished scheduling.
INFO: [HLS 200-111] Finished Scheduling: CPU user time: 0 seconds. CPU system time: 0 seconds. Elapsed time: 0.403 seconds; current allocated memory: 140.594 MB.
INFO: [BIND 205-100] Starting micro-architecture generation ...
INFO: [BIND 205-101] Performing variable lifetime analysis.
INFO: [BIND 205-101] Exploring resource sharing.
INFO: [BIND 205-101] Binding ...
INFO: [BIND 205-100] Finished micro-architecture generation.
INFO: [HLS 200-111] Finished Binding: CPU user time: 0 seconds. CPU system time: 0 seconds. Elapsed time: 0.159 seconds; current allocated memory: 140.594 MB.
INFO: [HLS 200-10] ----------------------------------------------------------------
INFO: [HLS 200-10] -- Generating RTL for module 'video_gray_live' 
INFO: [HLS 200-10] ----------------------------------------------------------------
WARNING: [RTGEN 206-101] Design contains AXI ports. Reset is fixed to synchronous and active low.
INFO: [RTGEN 206-500] Setting interface mode on port 'video_gray_live/in_stream_V_data_V' to 'axis' (register, both mode).
INFO: [RTGEN 206-500] Setting interface mode on port 'video_gray_live/in_stream_V_keep_V' to 'axis' (register, both mode).
INFO: [RTGEN 206-500] Setting interface mode on port 'video_gray_live/in_stream_V_strb_V' to 'axis' (register, both mode).
INFO: [RTGEN 206-500] Setting interface mode on port 'video_gray_live/in_stream_V_user_V' to 'axis' (register, both mode).
INFO: [RTGEN 206-500] Setting interface mode on port 'video_gray_live/in_stream_V_last_V' to 'axis' (register, both mode).
INFO: [RTGEN 206-500] Setting interface mode on port 'video_gray_live/in_stream_V_id_V' to 'axis' (register, both mode).
INFO: [RTGEN 206-500] Setting interface mode on port 'video_gray_live/in_stream_V_dest_V' to 'axis' (register, both mode).
INFO: [RTGEN 206-500] Setting interface mode on port 'video_gray_live/out_stream_V_data_V' to 'axis' (register, both mode).
INFO: [RTGEN 206-500] Setting interface mode on port 'video_gray_live/out_stream_V_keep_V' to 'axis' (register, both mode).
INFO: [RTGEN 206-500] Setting interface mode on port 'video_gray_live/out_stream_V_strb_V' to 'axis' (register, both mode).
INFO: [RTGEN 206-500] Setting interface mode on port 'video_gray_live/out_stream_V_user_V' to 'axis' (register, both mode).
INFO: [RTGEN 206-500] Setting interface mode on port 'video_gray_live/out_stream_V_last_V' to 'axis' (register, both mode).
INFO: [RTGEN 206-500] Setting interface mode on port 'video_gray_live/out_stream_V_id_V' to 'axis' (register, both mode).
INFO: [RTGEN 206-500] Setting interface mode on port 'video_gray_live/out_stream_V_dest_V' to 'axis' (register, both mode).
INFO: [RTGEN 206-500] Setting interface mode on function 'video_gray_live' to 'ap_ctrl_none'.
INFO: [RTGEN 206-100] Finished creating RTL model for 'video_gray_live'.
INFO: [HLS 200-111] Finished Creating RTL model: CPU user time: 0 seconds. CPU system time: 0 seconds. Elapsed time: 0.093 seconds; current allocated memory: 141.828 MB.
INFO: [HLS 200-111] Finished Generating all RTL models: CPU user time: 1 seconds. CPU system time: 0 seconds. Elapsed time: 0.368 seconds; current allocated memory: 146.555 MB.
INFO: [HLS 200-111] Finished Updating report files: CPU user time: 0 seconds. CPU system time: 0 seconds. Elapsed time: 0.488 seconds; current allocated memory: 151.051 MB.
INFO: [VHDL 208-304] Generating VHDL RTL for video_gray_live.
INFO: [VLOG 209-307] Generating Verilog RTL for video_gray_live.
INFO: [HLS 200-790] **** Loop Constraint Status: All loop constraints were satisfied.
INFO: [HLS 200-789] **** Estimated Fmax: 500.00 MHz
INFO: [HLS 200-111] Finished Command csynth_design CPU user time: 1 seconds. CPU system time: 1 seconds. Elapsed time: 13 seconds; current allocated memory: 41.723 MB.
==============================================================
Vitis HLS - High-Level Synthesis from C, C++ and OpenCL v2023.2 (64-bit)
Tool Version Limit: 2023.10
Copyright 1986-2022 Xilinx, Inc. All Rights Reserved.
Copyright 2022-2023 Advanced Micro Devices, Inc. All Rights Reserved.

==============================================================
INFO: [SYN 201-201] Setting up clock 'default' with a period of 10ns.
INFO: [HLS 200-1611] Setting target device to 'xc7z020-clg400-1'
INFO: [HLS 200-1505] Using flow_target 'vivado'
INFO: [HLS 200-1464] Running solution command: config_export -format=ip_catalog
INFO: [HLS 200-1464] Running solution command: config_export -output=C:/selected_topics_hdmi/pyzq/hw/hls_gray_ip/hls_export
INFO: [HLS 200-1464] Running solution command: config_export -rtl=verilog
INFO: [HLS 200-1510] Running: set_part xc7z020-clg400-1 
INFO: [HLS 200-1510] Running: create_clock -period 10 -name default 
INFO: [HLS 200-1510] Running: config_export -format ip_catalog -output C:/selected_topics_hdmi/pyzq/hw/hls_gray_ip/hls_export -rtl verilog 
INFO: [HLS 200-1510] Running: source ./video_gray_live_prj/solution1/directives.tcl
INFO: [HLS 200-1510] Running: set_directive_top -name video_gray_live video_gray_live 
INFO: [HLS 200-1510] Running: export_design -rtl verilog -format ip_catalog -output C:/selected_topics_hdmi/pyzq/hw/hls_gray_ip/hls_export 
INFO: [IMPL 213-8] Exporting RTL as a Vivado IP.
INFO: [HLS 200-802] Generated output file hls_export/export.zip
INFO: [HLS 200-111] Finished Command export_design CPU user time: 0 seconds. CPU system time: 0 seconds. Elapsed time: 10.329 seconds; current allocated memory: 7.262 MB.
==============================================================
Vitis HLS - High-Level Synthesis from C, C++ and OpenCL v2023.2 (64-bit)
Tool Version Limit: 2023.10
Copyright 1986-2022 Xilinx, Inc. All Rights Reserved.
Copyright 2022-2023 Advanced Micro Devices, Inc. All Rights Reserved.

==============================================================
INFO: [SYN 201-201] Setting up clock 'default' with a period of 10ns.
INFO: [HLS 200-1611] Setting target device to 'xc7z020-clg400-1'
INFO: [HLS 200-1505] Using flow_target 'vivado'
INFO: [HLS 200-1464] Running solution command: config_export -format=ip_catalog
INFO: [HLS 200-1464] Running solution command: config_export -output=C:/selected_topics_hdmi/pyzq/hw/hls_gray_ip/hls_export
INFO: [HLS 200-1464] Running solution command: config_export -rtl=verilog
INFO: [HLS 200-1510] Running: set_part xc7z020-clg400-1 
INFO: [HLS 200-1510] Running: create_clock -period 10 -name default 
INFO: [HLS 200-1510] Running: config_export -format ip_catalog -output C:/selected_topics_hdmi/pyzq/hw/hls_gray_ip/hls_export -rtl verilog 
INFO: [HLS 200-1510] Running: source ./video_gray_live_prj/solution1/directives.tcl
INFO: [HLS 200-1510] Running: set_directive_top -name video_gray_live video_gray_live 
INFO: [HLS 200-1510] Running: csynth_design 
INFO: [HLS 200-111] Finished File checks and directory preparation: CPU user time: 0 seconds. CPU system time: 0 seconds. Elapsed time: 0.046 seconds; current allocated memory: 110.707 MB.
INFO: [HLS 200-10] Analyzing design file 'video_gray_live.cpp' ... 
INFO: [HLS 200-111] Finished Source Code Analysis and Preprocessing: CPU user time: 0 seconds. CPU system time: 0 seconds. Elapsed time: 2.95 seconds; current allocated memory: 112.871 MB.
INFO: [HLS 200-777] Using interface defaults for 'Vivado' flow target.
INFO: [HLS 200-1995] There were 737 instructions in the design after the 'Compile/Link' phase of compilation. See the Design Size Report for more details: C:/selected_topics_hdmi/pyzq/hw/hls_gray_ip/video_gray_live_prj/solution1/syn/report/csynth_design_size.rpt
INFO: [HLS 200-1995] There were 162 instructions in the design after the 'Unroll/Inline (step 1)' phase of compilation. See the Design Size Report for more details: C:/selected_topics_hdmi/pyzq/hw/hls_gray_ip/video_gray_live_prj/solution1/syn/report/csynth_design_size.rpt
INFO: [HLS 200-1995] There were 129 instructions in the design after the 'Unroll/Inline (step 2)' phase of compilation. See the Design Size Report for more details: C:/selected_topics_hdmi/pyzq/hw/hls_gray_ip/video_gray_live_prj/solution1/syn/report/csynth_design_size.rpt
INFO: [HLS 200-1995] There were 127 instructions in the design after the 'Unroll/Inline (step 3)' phase of compilation. See the Design Size Report for more details: C:/selected_topics_hdmi/pyzq/hw/hls_gray_ip/video_gray_live_prj/solution1/syn/report/csynth_design_size.rpt
INFO: [HLS 200-1995] There were 125 instructions in the design after the 'Unroll/Inline (step 4)' phase of compilation. See the Design Size Report for more details: C:/selected_topics_hdmi/pyzq/hw/hls_gray_ip/video_gray_live_prj/solution1/syn/report/csynth_design_size.rpt
INFO: [HLS 200-1995] There were 125 instructions in the design after the 'Array/Struct (step 1)' phase of compilation. See the Design Size Report for more details: C:/selected_topics_hdmi/pyzq/hw/hls_gray_ip/video_gray_live_prj/solution1/syn/report/csynth_design_size.rpt
INFO: [HLS 200-1995] There were 125 instructions in the design after the 'Array/Struct (step 2)' phase of compilation. See the Design Size Report for more details: C:/selected_topics_hdmi/pyzq/hw/hls_gray_ip/video_gray_live_prj/solution1/syn/report/csynth_design_size.rpt
INFO: [HLS 200-1995] There were 125 instructions in the design after the 'Array/Struct (step 3)' phase of compilation. See the Design Size Report for more details: C:/selected_topics_hdmi/pyzq/hw/hls_gray_ip/video_gray_live_prj/solution1/syn/report/csynth_design_size.rpt
INFO: [HLS 200-1995] There were 125 instructions in the design after the 'Array/Struct (step 4)' phase of compilation. See the Design Size Report for more details: C:/selected_topics_hdmi/pyzq/hw/hls_gray_ip/video_gray_live_prj/solution1/syn/report/csynth_design_size.rpt
INFO: [HLS 200-1995] There were 237 instructions in the design after the 'Array/Struct (step 5)' phase of compilation. See the Design Size Report for more details: C:/selected_topics_hdmi/pyzq/hw/hls_gray_ip/video_gray_live_prj/solution1/syn/report/csynth_design_size.rpt
INFO: [HLS 200-1995] There were 251 instructions in the design after the 'Performance (step 1)' phase of compilation. See the Design Size Report for more details: C:/selected_topics_hdmi/pyzq/hw/hls_gray_ip/video_gray_live_prj/solution1/syn/report/csynth_design_size.rpt
INFO: [HLS 200-1995] There were 237 instructions in the design after the 'Performance (step 2)' phase of compilation. See the Design Size Report for more details: C:/selected_topics_hdmi/pyzq/hw/hls_gray_ip/video_gray_live_prj/solution1/syn/report/csynth_design_size.rpt
INFO: [HLS 200-1995] There were 139 instructions in the design after the 'Performance (step 3)' phase of compilation. See the Design Size Report for more details: C:/selected_topics_hdmi/pyzq/hw/hls_gray_ip/video_gray_live_prj/solution1/syn/report/csynth_design_size.rpt
INFO: [HLS 200-1995] There were 139 instructions in the design after the 'Performance (step 4)' phase of compilation. See the Design Size Report for more details: C:/selected_topics_hdmi/pyzq/hw/hls_gray_ip/video_gray_live_prj/solution1/syn/report/csynth_design_size.rpt
INFO: [HLS 200-1995] There were 99 instructions in the design after the 'HW Transforms (step 1)' phase of compilation. See the Design Size Report for more details: C:/selected_topics_hdmi/pyzq/hw/hls_gray_ip/video_gray_live_prj/solution1/syn/report/csynth_design_size.rpt
INFO: [HLS 200-1995] There were 74 instructions in the design after the 'HW Transforms (step 2)' phase of compilation. See the Design Size Report for more details: C:/selected_topics_hdmi/pyzq/hw/hls_gray_ip/video_gray_live_prj/solution1/syn/report/csynth_design_size.rpt
INFO: [HLS 200-111] Finished Compiling Optimization and Transform: CPU user time: 0 seconds. CPU system time: 0 seconds. Elapsed time: 8.057 seconds; current allocated memory: 114.980 MB.
INFO: [HLS 200-111] Finished Checking Pragmas: CPU user time: 0 seconds. CPU system time: 0 seconds. Elapsed time: 0.001 seconds; current allocated memory: 114.980 MB.
INFO: [HLS 200-10] Starting code transformations ...
INFO: [HLS 200-111] Finished Standard Transforms: CPU user time: 0 seconds. CPU system time: 0 seconds. Elapsed time: 0.085 seconds; current allocated memory: 119.379 MB.
INFO: [HLS 200-10] Checking synthesizability ...
INFO: [HLS 200-111] Finished Checking Synthesizability: CPU user time: 0 seconds. CPU system time: 0 seconds. Elapsed time: 0.021 seconds; current allocated memory: 120.812 MB.
INFO: [HLS 200-111] Finished Loop, function and other optimizations: CPU user time: 0 seconds. CPU system time: 0 seconds. Elapsed time: 0.045 seconds; current allocated memory: 142.164 MB.
WARNING: [XFORM 203-561] 'VITIS_LOOP_15_1' (video_gray_live.cpp:15:19) in function 'video_gray_live' is an infinite loop.
INFO: [HLS 200-111] Finished Architecture Synthesis: CPU user time: 0 seconds. CPU system time: 0 seconds. Elapsed time: 0.042 seconds; current allocated memory: 142.184 MB.
INFO: [HLS 200-10] Starting hardware synthesis ...
INFO: [HLS 200-10] Synthesizing 'video_gray_live' ...
INFO: [HLS 200-10] ----------------------------------------------------------------
INFO: [HLS 200-42] -- Implementing module 'video_gray_live' 
INFO: [HLS 200-10] ----------------------------------------------------------------
INFO: [SCHED 204-11] Starting scheduling ...
INFO: [HLS 200-486] Changing DSP latency (root=mul_ln25) to 3 in order to utilize available DSP registers.
INFO: [SCHED 204-61] Pipelining loop 'VITIS_LOOP_15_1'.
INFO: [HLS 200-1470] Pipelining result : Target II = 1, Final II = 1, Depth = 5, loop 'VITIS_LOOP_15_1'
INFO: [SCHED 204-11] Finished scheduling.
INFO: [HLS 200-111] Finished Scheduling: CPU user time: 0 seconds. CPU system time: 0 seconds. Elapsed time: 0.596 seconds; current allocated memory: 142.184 MB.
INFO: [BIND 205-100] Starting micro-architecture generation ...
INFO: [BIND 205-101] Performing variable lifetime analysis.
INFO: [BIND 205-101] Exploring resource sharing.
INFO: [BIND 205-101] Binding ...
INFO: [BIND 205-100] Finished micro-architecture generation.
INFO: [HLS 200-111] Finished Binding: CPU user time: 0 seconds. CPU system time: 0 seconds. Elapsed time: 0.032 seconds; current allocated memory: 142.184 MB.
INFO: [HLS 200-10] ----------------------------------------------------------------
INFO: [HLS 200-10] -- Generating RTL for module 'video_gray_live' 
INFO: [HLS 200-10] ----------------------------------------------------------------
WARNING: [RTGEN 206-101] Design contains AXI ports. Reset is fixed to synchronous and active low.
INFO: [RTGEN 206-500] Setting interface mode on port 'video_gray_live/in_stream_V_data_V' to 'axis' (register, both mode).
INFO: [RTGEN 206-500] Setting interface mode on port 'video_gray_live/in_stream_V_keep_V' to 'axis' (register, both mode).
INFO: [RTGEN 206-500] Setting interface mode on port 'video_gray_live/in_stream_V_strb_V' to 'axis' (register, both mode).
INFO: [RTGEN 206-500] Setting interface mode on port 'video_gray_live/in_stream_V_user_V' to 'axis' (register, both mode).
INFO: [RTGEN 206-500] Setting interface mode on port 'video_gray_live/in_stream_V_last_V' to 'axis' (register, both mode).
INFO: [RTGEN 206-500] Setting interface mode on port 'video_gray_live/in_stream_V_id_V' to 'axis' (register, both mode).
INFO: [RTGEN 206-500] Setting interface mode on port 'video_gray_live/in_stream_V_dest_V' to 'axis' (register, both mode).
INFO: [RTGEN 206-500] Setting interface mode on port 'video_gray_live/out_stream_V_data_V' to 'axis' (register, both mode).
INFO: [RTGEN 206-500] Setting interface mode on port 'video_gray_live/out_stream_V_keep_V' to 'axis' (register, both mode).
INFO: [RTGEN 206-500] Setting interface mode on port 'video_gray_live/out_stream_V_strb_V' to 'axis' (register, both mode).
INFO: [RTGEN 206-500] Setting interface mode on port 'video_gray_live/out_stream_V_user_V' to 'axis' (register, both mode).
INFO: [RTGEN 206-500] Setting interface mode on port 'video_gray_live/out_stream_V_last_V' to 'axis' (register, both mode).
INFO: [RTGEN 206-500] Setting interface mode on port 'video_gray_live/out_stream_V_id_V' to 'axis' (register, both mode).
INFO: [RTGEN 206-500] Setting interface mode on port 'video_gray_live/out_stream_V_dest_V' to 'axis' (register, both mode).
INFO: [RTGEN 206-500] Setting interface mode on function 'video_gray_live' to 'ap_ctrl_none'.
INFO: [RTGEN 206-100] Generating core module 'am_addmul_9ns_8ns_11ns_21_4_1': 1 instance(s).
INFO: [RTGEN 206-100] Finished creating RTL model for 'video_gray_live'.
INFO: [HLS 200-111] Finished Creating RTL model: CPU user time: 0 seconds. CPU system time: 0 seconds. Elapsed time: 0.069 seconds; current allocated memory: 144.523 MB.
INFO: [HLS 200-111] Finished Generating all RTL models: CPU user time: 1 seconds. CPU system time: 0 seconds. Elapsed time: 0.253 seconds; current allocated memory: 149.730 MB.
INFO: [HLS 200-111] Finished Updating report files: CPU user time: 0 seconds. CPU system time: 0 seconds. Elapsed time: 0.258 seconds; current allocated memory: 154.840 MB.
INFO: [VHDL 208-304] Generating VHDL RTL for video_gray_live.
INFO: [VLOG 209-307] Generating Verilog RTL for video_gray_live.
INFO: [HLS 200-790] **** Loop Constraint Status: All loop constraints were satisfied.
INFO: [HLS 200-789] **** Estimated Fmax: 160.90 MHz
INFO: [HLS 200-111] Finished Command csynth_design CPU user time: 1 seconds. CPU system time: 0 seconds. Elapsed time: 12.473 seconds; current allocated memory: 44.512 MB.
==============================================================
Vitis HLS - High-Level Synthesis from C, C++ and OpenCL v2023.2 (64-bit)
Tool Version Limit: 2023.10
Copyright 1986-2022 Xilinx, Inc. All Rights Reserved.
Copyright 2022-2023 Advanced Micro Devices, Inc. All Rights Reserved.

==============================================================
INFO: [SYN 201-201] Setting up clock 'default' with a period of 10ns.
INFO: [HLS 200-1611] Setting target device to 'xc7z020-clg400-1'
INFO: [HLS 200-1505] Using flow_target 'vivado'
INFO: [HLS 200-1464] Running solution command: config_export -format=ip_catalog
INFO: [HLS 200-1464] Running solution command: config_export -output=C:/selected_topics_hdmi/pyzq/hw/hls_gray_ip/hls_export/myip
INFO: [HLS 200-1464] Running solution command: config_export -rtl=verilog
INFO: [HLS 200-1510] Running: set_part xc7z020-clg400-1 
INFO: [HLS 200-1510] Running: create_clock -period 10 -name default 
INFO: [HLS 200-1510] Running: config_export -format ip_catalog -output C:/selected_topics_hdmi/pyzq/hw/hls_gray_ip/hls_export/myip -rtl verilog 
INFO: [HLS 200-1510] Running: source ./video_gray_live_prj/solution1/directives.tcl
INFO: [HLS 200-1510] Running: set_directive_top -name video_gray_live video_gray_live 
INFO: [HLS 200-1510] Running: export_design -rtl verilog -format ip_catalog -output C:/selected_topics_hdmi/pyzq/hw/hls_gray_ip/hls_export/myip 
INFO: [IMPL 213-8] Exporting RTL as a Vivado IP.
INFO: [HLS 200-802] Generated output file hls_export/myip/export.zip
INFO: [HLS 200-111] Finished Command export_design CPU user time: 0 seconds. CPU system time: 0 seconds. Elapsed time: 9.31 seconds; current allocated memory: 7.676 MB.
==============================================================
Vitis HLS - High-Level Synthesis from C, C++ and OpenCL v2023.2 (64-bit)
Tool Version Limit: 2023.10
Copyright 1986-2022 Xilinx, Inc. All Rights Reserved.
Copyright 2022-2023 Advanced Micro Devices, Inc. All Rights Reserved.

==============================================================
INFO: [SYN 201-201] Setting up clock 'default' with a period of 10ns.
INFO: [HLS 200-1611] Setting target device to 'xc7z020-clg400-1'
INFO: [HLS 200-1505] Using flow_target 'vivado'
INFO: [HLS 200-1464] Running solution command: config_export -format=ip_catalog
INFO: [HLS 200-1464] Running solution command: config_export -output=C:/selected_topics_hdmi/pyzq/hw/hls_gray_ip/hls_export/myip
INFO: [HLS 200-1464] Running solution command: config_export -rtl=verilog
INFO: [HLS 200-1510] Running: set_part xc7z020-clg400-1 
INFO: [HLS 200-1510] Running: create_clock -period 10 -name default 
INFO: [HLS 200-1510] Running: config_export -format ip_catalog -output C:/selected_topics_hdmi/pyzq/hw/hls_gray_ip/hls_export/myip -rtl verilog 
INFO: [HLS 200-1510] Running: source ./video_gray_live_prj/solution1/directives.tcl
INFO: [HLS 200-1510] Running: set_directive_top -name video_gray_live video_gray_live 
INFO: [HLS 200-1510] Running: csynth_design 
INFO: [HLS 200-111] Finished File checks and directory preparation: CPU user time: 0 seconds. CPU system time: 0 seconds. Elapsed time: 0.046 seconds; current allocated memory: 109.480 MB.
INFO: [HLS 200-10] Analyzing design file 'video_gray_live.cpp' ... 
INFO: [HLS 200-111] Finished Source Code Analysis and Preprocessing: CPU user time: 0 seconds. CPU system time: 0 seconds. Elapsed time: 2.569 seconds; current allocated memory: 111.512 MB.
INFO: [HLS 200-777] Using interface defaults for 'Vivado' flow target.
INFO: [HLS 200-1995] There were 778 instructions in the design after the 'Compile/Link' phase of compilation. See the Design Size Report for more details: C:/selected_topics_hdmi/pyzq/hw/hls_gray_ip/video_gray_live_prj/solution1/syn/report/csynth_design_size.rpt
INFO: [HLS 200-1995] There were 166 instructions in the design after the 'Unroll/Inline (step 1)' phase of compilation. See the Design Size Report for more details: C:/selected_topics_hdmi/pyzq/hw/hls_gray_ip/video_gray_live_prj/solution1/syn/report/csynth_design_size.rpt
INFO: [HLS 200-1995] There were 133 instructions in the design after the 'Unroll/Inline (step 2)' phase of compilation. See the Design Size Report for more details: C:/selected_topics_hdmi/pyzq/hw/hls_gray_ip/video_gray_live_prj/solution1/syn/report/csynth_design_size.rpt
INFO: [HLS 200-1995] There were 130 instructions in the design after the 'Unroll/Inline (step 3)' phase of compilation. See the Design Size Report for more details: C:/selected_topics_hdmi/pyzq/hw/hls_gray_ip/video_gray_live_prj/solution1/syn/report/csynth_design_size.rpt
INFO: [HLS 200-1995] There were 128 instructions in the design after the 'Unroll/Inline (step 4)' phase of compilation. See the Design Size Report for more details: C:/selected_topics_hdmi/pyzq/hw/hls_gray_ip/video_gray_live_prj/solution1/syn/report/csynth_design_size.rpt
INFO: [HLS 200-1995] There were 128 instructions in the design after the 'Array/Struct (step 1)' phase of compilation. See the Design Size Report for more details: C:/selected_topics_hdmi/pyzq/hw/hls_gray_ip/video_gray_live_prj/solution1/syn/report/csynth_design_size.rpt
INFO: [HLS 200-1995] There were 128 instructions in the design after the 'Array/Struct (step 2)' phase of compilation. See the Design Size Report for more details: C:/selected_topics_hdmi/pyzq/hw/hls_gray_ip/video_gray_live_prj/solution1/syn/report/csynth_design_size.rpt
INFO: [HLS 200-1995] There were 128 instructions in the design after the 'Array/Struct (step 3)' phase of compilation. See the Design Size Report for more details: C:/selected_topics_hdmi/pyzq/hw/hls_gray_ip/video_gray_live_prj/solution1/syn/report/csynth_design_size.rpt
INFO: [HLS 200-1995] There were 128 instructions in the design after the 'Array/Struct (step 4)' phase of compilation. See the Design Size Report for more details: C:/selected_topics_hdmi/pyzq/hw/hls_gray_ip/video_gray_live_prj/solution1/syn/report/csynth_design_size.rpt
INFO: [HLS 200-1995] There were 240 instructions in the design after the 'Array/Struct (step 5)' phase of compilation. See the Design Size Report for more details: C:/selected_topics_hdmi/pyzq/hw/hls_gray_ip/video_gray_live_prj/solution1/syn/report/csynth_design_size.rpt
INFO: [HLS 200-1995] There were 254 instructions in the design after the 'Performance (step 1)' phase of compilation. See the Design Size Report for more details: C:/selected_topics_hdmi/pyzq/hw/hls_gray_ip/video_gray_live_prj/solution1/syn/report/csynth_design_size.rpt
INFO: [HLS 200-1995] There were 240 instructions in the design after the 'Performance (step 2)' phase of compilation. See the Design Size Report for more details: C:/selected_topics_hdmi/pyzq/hw/hls_gray_ip/video_gray_live_prj/solution1/syn/report/csynth_design_size.rpt
INFO: [HLS 200-1995] There were 142 instructions in the design after the 'Performance (step 3)' phase of compilation. See the Design Size Report for more details: C:/selected_topics_hdmi/pyzq/hw/hls_gray_ip/video_gray_live_prj/solution1/syn/report/csynth_design_size.rpt
INFO: [HLS 200-1995] There were 142 instructions in the design after the 'Performance (step 4)' phase of compilation. See the Design Size Report for more details: C:/selected_topics_hdmi/pyzq/hw/hls_gray_ip/video_gray_live_prj/solution1/syn/report/csynth_design_size.rpt
INFO: [HLS 200-1995] There were 102 instructions in the design after the 'HW Transforms (step 1)' phase of compilation. See the Design Size Report for more details: C:/selected_topics_hdmi/pyzq/hw/hls_gray_ip/video_gray_live_prj/solution1/syn/report/csynth_design_size.rpt
INFO: [HLS 200-1995] There were 77 instructions in the design after the 'HW Transforms (step 2)' phase of compilation. See the Design Size Report for more details: C:/selected_topics_hdmi/pyzq/hw/hls_gray_ip/video_gray_live_prj/solution1/syn/report/csynth_design_size.rpt
INFO: [HLS 200-111] Finished Compiling Optimization and Transform: CPU user time: 0 seconds. CPU system time: 0 seconds. Elapsed time: 7.901 seconds; current allocated memory: 113.660 MB.
INFO: [HLS 200-111] Finished Checking Pragmas: CPU user time: 0 seconds. CPU system time: 0 seconds. Elapsed time: 0.001 seconds; current allocated memory: 113.660 MB.
INFO: [HLS 200-10] Starting code transformations ...
INFO: [HLS 200-111] Finished Standard Transforms: CPU user time: 0 seconds. CPU system time: 0 seconds. Elapsed time: 0.092 seconds; current allocated memory: 118.090 MB.
INFO: [HLS 200-10] Checking synthesizability ...
INFO: [HLS 200-111] Finished Checking Synthesizability: CPU user time: 0 seconds. CPU system time: 0 seconds. Elapsed time: 0.021 seconds; current allocated memory: 119.480 MB.
INFO: [HLS 200-111] Finished Loop, function and other optimizations: CPU user time: 0 seconds. CPU system time: 0 seconds. Elapsed time: 0.041 seconds; current allocated memory: 140.824 MB.
WARNING: [XFORM 203-561] 'VITIS_LOOP_15_1' (video_gray_live.cpp:15:19) in function 'video_gray_live' is an infinite loop.
INFO: [HLS 200-111] Finished Architecture Synthesis: CPU user time: 0 seconds. CPU system time: 0 seconds. Elapsed time: 0.045 seconds; current allocated memory: 140.832 MB.
INFO: [HLS 200-10] Starting hardware synthesis ...
INFO: [HLS 200-10] Synthesizing 'video_gray_live' ...
INFO: [HLS 200-10] ----------------------------------------------------------------
INFO: [HLS 200-42] -- Implementing module 'video_gray_live' 
INFO: [HLS 200-10] ----------------------------------------------------------------
INFO: [SCHED 204-11] Starting scheduling ...
INFO: [SCHED 204-61] Pipelining loop 'VITIS_LOOP_15_1'.
INFO: [HLS 200-1470] Pipelining result : Target II = 1, Final II = 1, Depth = 2, loop 'VITIS_LOOP_15_1'
INFO: [SCHED 204-11] Finished scheduling.
INFO: [HLS 200-111] Finished Scheduling: CPU user time: 0 seconds. CPU system time: 0 seconds. Elapsed time: 0.502 seconds; current allocated memory: 140.832 MB.
INFO: [BIND 205-100] Starting micro-architecture generation ...
INFO: [BIND 205-101] Performing variable lifetime analysis.
INFO: [BIND 205-101] Exploring resource sharing.
INFO: [BIND 205-101] Binding ...
INFO: [BIND 205-100] Finished micro-architecture generation.
INFO: [HLS 200-111] Finished Binding: CPU user time: 0 seconds. CPU system time: 0 seconds. Elapsed time: 0.033 seconds; current allocated memory: 140.832 MB.
INFO: [HLS 200-10] ----------------------------------------------------------------
INFO: [HLS 200-10] -- Generating RTL for module 'video_gray_live' 
INFO: [HLS 200-10] ----------------------------------------------------------------
WARNING: [RTGEN 206-101] Design contains AXI ports. Reset is fixed to synchronous and active low.
INFO: [RTGEN 206-500] Setting interface mode on port 'video_gray_live/in_stream_V_data_V' to 'axis' (register, both mode).
INFO: [RTGEN 206-500] Setting interface mode on port 'video_gray_live/in_stream_V_keep_V' to 'axis' (register, both mode).
INFO: [RTGEN 206-500] Setting interface mode on port 'video_gray_live/in_stream_V_strb_V' to 'axis' (register, both mode).
INFO: [RTGEN 206-500] Setting interface mode on port 'video_gray_live/in_stream_V_user_V' to 'axis' (register, both mode).
INFO: [RTGEN 206-500] Setting interface mode on port 'video_gray_live/in_stream_V_last_V' to 'axis' (register, both mode).
INFO: [RTGEN 206-500] Setting interface mode on port 'video_gray_live/in_stream_V_id_V' to 'axis' (register, both mode).
INFO: [RTGEN 206-500] Setting interface mode on port 'video_gray_live/in_stream_V_dest_V' to 'axis' (register, both mode).
INFO: [RTGEN 206-500] Setting interface mode on port 'video_gray_live/out_stream_V_data_V' to 'axis' (register, both mode).
INFO: [RTGEN 206-500] Setting interface mode on port 'video_gray_live/out_stream_V_keep_V' to 'axis' (register, both mode).
INFO: [RTGEN 206-500] Setting interface mode on port 'video_gray_live/out_stream_V_strb_V' to 'axis' (register, both mode).
INFO: [RTGEN 206-500] Setting interface mode on port 'video_gray_live/out_stream_V_user_V' to 'axis' (register, both mode).
INFO: [RTGEN 206-500] Setting interface mode on port 'video_gray_live/out_stream_V_last_V' to 'axis' (register, both mode).
INFO: [RTGEN 206-500] Setting interface mode on port 'video_gray_live/out_stream_V_id_V' to 'axis' (register, both mode).
INFO: [RTGEN 206-500] Setting interface mode on port 'video_gray_live/out_stream_V_dest_V' to 'axis' (register, both mode).
INFO: [RTGEN 206-500] Setting interface mode on function 'video_gray_live' to 'ap_ctrl_none'.
INFO: [RTGEN 206-100] Finished creating RTL model for 'video_gray_live'.
INFO: [HLS 200-111] Finished Creating RTL model: CPU user time: 0 seconds. CPU system time: 0 seconds. Elapsed time: 0.065 seconds; current allocated memory: 142.035 MB.
INFO: [HLS 200-111] Finished Generating all RTL models: CPU user time: 1 seconds. CPU system time: 1 seconds. Elapsed time: 0.214 seconds; current allocated memory: 147.277 MB.
INFO: [HLS 200-111] Finished Updating report files: CPU user time: 0 seconds. CPU system time: 0 seconds. Elapsed time: 0.257 seconds; current allocated memory: 151.852 MB.
INFO: [VHDL 208-304] Generating VHDL RTL for video_gray_live.
INFO: [VLOG 209-307] Generating Verilog RTL for video_gray_live.
INFO: [HLS 200-790] **** Loop Constraint Status: All loop constraints were satisfied.
INFO: [HLS 200-789] **** Estimated Fmax: 174.28 MHz
INFO: [HLS 200-111] Finished Command csynth_design CPU user time: 1 seconds. CPU system time: 1 seconds. Elapsed time: 11.808 seconds; current allocated memory: 42.688 MB.
==============================================================
Vitis HLS - High-Level Synthesis from C, C++ and OpenCL v2023.2 (64-bit)
Tool Version Limit: 2023.10
Copyright 1986-2022 Xilinx, Inc. All Rights Reserved.
Copyright 2022-2023 Advanced Micro Devices, Inc. All Rights Reserved.

==============================================================
INFO: [SYN 201-201] Setting up clock 'default' with a period of 10ns.
INFO: [HLS 200-1611] Setting target device to 'xc7z020-clg400-1'
INFO: [HLS 200-1505] Using flow_target 'vivado'
INFO: [HLS 200-1464] Running solution command: config_export -format=ip_catalog
INFO: [HLS 200-1464] Running solution command: config_export -output=C:/selected_topics_hdmi/pyzq/hw/hls_gray_ip/hls_export/myip
INFO: [HLS 200-1464] Running solution command: config_export -rtl=verilog
INFO: [HLS 200-1510] Running: set_part xc7z020-clg400-1 
INFO: [HLS 200-1510] Running: create_clock -period 10 -name default 
INFO: [HLS 200-1510] Running: config_export -format ip_catalog -output C:/selected_topics_hdmi/pyzq/hw/hls_gray_ip/hls_export/myip -rtl verilog 
INFO: [HLS 200-1510] Running: source ./video_gray_live_prj/solution1/directives.tcl
INFO: [HLS 200-1510] Running: set_directive_top -name video_gray_live video_gray_live 
INFO: [HLS 200-1510] Running: csynth_design 
INFO: [HLS 200-111] Finished File checks and directory preparation: CPU user time: 0 seconds. CPU system time: 1 seconds. Elapsed time: 0.042 seconds; current allocated memory: 109.777 MB.
INFO: [HLS 200-10] Analyzing design file 'video_gray_live.cpp' ... 
INFO: [HLS 200-111] Finished Source Code Analysis and Preprocessing: CPU user time: 0 seconds. CPU system time: 0 seconds. Elapsed time: 2.331 seconds; current allocated memory: 111.781 MB.
INFO: [HLS 200-777] Using interface defaults for 'Vivado' flow target.
INFO: [HLS 200-1995] There were 778 instructions in the design after the 'Compile/Link' phase of compilation. See the Design Size Report for more details: C:/selected_topics_hdmi/pyzq/hw/hls_gray_ip/video_gray_live_prj/solution1/syn/report/csynth_design_size.rpt
INFO: [HLS 200-1995] There were 166 instructions in the design after the 'Unroll/Inline (step 1)' phase of compilation. See the Design Size Report for more details: C:/selected_topics_hdmi/pyzq/hw/hls_gray_ip/video_gray_live_prj/solution1/syn/report/csynth_design_size.rpt
INFO: [HLS 200-1995] There were 133 instructions in the design after the 'Unroll/Inline (step 2)' phase of compilation. See the Design Size Report for more details: C:/selected_topics_hdmi/pyzq/hw/hls_gray_ip/video_gray_live_prj/solution1/syn/report/csynth_design_size.rpt
INFO: [HLS 200-1995] There were 130 instructions in the design after the 'Unroll/Inline (step 3)' phase of compilation. See the Design Size Report for more details: C:/selected_topics_hdmi/pyzq/hw/hls_gray_ip/video_gray_live_prj/solution1/syn/report/csynth_design_size.rpt
INFO: [HLS 200-1995] There were 128 instructions in the design after the 'Unroll/Inline (step 4)' phase of compilation. See the Design Size Report for more details: C:/selected_topics_hdmi/pyzq/hw/hls_gray_ip/video_gray_live_prj/solution1/syn/report/csynth_design_size.rpt
INFO: [HLS 200-1995] There were 128 instructions in the design after the 'Array/Struct (step 1)' phase of compilation. See the Design Size Report for more details: C:/selected_topics_hdmi/pyzq/hw/hls_gray_ip/video_gray_live_prj/solution1/syn/report/csynth_design_size.rpt
INFO: [HLS 200-1995] There were 128 instructions in the design after the 'Array/Struct (step 2)' phase of compilation. See the Design Size Report for more details: C:/selected_topics_hdmi/pyzq/hw/hls_gray_ip/video_gray_live_prj/solution1/syn/report/csynth_design_size.rpt
INFO: [HLS 200-1995] There were 128 instructions in the design after the 'Array/Struct (step 3)' phase of compilation. See the Design Size Report for more details: C:/selected_topics_hdmi/pyzq/hw/hls_gray_ip/video_gray_live_prj/solution1/syn/report/csynth_design_size.rpt
INFO: [HLS 200-1995] There were 128 instructions in the design after the 'Array/Struct (step 4)' phase of compilation. See the Design Size Report for more details: C:/selected_topics_hdmi/pyzq/hw/hls_gray_ip/video_gray_live_prj/solution1/syn/report/csynth_design_size.rpt
INFO: [HLS 200-1995] There were 240 instructions in the design after the 'Array/Struct (step 5)' phase of compilation. See the Design Size Report for more details: C:/selected_topics_hdmi/pyzq/hw/hls_gray_ip/video_gray_live_prj/solution1/syn/report/csynth_design_size.rpt
INFO: [HLS 200-1995] There were 254 instructions in the design after the 'Performance (step 1)' phase of compilation. See the Design Size Report for more details: C:/selected_topics_hdmi/pyzq/hw/hls_gray_ip/video_gray_live_prj/solution1/syn/report/csynth_design_size.rpt
INFO: [HLS 200-1995] There were 240 instructions in the design after the 'Performance (step 2)' phase of compilation. See the Design Size Report for more details: C:/selected_topics_hdmi/pyzq/hw/hls_gray_ip/video_gray_live_prj/solution1/syn/report/csynth_design_size.rpt
INFO: [HLS 200-1995] There were 142 instructions in the design after the 'Performance (step 3)' phase of compilation. See the Design Size Report for more details: C:/selected_topics_hdmi/pyzq/hw/hls_gray_ip/video_gray_live_prj/solution1/syn/report/csynth_design_size.rpt
INFO: [HLS 200-1995] There were 142 instructions in the design after the 'Performance (step 4)' phase of compilation. See the Design Size Report for more details: C:/selected_topics_hdmi/pyzq/hw/hls_gray_ip/video_gray_live_prj/solution1/syn/report/csynth_design_size.rpt
INFO: [HLS 200-1995] There were 102 instructions in the design after the 'HW Transforms (step 1)' phase of compilation. See the Design Size Report for more details: C:/selected_topics_hdmi/pyzq/hw/hls_gray_ip/video_gray_live_prj/solution1/syn/report/csynth_design_size.rpt
INFO: [HLS 200-1995] There were 77 instructions in the design after the 'HW Transforms (step 2)' phase of compilation. See the Design Size Report for more details: C:/selected_topics_hdmi/pyzq/hw/hls_gray_ip/video_gray_live_prj/solution1/syn/report/csynth_design_size.rpt
INFO: [HLS 200-111] Finished Compiling Optimization and Transform: CPU user time: 0 seconds. CPU system time: 0 seconds. Elapsed time: 7.766 seconds; current allocated memory: 114.145 MB.
INFO: [HLS 200-111] Finished Checking Pragmas: CPU user time: 0 seconds. CPU system time: 0 seconds. Elapsed time: 0.001 seconds; current allocated memory: 114.145 MB.
INFO: [HLS 200-10] Starting code transformations ...
INFO: [HLS 200-111] Finished Standard Transforms: CPU user time: 0 seconds. CPU system time: 0 seconds. Elapsed time: 0.011 seconds; current allocated memory: 118.395 MB.
INFO: [HLS 200-10] Checking synthesizability ...
INFO: [HLS 200-111] Finished Checking Synthesizability: CPU user time: 0 seconds. CPU system time: 0 seconds. Elapsed time: 0.008 seconds; current allocated memory: 119.805 MB.
INFO: [HLS 200-111] Finished Loop, function and other optimizations: CPU user time: 0 seconds. CPU system time: 0 seconds. Elapsed time: 0.024 seconds; current allocated memory: 141.156 MB.
WARNING: [XFORM 203-561] 'VITIS_LOOP_15_1' (video_gray_live.cpp:15:19) in function 'video_gray_live' is an infinite loop.
INFO: [HLS 200-111] Finished Architecture Synthesis: CPU user time: 0 seconds. CPU system time: 0 seconds. Elapsed time: 0.02 seconds; current allocated memory: 141.176 MB.
INFO: [HLS 200-10] Starting hardware synthesis ...
INFO: [HLS 200-10] Synthesizing 'video_gray_live' ...
INFO: [HLS 200-10] ----------------------------------------------------------------
INFO: [HLS 200-42] -- Implementing module 'video_gray_live' 
INFO: [HLS 200-10] ----------------------------------------------------------------
INFO: [SCHED 204-11] Starting scheduling ...
INFO: [SCHED 204-61] Pipelining loop 'VITIS_LOOP_15_1'.
INFO: [HLS 200-1470] Pipelining result : Target II = 1, Final II = 1, Depth = 2, loop 'VITIS_LOOP_15_1'
INFO: [SCHED 204-11] Finished scheduling.
INFO: [HLS 200-111] Finished Scheduling: CPU user time: 0 seconds. CPU system time: 0 seconds. Elapsed time: 0.175 seconds; current allocated memory: 141.176 MB.
INFO: [BIND 205-100] Starting micro-architecture generation ...
INFO: [BIND 205-101] Performing variable lifetime analysis.
INFO: [BIND 205-101] Exploring resource sharing.
INFO: [BIND 205-101] Binding ...
INFO: [BIND 205-100] Finished micro-architecture generation.
INFO: [HLS 200-111] Finished Binding: CPU user time: 0 seconds. CPU system time: 0 seconds. Elapsed time: 0.015 seconds; current allocated memory: 141.176 MB.
INFO: [HLS 200-10] ----------------------------------------------------------------
INFO: [HLS 200-10] -- Generating RTL for module 'video_gray_live' 
INFO: [HLS 200-10] ----------------------------------------------------------------
WARNING: [RTGEN 206-101] Design contains AXI ports. Reset is fixed to synchronous and active low.
INFO: [RTGEN 206-500] Setting interface mode on port 'video_gray_live/in_stream_V_data_V' to 'axis' (register, both mode).
INFO: [RTGEN 206-500] Setting interface mode on port 'video_gray_live/in_stream_V_keep_V' to 'axis' (register, both mode).
INFO: [RTGEN 206-500] Setting interface mode on port 'video_gray_live/in_stream_V_strb_V' to 'axis' (register, both mode).
INFO: [RTGEN 206-500] Setting interface mode on port 'video_gray_live/in_stream_V_user_V' to 'axis' (register, both mode).
INFO: [RTGEN 206-500] Setting interface mode on port 'video_gray_live/in_stream_V_last_V' to 'axis' (register, both mode).
INFO: [RTGEN 206-500] Setting interface mode on port 'video_gray_live/in_stream_V_id_V' to 'axis' (register, both mode).
INFO: [RTGEN 206-500] Setting interface mode on port 'video_gray_live/in_stream_V_dest_V' to 'axis' (register, both mode).
INFO: [RTGEN 206-500] Setting interface mode on port 'video_gray_live/out_stream_V_data_V' to 'axis' (register, both mode).
INFO: [RTGEN 206-500] Setting interface mode on port 'video_gray_live/out_stream_V_keep_V' to 'axis' (register, both mode).
INFO: [RTGEN 206-500] Setting interface mode on port 'video_gray_live/out_stream_V_strb_V' to 'axis' (register, both mode).
INFO: [RTGEN 206-500] Setting interface mode on port 'video_gray_live/out_stream_V_user_V' to 'axis' (register, both mode).
INFO: [RTGEN 206-500] Setting interface mode on port 'video_gray_live/out_stream_V_last_V' to 'axis' (register, both mode).
INFO: [RTGEN 206-500] Setting interface mode on port 'video_gray_live/out_stream_V_id_V' to 'axis' (register, both mode).
INFO: [RTGEN 206-500] Setting interface mode on port 'video_gray_live/out_stream_V_dest_V' to 'axis' (register, both mode).
INFO: [RTGEN 206-500] Setting interface mode on function 'video_gray_live' to 'ap_ctrl_none'.
INFO: [RTGEN 206-100] Finished creating RTL model for 'video_gray_live'.
INFO: [HLS 200-111] Finished Creating RTL model: CPU user time: 0 seconds. CPU system time: 0 seconds. Elapsed time: 0.038 seconds; current allocated memory: 142.641 MB.
INFO: [HLS 200-111] Finished Generating all RTL models: CPU user time: 0 seconds. CPU system time: 0 seconds. Elapsed time: 0.22 seconds; current allocated memory: 147.633 MB.
INFO: [HLS 200-111] Finished Updating report files: CPU user time: 0 seconds. CPU system time: 0 seconds. Elapsed time: 0.248 seconds; current allocated memory: 152.094 MB.
INFO: [VHDL 208-304] Generating VHDL RTL for video_gray_live.
INFO: [VLOG 209-307] Generating Verilog RTL for video_gray_live.
INFO: [HLS 200-790] **** Loop Constraint Status: All loop constraints were satisfied.
INFO: [HLS 200-789] **** Estimated Fmax: 174.28 MHz
INFO: [HLS 200-111] Finished Command csynth_design CPU user time: 0 seconds. CPU system time: 1 seconds. Elapsed time: 10.912 seconds; current allocated memory: 42.777 MB.
==============================================================
Vitis HLS - High-Level Synthesis from C, C++ and OpenCL v2023.2 (64-bit)
Tool Version Limit: 2023.10
Copyright 1986-2022 Xilinx, Inc. All Rights Reserved.
Copyright 2022-2023 Advanced Micro Devices, Inc. All Rights Reserved.

==============================================================
INFO: [SYN 201-201] Setting up clock 'default' with a period of 10ns.
INFO: [HLS 200-1611] Setting target device to 'xc7z020-clg400-1'
INFO: [HLS 200-1505] Using flow_target 'vivado'
INFO: [HLS 200-1464] Running solution command: config_export -format=ip_catalog
INFO: [HLS 200-1464] Running solution command: config_export -output=C:/selected_topics_hdmi/pyzq/hw/hls_gray_ip/hls_export
INFO: [HLS 200-1464] Running solution command: config_export -rtl=verilog
INFO: [HLS 200-1510] Running: set_part xc7z020-clg400-1 
INFO: [HLS 200-1510] Running: create_clock -period 10 -name default 
INFO: [HLS 200-1510] Running: config_export -format ip_catalog -output C:/selected_topics_hdmi/pyzq/hw/hls_gray_ip/hls_export -rtl verilog 
INFO: [HLS 200-1510] Running: source ./video_gray_live_prj/solution1/directives.tcl
INFO: [HLS 200-1510] Running: set_directive_top -name video_gray_live video_gray_live 
INFO: [HLS 200-1510] Running: export_design -rtl verilog -format ip_catalog -output C:/selected_topics_hdmi/pyzq/hw/hls_gray_ip/hls_export 
INFO: [IMPL 213-8] Exporting RTL as a Vivado IP.
INFO: [HLS 200-802] Generated output file hls_export/export.zip
INFO: [HLS 200-111] Finished Command export_design CPU user time: 0 seconds. CPU system time: 0 seconds. Elapsed time: 6.602 seconds; current allocated memory: 7.438 MB.
==============================================================
Vitis HLS - High-Level Synthesis from C, C++ and OpenCL v2023.2 (64-bit)
Tool Version Limit: 2023.10
Copyright 1986-2022 Xilinx, Inc. All Rights Reserved.
Copyright 2022-2023 Advanced Micro Devices, Inc. All Rights Reserved.

==============================================================
INFO: [SYN 201-201] Setting up clock 'default' with a period of 10ns.
INFO: [HLS 200-1611] Setting target device to 'xc7z020-clg400-1'
INFO: [HLS 200-1505] Using flow_target 'vivado'
INFO: [HLS 200-1464] Running solution command: config_export -format=ip_catalog
INFO: [HLS 200-1464] Running solution command: config_export -output=C:/selected_topics_hdmi/pyzq/hw/hls_gray_ip/hls_export
INFO: [HLS 200-1464] Running solution command: config_export -rtl=verilog
INFO: [HLS 200-1510] Running: set_part xc7z020-clg400-1 
INFO: [HLS 200-1510] Running: create_clock -period 10 -name default 
INFO: [HLS 200-1510] Running: config_export -format ip_catalog -output C:/selected_topics_hdmi/pyzq/hw/hls_gray_ip/hls_export -rtl verilog 
INFO: [HLS 200-1510] Running: source ./video_gray_live_prj/solution1/directives.tcl
INFO: [HLS 200-1510] Running: set_directive_top -name video_gray_live video_gray_live 
INFO: [HLS 200-1510] Running: csynth_design 
INFO: [HLS 200-111] Finished File checks and directory preparation: CPU user time: 0 seconds. CPU system time: 0 seconds. Elapsed time: 0.048 seconds; current allocated memory: 114.969 MB.
INFO: [HLS 200-10] Analyzing design file 'video_gray_live.cpp' ... 
INFO: [HLS 200-111] Finished Source Code Analysis and Preprocessing: CPU user time: 0 seconds. CPU system time: 1 seconds. Elapsed time: 2.569 seconds; current allocated memory: 117.113 MB.
INFO: [HLS 200-777] Using interface defaults for 'Vivado' flow target.
INFO: [HLS 200-1995] There were 838 instructions in the design after the 'Compile/Link' phase of compilation. See the Design Size Report for more details: C:/selected_topics_hdmi/pyzq/hw/hls_gray_ip/video_gray_live_prj/solution1/syn/report/csynth_design_size.rpt
INFO: [HLS 200-1995] There were 169 instructions in the design after the 'Unroll/Inline (step 1)' phase of compilation. See the Design Size Report for more details: C:/selected_topics_hdmi/pyzq/hw/hls_gray_ip/video_gray_live_prj/solution1/syn/report/csynth_design_size.rpt
INFO: [HLS 200-1995] There were 136 instructions in the design after the 'Unroll/Inline (step 2)' phase of compilation. See the Design Size Report for more details: C:/selected_topics_hdmi/pyzq/hw/hls_gray_ip/video_gray_live_prj/solution1/syn/report/csynth_design_size.rpt
INFO: [HLS 200-1995] There were 133 instructions in the design after the 'Unroll/Inline (step 3)' phase of compilation. See the Design Size Report for more details: C:/selected_topics_hdmi/pyzq/hw/hls_gray_ip/video_gray_live_prj/solution1/syn/report/csynth_design_size.rpt
INFO: [HLS 200-1995] There were 131 instructions in the design after the 'Unroll/Inline (step 4)' phase of compilation. See the Design Size Report for more details: C:/selected_topics_hdmi/pyzq/hw/hls_gray_ip/video_gray_live_prj/solution1/syn/report/csynth_design_size.rpt
INFO: [HLS 200-1995] There were 131 instructions in the design after the 'Array/Struct (step 1)' phase of compilation. See the Design Size Report for more details: C:/selected_topics_hdmi/pyzq/hw/hls_gray_ip/video_gray_live_prj/solution1/syn/report/csynth_design_size.rpt
INFO: [HLS 200-1995] There were 131 instructions in the design after the 'Array/Struct (step 2)' phase of compilation. See the Design Size Report for more details: C:/selected_topics_hdmi/pyzq/hw/hls_gray_ip/video_gray_live_prj/solution1/syn/report/csynth_design_size.rpt
INFO: [HLS 200-1995] There were 131 instructions in the design after the 'Array/Struct (step 3)' phase of compilation. See the Design Size Report for more details: C:/selected_topics_hdmi/pyzq/hw/hls_gray_ip/video_gray_live_prj/solution1/syn/report/csynth_design_size.rpt
INFO: [HLS 200-1995] There were 131 instructions in the design after the 'Array/Struct (step 4)' phase of compilation. See the Design Size Report for more details: C:/selected_topics_hdmi/pyzq/hw/hls_gray_ip/video_gray_live_prj/solution1/syn/report/csynth_design_size.rpt
INFO: [HLS 200-1995] There were 243 instructions in the design after the 'Array/Struct (step 5)' phase of compilation. See the Design Size Report for more details: C:/selected_topics_hdmi/pyzq/hw/hls_gray_ip/video_gray_live_prj/solution1/syn/report/csynth_design_size.rpt
INFO: [HLS 200-1995] There were 257 instructions in the design after the 'Performance (step 1)' phase of compilation. See the Design Size Report for more details: C:/selected_topics_hdmi/pyzq/hw/hls_gray_ip/video_gray_live_prj/solution1/syn/report/csynth_design_size.rpt
INFO: [HLS 200-1995] There were 243 instructions in the design after the 'Performance (step 2)' phase of compilation. See the Design Size Report for more details: C:/selected_topics_hdmi/pyzq/hw/hls_gray_ip/video_gray_live_prj/solution1/syn/report/csynth_design_size.rpt
INFO: [HLS 200-1995] There were 145 instructions in the design after the 'Performance (step 3)' phase of compilation. See the Design Size Report for more details: C:/selected_topics_hdmi/pyzq/hw/hls_gray_ip/video_gray_live_prj/solution1/syn/report/csynth_design_size.rpt
INFO: [HLS 200-1995] There were 145 instructions in the design after the 'Performance (step 4)' phase of compilation. See the Design Size Report for more details: C:/selected_topics_hdmi/pyzq/hw/hls_gray_ip/video_gray_live_prj/solution1/syn/report/csynth_design_size.rpt
INFO: [HLS 200-1995] There were 105 instructions in the design after the 'HW Transforms (step 1)' phase of compilation. See the Design Size Report for more details: C:/selected_topics_hdmi/pyzq/hw/hls_gray_ip/video_gray_live_prj/solution1/syn/report/csynth_design_size.rpt
INFO: [HLS 200-1995] There were 80 instructions in the design after the 'HW Transforms (step 2)' phase of compilation. See the Design Size Report for more details: C:/selected_topics_hdmi/pyzq/hw/hls_gray_ip/video_gray_live_prj/solution1/syn/report/csynth_design_size.rpt
INFO: [HLS 200-111] Finished Compiling Optimization and Transform: CPU user time: 0 seconds. CPU system time: 0 seconds. Elapsed time: 7.819 seconds; current allocated memory: 119.422 MB.
INFO: [HLS 200-111] Finished Checking Pragmas: CPU user time: 0 seconds. CPU system time: 0 seconds. Elapsed time: 0.001 seconds; current allocated memory: 119.422 MB.
INFO: [HLS 200-10] Starting code transformations ...
INFO: [HLS 200-111] Finished Standard Transforms: CPU user time: 0 seconds. CPU system time: 0 seconds. Elapsed time: 0.09 seconds; current allocated memory: 123.785 MB.
INFO: [HLS 200-10] Checking synthesizability ...
INFO: [HLS 200-111] Finished Checking Synthesizability: CPU user time: 0 seconds. CPU system time: 0 seconds. Elapsed time: 0.021 seconds; current allocated memory: 125.230 MB.
INFO: [HLS 200-111] Finished Loop, function and other optimizations: CPU user time: 0 seconds. CPU system time: 0 seconds. Elapsed time: 0.042 seconds; current allocated memory: 146.457 MB.
WARNING: [XFORM 203-561] 'VITIS_LOOP_17_1' (video_gray_live.cpp:17:22) in function 'video_gray_live' is an infinite loop.
INFO: [HLS 200-111] Finished Architecture Synthesis: CPU user time: 0 seconds. CPU system time: 0 seconds. Elapsed time: 0.044 seconds; current allocated memory: 146.477 MB.
INFO: [HLS 200-10] Starting hardware synthesis ...
INFO: [HLS 200-10] Synthesizing 'video_gray_live' ...
INFO: [HLS 200-10] ----------------------------------------------------------------
INFO: [HLS 200-42] -- Implementing module 'video_gray_live' 
INFO: [HLS 200-10] ----------------------------------------------------------------
INFO: [SCHED 204-11] Starting scheduling ...
INFO: [SCHED 204-61] Pipelining loop 'VITIS_LOOP_17_1'.
INFO: [HLS 200-1470] Pipelining result : Target II = 1, Final II = 1, Depth = 3, loop 'VITIS_LOOP_17_1'
INFO: [SCHED 204-11] Finished scheduling.
INFO: [HLS 200-111] Finished Scheduling: CPU user time: 0 seconds. CPU system time: 0 seconds. Elapsed time: 0.506 seconds; current allocated memory: 146.477 MB.
INFO: [BIND 205-100] Starting micro-architecture generation ...
INFO: [BIND 205-101] Performing variable lifetime analysis.
INFO: [BIND 205-101] Exploring resource sharing.
INFO: [BIND 205-101] Binding ...
INFO: [BIND 205-100] Finished micro-architecture generation.
INFO: [HLS 200-111] Finished Binding: CPU user time: 0 seconds. CPU system time: 0 seconds. Elapsed time: 0.032 seconds; current allocated memory: 146.477 MB.
INFO: [HLS 200-10] ----------------------------------------------------------------
INFO: [HLS 200-10] -- Generating RTL for module 'video_gray_live' 
INFO: [HLS 200-10] ----------------------------------------------------------------
WARNING: [RTGEN 206-101] Design contains AXI ports. Reset is fixed to synchronous and active low.
INFO: [RTGEN 206-500] Setting interface mode on port 'video_gray_live/in_stream_V_data_V' to 'axis' (register, both mode).
INFO: [RTGEN 206-500] Setting interface mode on port 'video_gray_live/in_stream_V_keep_V' to 'axis' (register, both mode).
INFO: [RTGEN 206-500] Setting interface mode on port 'video_gray_live/in_stream_V_strb_V' to 'axis' (register, both mode).
INFO: [RTGEN 206-500] Setting interface mode on port 'video_gray_live/in_stream_V_user_V' to 'axis' (register, both mode).
INFO: [RTGEN 206-500] Setting interface mode on port 'video_gray_live/in_stream_V_last_V' to 'axis' (register, both mode).
INFO: [RTGEN 206-500] Setting interface mode on port 'video_gray_live/in_stream_V_id_V' to 'axis' (register, both mode).
INFO: [RTGEN 206-500] Setting interface mode on port 'video_gray_live/in_stream_V_dest_V' to 'axis' (register, both mode).
INFO: [RTGEN 206-500] Setting interface mode on port 'video_gray_live/out_stream_V_data_V' to 'axis' (register, both mode).
INFO: [RTGEN 206-500] Setting interface mode on port 'video_gray_live/out_stream_V_keep_V' to 'axis' (register, both mode).
INFO: [RTGEN 206-500] Setting interface mode on port 'video_gray_live/out_stream_V_strb_V' to 'axis' (register, both mode).
INFO: [RTGEN 206-500] Setting interface mode on port 'video_gray_live/out_stream_V_user_V' to 'axis' (register, both mode).
INFO: [RTGEN 206-500] Setting interface mode on port 'video_gray_live/out_stream_V_last_V' to 'axis' (register, both mode).
INFO: [RTGEN 206-500] Setting interface mode on port 'video_gray_live/out_stream_V_id_V' to 'axis' (register, both mode).
INFO: [RTGEN 206-500] Setting interface mode on port 'video_gray_live/out_stream_V_dest_V' to 'axis' (register, both mode).
INFO: [RTGEN 206-500] Setting interface mode on function 'video_gray_live' to 'ap_ctrl_none'.
INFO: [RTGEN 206-100] Finished creating RTL model for 'video_gray_live'.
INFO: [HLS 200-111] Finished Creating RTL model: CPU user time: 0 seconds. CPU system time: 0 seconds. Elapsed time: 0.076 seconds; current allocated memory: 147.980 MB.
INFO: [HLS 200-111] Finished Generating all RTL models: CPU user time: 0 seconds. CPU system time: 0 seconds. Elapsed time: 0.239 seconds; current allocated memory: 152.816 MB.
INFO: [HLS 200-111] Finished Updating report files: CPU user time: 1 seconds. CPU system time: 0 seconds. Elapsed time: 0.253 seconds; current allocated memory: 157.902 MB.
INFO: [VHDL 208-304] Generating VHDL RTL for video_gray_live.
INFO: [VLOG 209-307] Generating Verilog RTL for video_gray_live.
INFO: [HLS 200-790] **** Loop Constraint Status: All loop constraints were satisfied.
INFO: [HLS 200-789] **** Estimated Fmax: 150.31 MHz
INFO: [HLS 200-111] Finished Command csynth_design CPU user time: 1 seconds. CPU system time: 1 seconds. Elapsed time: 11.76 seconds; current allocated memory: 43.289 MB.
==============================================================
Vitis HLS - High-Level Synthesis from C, C++ and OpenCL v2023.2 (64-bit)
Tool Version Limit: 2023.10
Copyright 1986-2022 Xilinx, Inc. All Rights Reserved.
Copyright 2022-2023 Advanced Micro Devices, Inc. All Rights Reserved.

==============================================================
INFO: [SYN 201-201] Setting up clock 'default' with a period of 10ns.
INFO: [HLS 200-1611] Setting target device to 'xc7z020-clg400-1'
INFO: [HLS 200-1505] Using flow_target 'vivado'
INFO: [HLS 200-1464] Running solution command: config_export -format=ip_catalog
INFO: [HLS 200-1464] Running solution command: config_export -output=C:/selected_topics_hdmi/pyzq/hw/hls_gray_ip/hls_export
INFO: [HLS 200-1464] Running solution command: config_export -rtl=verilog
INFO: [HLS 200-1510] Running: set_part xc7z020-clg400-1 
INFO: [HLS 200-1510] Running: create_clock -period 10 -name default 
INFO: [HLS 200-1510] Running: config_export -format ip_catalog -output C:/selected_topics_hdmi/pyzq/hw/hls_gray_ip/hls_export -rtl verilog 
INFO: [HLS 200-1510] Running: source ./video_gray_live_prj/solution1/directives.tcl
INFO: [HLS 200-1510] Running: set_directive_top -name video_gray_live video_gray_live 
INFO: [HLS 200-1510] Running: export_design -rtl verilog -format ip_catalog -output C:/selected_topics_hdmi/pyzq/hw/hls_gray_ip/hls_export 
INFO: [IMPL 213-8] Exporting RTL as a Vivado IP.
INFO: [HLS 200-802] Generated output file hls_export/export.zip
INFO: [HLS 200-111] Finished Command export_design CPU user time: 0 seconds. CPU system time: 1 seconds. Elapsed time: 6.21 seconds; current allocated memory: 7.293 MB.
==============================================================
Vitis HLS - High-Level Synthesis from C, C++ and OpenCL v2023.2 (64-bit)
Tool Version Limit: 2023.10
Copyright 1986-2022 Xilinx, Inc. All Rights Reserved.
Copyright 2022-2023 Advanced Micro Devices, Inc. All Rights Reserved.

==============================================================
INFO: [SYN 201-201] Setting up clock 'default' with a period of 10ns.
INFO: [HLS 200-1611] Setting target device to 'xc7z020-clg400-1'
INFO: [HLS 200-1505] Using flow_target 'vivado'
INFO: [HLS 200-1464] Running solution command: config_export -format=ip_catalog
INFO: [HLS 200-1464] Running solution command: config_export -output=C:/selected_topics_hdmi/pyzq/hw/hls_gray_ip/hls_export
INFO: [HLS 200-1464] Running solution command: config_export -rtl=verilog
INFO: [HLS 200-1510] Running: set_part xc7z020-clg400-1 
INFO: [HLS 200-1510] Running: create_clock -period 10 -name default 
INFO: [HLS 200-1510] Running: config_export -format ip_catalog -output C:/selected_topics_hdmi/pyzq/hw/hls_gray_ip/hls_export -rtl verilog 
INFO: [HLS 200-1510] Running: source ./video_gray_live_prj/solution1/directives.tcl
INFO: [HLS 200-1510] Running: set_directive_top -name video_gray_live video_gray_live 
INFO: [HLS 200-1510] Running: csynth_design 
INFO: [HLS 200-111] Finished File checks and directory preparation: CPU user time: 0 seconds. CPU system time: 0 seconds. Elapsed time: 0.046 seconds; current allocated memory: 109.180 MB.
INFO: [HLS 200-10] Analyzing design file 'video_gray_live.cpp' ... 
INFO: [HLS 200-111] Finished Source Code Analysis and Preprocessing: CPU user time: 0 seconds. CPU system time: 0 seconds. Elapsed time: 2.623 seconds; current allocated memory: 111.477 MB.
INFO: [HLS 200-777] Using interface defaults for 'Vivado' flow target.
INFO: [HLS 200-1995] There were 411 instructions in the design after the 'Compile/Link' phase of compilation. See the Design Size Report for more details: C:/selected_topics_hdmi/pyzq/hw/hls_gray_ip/video_gray_live_prj/solution1/syn/report/csynth_design_size.rpt
INFO: [HLS 200-1995] There were 140 instructions in the design after the 'Unroll/Inline (step 1)' phase of compilation. See the Design Size Report for more details: C:/selected_topics_hdmi/pyzq/hw/hls_gray_ip/video_gray_live_prj/solution1/syn/report/csynth_design_size.rpt
INFO: [HLS 200-1995] There were 111 instructions in the design after the 'Unroll/Inline (step 2)' phase of compilation. See the Design Size Report for more details: C:/selected_topics_hdmi/pyzq/hw/hls_gray_ip/video_gray_live_prj/solution1/syn/report/csynth_design_size.rpt
INFO: [HLS 200-1995] There were 110 instructions in the design after the 'Unroll/Inline (step 3)' phase of compilation. See the Design Size Report for more details: C:/selected_topics_hdmi/pyzq/hw/hls_gray_ip/video_gray_live_prj/solution1/syn/report/csynth_design_size.rpt
INFO: [HLS 200-1995] There were 110 instructions in the design after the 'Unroll/Inline (step 4)' phase of compilation. See the Design Size Report for more details: C:/selected_topics_hdmi/pyzq/hw/hls_gray_ip/video_gray_live_prj/solution1/syn/report/csynth_design_size.rpt
INFO: [HLS 200-1995] There were 110 instructions in the design after the 'Array/Struct (step 1)' phase of compilation. See the Design Size Report for more details: C:/selected_topics_hdmi/pyzq/hw/hls_gray_ip/video_gray_live_prj/solution1/syn/report/csynth_design_size.rpt
INFO: [HLS 200-1995] There were 110 instructions in the design after the 'Array/Struct (step 2)' phase of compilation. See the Design Size Report for more details: C:/selected_topics_hdmi/pyzq/hw/hls_gray_ip/video_gray_live_prj/solution1/syn/report/csynth_design_size.rpt
INFO: [HLS 200-1995] There were 110 instructions in the design after the 'Array/Struct (step 3)' phase of compilation. See the Design Size Report for more details: C:/selected_topics_hdmi/pyzq/hw/hls_gray_ip/video_gray_live_prj/solution1/syn/report/csynth_design_size.rpt
INFO: [HLS 200-1995] There were 110 instructions in the design after the 'Array/Struct (step 4)' phase of compilation. See the Design Size Report for more details: C:/selected_topics_hdmi/pyzq/hw/hls_gray_ip/video_gray_live_prj/solution1/syn/report/csynth_design_size.rpt
INFO: [HLS 200-1995] There were 222 instructions in the design after the 'Array/Struct (step 5)' phase of compilation. See the Design Size Report for more details: C:/selected_topics_hdmi/pyzq/hw/hls_gray_ip/video_gray_live_prj/solution1/syn/report/csynth_design_size.rpt
INFO: [HLS 200-1995] There were 236 instructions in the design after the 'Performance (step 1)' phase of compilation. See the Design Size Report for more details: C:/selected_topics_hdmi/pyzq/hw/hls_gray_ip/video_gray_live_prj/solution1/syn/report/csynth_design_size.rpt
INFO: [HLS 200-1995] There were 222 instructions in the design after the 'Performance (step 2)' phase of compilation. See the Design Size Report for more details: C:/selected_topics_hdmi/pyzq/hw/hls_gray_ip/video_gray_live_prj/solution1/syn/report/csynth_design_size.rpt
INFO: [HLS 200-1995] There were 124 instructions in the design after the 'Performance (step 3)' phase of compilation. See the Design Size Report for more details: C:/selected_topics_hdmi/pyzq/hw/hls_gray_ip/video_gray_live_prj/solution1/syn/report/csynth_design_size.rpt
INFO: [HLS 200-1995] There were 124 instructions in the design after the 'Performance (step 4)' phase of compilation. See the Design Size Report for more details: C:/selected_topics_hdmi/pyzq/hw/hls_gray_ip/video_gray_live_prj/solution1/syn/report/csynth_design_size.rpt
INFO: [HLS 200-1995] There were 84 instructions in the design after the 'HW Transforms (step 1)' phase of compilation. See the Design Size Report for more details: C:/selected_topics_hdmi/pyzq/hw/hls_gray_ip/video_gray_live_prj/solution1/syn/report/csynth_design_size.rpt
INFO: [HLS 200-1995] There were 59 instructions in the design after the 'HW Transforms (step 2)' phase of compilation. See the Design Size Report for more details: C:/selected_topics_hdmi/pyzq/hw/hls_gray_ip/video_gray_live_prj/solution1/syn/report/csynth_design_size.rpt
INFO: [HLS 200-111] Finished Compiling Optimization and Transform: CPU user time: 0 seconds. CPU system time: 0 seconds. Elapsed time: 7.926 seconds; current allocated memory: 113.801 MB.
INFO: [HLS 200-111] Finished Checking Pragmas: CPU user time: 0 seconds. CPU system time: 0 seconds. Elapsed time: 0.001 seconds; current allocated memory: 113.801 MB.
INFO: [HLS 200-10] Starting code transformations ...
INFO: [HLS 200-111] Finished Standard Transforms: CPU user time: 0 seconds. CPU system time: 1 seconds. Elapsed time: 0.088 seconds; current allocated memory: 118.008 MB.
INFO: [HLS 200-10] Checking synthesizability ...
INFO: [HLS 200-111] Finished Checking Synthesizability: CPU user time: 0 seconds. CPU system time: 0 seconds. Elapsed time: 0.02 seconds; current allocated memory: 119.348 MB.
INFO: [HLS 200-111] Finished Loop, function and other optimizations: CPU user time: 0 seconds. CPU system time: 0 seconds. Elapsed time: 0.042 seconds; current allocated memory: 140.547 MB.
WARNING: [XFORM 203-561] 'VITIS_LOOP_17_1' (video_gray_live.cpp:17:22) in function 'video_gray_live' is an infinite loop.
INFO: [HLS 200-111] Finished Architecture Synthesis: CPU user time: 0 seconds. CPU system time: 0 seconds. Elapsed time: 0.04 seconds; current allocated memory: 140.566 MB.
INFO: [HLS 200-10] Starting hardware synthesis ...
INFO: [HLS 200-10] Synthesizing 'video_gray_live' ...
INFO: [HLS 200-10] ----------------------------------------------------------------
INFO: [HLS 200-42] -- Implementing module 'video_gray_live' 
INFO: [HLS 200-10] ----------------------------------------------------------------
INFO: [SCHED 204-11] Starting scheduling ...
INFO: [SCHED 204-61] Pipelining loop 'VITIS_LOOP_17_1'.
INFO: [HLS 200-1470] Pipelining result : Target II = 1, Final II = 1, Depth = 2, loop 'VITIS_LOOP_17_1'
INFO: [SCHED 204-11] Finished scheduling.
INFO: [HLS 200-111] Finished Scheduling: CPU user time: 0 seconds. CPU system time: 0 seconds. Elapsed time: 0.631 seconds; current allocated memory: 140.566 MB.
INFO: [BIND 205-100] Starting micro-architecture generation ...
INFO: [BIND 205-101] Performing variable lifetime analysis.
INFO: [BIND 205-101] Exploring resource sharing.
INFO: [BIND 205-101] Binding ...
INFO: [BIND 205-100] Finished micro-architecture generation.
INFO: [HLS 200-111] Finished Binding: CPU user time: 0 seconds. CPU system time: 0 seconds. Elapsed time: 0.032 seconds; current allocated memory: 140.566 MB.
INFO: [HLS 200-10] ----------------------------------------------------------------
INFO: [HLS 200-10] -- Generating RTL for module 'video_gray_live' 
INFO: [HLS 200-10] ----------------------------------------------------------------
WARNING: [RTGEN 206-101] Design contains AXI ports. Reset is fixed to synchronous and active low.
INFO: [RTGEN 206-500] Setting interface mode on port 'video_gray_live/in_stream_V_data_V' to 'axis' (register, both mode).
INFO: [RTGEN 206-500] Setting interface mode on port 'video_gray_live/in_stream_V_keep_V' to 'axis' (register, both mode).
INFO: [RTGEN 206-500] Setting interface mode on port 'video_gray_live/in_stream_V_strb_V' to 'axis' (register, both mode).
INFO: [RTGEN 206-500] Setting interface mode on port 'video_gray_live/in_stream_V_user_V' to 'axis' (register, both mode).
INFO: [RTGEN 206-500] Setting interface mode on port 'video_gray_live/in_stream_V_last_V' to 'axis' (register, both mode).
INFO: [RTGEN 206-500] Setting interface mode on port 'video_gray_live/in_stream_V_id_V' to 'axis' (register, both mode).
INFO: [RTGEN 206-500] Setting interface mode on port 'video_gray_live/in_stream_V_dest_V' to 'axis' (register, both mode).
INFO: [RTGEN 206-500] Setting interface mode on port 'video_gray_live/out_stream_V_data_V' to 'axis' (register, both mode).
INFO: [RTGEN 206-500] Setting interface mode on port 'video_gray_live/out_stream_V_keep_V' to 'axis' (register, both mode).
INFO: [RTGEN 206-500] Setting interface mode on port 'video_gray_live/out_stream_V_strb_V' to 'axis' (register, both mode).
INFO: [RTGEN 206-500] Setting interface mode on port 'video_gray_live/out_stream_V_user_V' to 'axis' (register, both mode).
INFO: [RTGEN 206-500] Setting interface mode on port 'video_gray_live/out_stream_V_last_V' to 'axis' (register, both mode).
INFO: [RTGEN 206-500] Setting interface mode on port 'video_gray_live/out_stream_V_id_V' to 'axis' (register, both mode).
INFO: [RTGEN 206-500] Setting interface mode on port 'video_gray_live/out_stream_V_dest_V' to 'axis' (register, both mode).
INFO: [RTGEN 206-500] Setting interface mode on function 'video_gray_live' to 'ap_ctrl_none'.
INFO: [RTGEN 206-100] Finished creating RTL model for 'video_gray_live'.
INFO: [HLS 200-111] Finished Creating RTL model: CPU user time: 0 seconds. CPU system time: 0 seconds. Elapsed time: 0.061 seconds; current allocated memory: 141.934 MB.
INFO: [HLS 200-111] Finished Generating all RTL models: CPU user time: 0 seconds. CPU system time: 0 seconds. Elapsed time: 0.179 seconds; current allocated memory: 146.762 MB.
INFO: [HLS 200-111] Finished Updating report files: CPU user time: 0 seconds. CPU system time: 0 seconds. Elapsed time: 0.258 seconds; current allocated memory: 151.496 MB.
INFO: [VHDL 208-304] Generating VHDL RTL for video_gray_live.
INFO: [VLOG 209-307] Generating Verilog RTL for video_gray_live.
INFO: [HLS 200-790] **** Loop Constraint Status: All loop constraints were satisfied.
INFO: [HLS 200-789] **** Estimated Fmax: 203.75 MHz
INFO: [HLS 200-111] Finished Command csynth_design CPU user time: 0 seconds. CPU system time: 1 seconds. Elapsed time: 11.965 seconds; current allocated memory: 42.520 MB.
==============================================================
Vitis HLS - High-Level Synthesis from C, C++ and OpenCL v2023.2 (64-bit)
Tool Version Limit: 2023.10
Copyright 1986-2022 Xilinx, Inc. All Rights Reserved.
Copyright 2022-2023 Advanced Micro Devices, Inc. All Rights Reserved.

==============================================================
INFO: [SYN 201-201] Setting up clock 'default' with a period of 10ns.
INFO: [HLS 200-1611] Setting target device to 'xc7z020-clg400-1'
INFO: [HLS 200-1505] Using flow_target 'vivado'
INFO: [HLS 200-1464] Running solution command: config_export -format=ip_catalog
INFO: [HLS 200-1464] Running solution command: config_export -output=C:/selected_topics_hdmi/pyzq/hw/hls_gray_ip/hls_export
INFO: [HLS 200-1464] Running solution command: config_export -rtl=verilog
INFO: [HLS 200-1510] Running: set_part xc7z020-clg400-1 
INFO: [HLS 200-1510] Running: create_clock -period 10 -name default 
INFO: [HLS 200-1510] Running: config_export -format ip_catalog -output C:/selected_topics_hdmi/pyzq/hw/hls_gray_ip/hls_export -rtl verilog 
INFO: [HLS 200-1510] Running: source ./video_gray_live_prj/solution1/directives.tcl
INFO: [HLS 200-1510] Running: set_directive_top -name video_gray_live video_gray_live 
INFO: [HLS 200-1510] Running: export_design -rtl verilog -format ip_catalog -output C:/selected_topics_hdmi/pyzq/hw/hls_gray_ip/hls_export 
INFO: [IMPL 213-8] Exporting RTL as a Vivado IP.
INFO: [HLS 200-802] Generated output file hls_export/export.zip
INFO: [HLS 200-111] Finished Command export_design CPU user time: 0 seconds. CPU system time: 1 seconds. Elapsed time: 6.467 seconds; current allocated memory: 6.801 MB.
==============================================================
Vitis HLS - High-Level Synthesis from C, C++ and OpenCL v2023.2 (64-bit)
Tool Version Limit: 2023.10
Copyright 1986-2022 Xilinx, Inc. All Rights Reserved.
Copyright 2022-2023 Advanced Micro Devices, Inc. All Rights Reserved.

==============================================================
INFO: [SYN 201-201] Setting up clock 'default' with a period of 10ns.
INFO: [HLS 200-1611] Setting target device to 'xc7z020-clg400-1'
INFO: [HLS 200-1505] Using flow_target 'vivado'
INFO: [HLS 200-1464] Running solution command: config_export -format=ip_catalog
INFO: [HLS 200-1464] Running solution command: config_export -output=C:/selected_topics_hdmi/pyzq/hw/hls_gray_ip/hls_export
INFO: [HLS 200-1464] Running solution command: config_export -rtl=verilog
INFO: [HLS 200-1510] Running: set_part xc7z020-clg400-1 
INFO: [HLS 200-1510] Running: create_clock -period 10 -name default 
INFO: [HLS 200-1510] Running: config_export -format ip_catalog -output C:/selected_topics_hdmi/pyzq/hw/hls_gray_ip/hls_export -rtl verilog 
INFO: [HLS 200-1510] Running: source ./video_gray_live_prj/solution1/directives.tcl
INFO: [HLS 200-1510] Running: set_directive_top -name video_gray_live video_gray_live 
INFO: [HLS 200-1510] Running: csynth_design 
INFO: [HLS 200-111] Finished File checks and directory preparation: CPU user time: 0 seconds. CPU system time: 0 seconds. Elapsed time: 0.046 seconds; current allocated memory: 109.676 MB.
INFO: [HLS 200-10] Analyzing design file 'video_gray_live.cpp' ... 
INFO: [HLS 200-111] Finished Source Code Analysis and Preprocessing: CPU user time: 0 seconds. CPU system time: 1 seconds. Elapsed time: 3.076 seconds; current allocated memory: 111.941 MB.
INFO: [HLS 200-777] Using interface defaults for 'Vivado' flow target.
INFO: [HLS 200-1995] There were 799 instructions in the design after the 'Compile/Link' phase of compilation. See the Design Size Report for more details: C:/selected_topics_hdmi/pyzq/hw/hls_gray_ip/video_gray_live_prj/solution1/syn/report/csynth_design_size.rpt
INFO: [HLS 200-1995] There were 179 instructions in the design after the 'Unroll/Inline (step 1)' phase of compilation. See the Design Size Report for more details: C:/selected_topics_hdmi/pyzq/hw/hls_gray_ip/video_gray_live_prj/solution1/syn/report/csynth_design_size.rpt
INFO: [HLS 200-1995] There were 136 instructions in the design after the 'Unroll/Inline (step 2)' phase of compilation. See the Design Size Report for more details: C:/selected_topics_hdmi/pyzq/hw/hls_gray_ip/video_gray_live_prj/solution1/syn/report/csynth_design_size.rpt
INFO: [HLS 200-1995] There were 135 instructions in the design after the 'Unroll/Inline (step 3)' phase of compilation. See the Design Size Report for more details: C:/selected_topics_hdmi/pyzq/hw/hls_gray_ip/video_gray_live_prj/solution1/syn/report/csynth_design_size.rpt
INFO: [HLS 200-1995] There were 135 instructions in the design after the 'Unroll/Inline (step 4)' phase of compilation. See the Design Size Report for more details: C:/selected_topics_hdmi/pyzq/hw/hls_gray_ip/video_gray_live_prj/solution1/syn/report/csynth_design_size.rpt
INFO: [HLS 200-1995] There were 133 instructions in the design after the 'Array/Struct (step 1)' phase of compilation. See the Design Size Report for more details: C:/selected_topics_hdmi/pyzq/hw/hls_gray_ip/video_gray_live_prj/solution1/syn/report/csynth_design_size.rpt
INFO: [HLS 200-1995] There were 133 instructions in the design after the 'Array/Struct (step 2)' phase of compilation. See the Design Size Report for more details: C:/selected_topics_hdmi/pyzq/hw/hls_gray_ip/video_gray_live_prj/solution1/syn/report/csynth_design_size.rpt
INFO: [HLS 200-1995] There were 133 instructions in the design after the 'Array/Struct (step 3)' phase of compilation. See the Design Size Report for more details: C:/selected_topics_hdmi/pyzq/hw/hls_gray_ip/video_gray_live_prj/solution1/syn/report/csynth_design_size.rpt
INFO: [HLS 200-1995] There were 133 instructions in the design after the 'Array/Struct (step 4)' phase of compilation. See the Design Size Report for more details: C:/selected_topics_hdmi/pyzq/hw/hls_gray_ip/video_gray_live_prj/solution1/syn/report/csynth_design_size.rpt
INFO: [HLS 200-1995] There were 245 instructions in the design after the 'Array/Struct (step 5)' phase of compilation. See the Design Size Report for more details: C:/selected_topics_hdmi/pyzq/hw/hls_gray_ip/video_gray_live_prj/solution1/syn/report/csynth_design_size.rpt
INFO: [HLS 200-1995] There were 259 instructions in the design after the 'Performance (step 1)' phase of compilation. See the Design Size Report for more details: C:/selected_topics_hdmi/pyzq/hw/hls_gray_ip/video_gray_live_prj/solution1/syn/report/csynth_design_size.rpt
INFO: [HLS 200-1995] There were 245 instructions in the design after the 'Performance (step 2)' phase of compilation. See the Design Size Report for more details: C:/selected_topics_hdmi/pyzq/hw/hls_gray_ip/video_gray_live_prj/solution1/syn/report/csynth_design_size.rpt
INFO: [HLS 200-1995] There were 147 instructions in the design after the 'Performance (step 3)' phase of compilation. See the Design Size Report for more details: C:/selected_topics_hdmi/pyzq/hw/hls_gray_ip/video_gray_live_prj/solution1/syn/report/csynth_design_size.rpt
INFO: [HLS 200-1995] There were 147 instructions in the design after the 'Performance (step 4)' phase of compilation. See the Design Size Report for more details: C:/selected_topics_hdmi/pyzq/hw/hls_gray_ip/video_gray_live_prj/solution1/syn/report/csynth_design_size.rpt
INFO: [HLS 200-1995] There were 107 instructions in the design after the 'HW Transforms (step 1)' phase of compilation. See the Design Size Report for more details: C:/selected_topics_hdmi/pyzq/hw/hls_gray_ip/video_gray_live_prj/solution1/syn/report/csynth_design_size.rpt
INFO: [HLS 200-1995] There were 81 instructions in the design after the 'HW Transforms (step 2)' phase of compilation. See the Design Size Report for more details: C:/selected_topics_hdmi/pyzq/hw/hls_gray_ip/video_gray_live_prj/solution1/syn/report/csynth_design_size.rpt
INFO: [HLS 200-111] Finished Compiling Optimization and Transform: CPU user time: 0 seconds. CPU system time: 0 seconds. Elapsed time: 8.224 seconds; current allocated memory: 114.105 MB.
INFO: [HLS 200-111] Finished Checking Pragmas: CPU user time: 0 seconds. CPU system time: 0 seconds. Elapsed time: 0.002 seconds; current allocated memory: 114.105 MB.
INFO: [HLS 200-10] Starting code transformations ...
INFO: [HLS 200-111] Finished Standard Transforms: CPU user time: 0 seconds. CPU system time: 0 seconds. Elapsed time: 0.112 seconds; current allocated memory: 118.812 MB.
INFO: [HLS 200-10] Checking synthesizability ...
INFO: [HLS 200-111] Finished Checking Synthesizability: CPU user time: 0 seconds. CPU system time: 0 seconds. Elapsed time: 0.03 seconds; current allocated memory: 120.426 MB.
INFO: [HLS 200-111] Finished Loop, function and other optimizations: CPU user time: 0 seconds. CPU system time: 0 seconds. Elapsed time: 0.067 seconds; current allocated memory: 141.559 MB.
WARNING: [XFORM 203-561] 'VITIS_LOOP_27_1' (video_gray_live.cpp:27:22) in function 'video_gray_live' is an infinite loop.
INFO: [HLS 200-111] Finished Architecture Synthesis: CPU user time: 0 seconds. CPU system time: 0 seconds. Elapsed time: 0.062 seconds; current allocated memory: 141.566 MB.
INFO: [HLS 200-10] Starting hardware synthesis ...
INFO: [HLS 200-10] Synthesizing 'video_gray_live' ...
INFO: [HLS 200-10] ----------------------------------------------------------------
INFO: [HLS 200-42] -- Implementing module 'video_gray_live' 
INFO: [HLS 200-10] ----------------------------------------------------------------
INFO: [SCHED 204-11] Starting scheduling ...
INFO: [SCHED 204-61] Pipelining loop 'VITIS_LOOP_27_1'.
INFO: [HLS 200-1470] Pipelining result : Target II = 1, Final II = 1, Depth = 3, loop 'VITIS_LOOP_27_1'
INFO: [SCHED 204-11] Finished scheduling.
INFO: [HLS 200-111] Finished Scheduling: CPU user time: 1 seconds. CPU system time: 0 seconds. Elapsed time: 0.565 seconds; current allocated memory: 141.566 MB.
INFO: [BIND 205-100] Starting micro-architecture generation ...
INFO: [BIND 205-101] Performing variable lifetime analysis.
INFO: [BIND 205-101] Exploring resource sharing.
INFO: [BIND 205-101] Binding ...
INFO: [BIND 205-100] Finished micro-architecture generation.
INFO: [HLS 200-111] Finished Binding: CPU user time: 0 seconds. CPU system time: 0 seconds. Elapsed time: 0.055 seconds; current allocated memory: 141.688 MB.
INFO: [HLS 200-10] ----------------------------------------------------------------
INFO: [HLS 200-10] -- Generating RTL for module 'video_gray_live' 
INFO: [HLS 200-10] ----------------------------------------------------------------
WARNING: [RTGEN 206-101] Design contains AXI ports. Reset is fixed to synchronous and active low.
INFO: [RTGEN 206-500] Setting interface mode on port 'video_gray_live/in_stream_V_data_V' to 'axis' (register, both mode).
INFO: [RTGEN 206-500] Setting interface mode on port 'video_gray_live/in_stream_V_keep_V' to 'axis' (register, both mode).
INFO: [RTGEN 206-500] Setting interface mode on port 'video_gray_live/in_stream_V_strb_V' to 'axis' (register, both mode).
INFO: [RTGEN 206-500] Setting interface mode on port 'video_gray_live/in_stream_V_user_V' to 'axis' (register, both mode).
INFO: [RTGEN 206-500] Setting interface mode on port 'video_gray_live/in_stream_V_last_V' to 'axis' (register, both mode).
INFO: [RTGEN 206-500] Setting interface mode on port 'video_gray_live/in_stream_V_id_V' to 'axis' (register, both mode).
INFO: [RTGEN 206-500] Setting interface mode on port 'video_gray_live/in_stream_V_dest_V' to 'axis' (register, both mode).
INFO: [RTGEN 206-500] Setting interface mode on port 'video_gray_live/out_stream_V_data_V' to 'axis' (register, both mode).
INFO: [RTGEN 206-500] Setting interface mode on port 'video_gray_live/out_stream_V_keep_V' to 'axis' (register, both mode).
INFO: [RTGEN 206-500] Setting interface mode on port 'video_gray_live/out_stream_V_strb_V' to 'axis' (register, both mode).
INFO: [RTGEN 206-500] Setting interface mode on port 'video_gray_live/out_stream_V_user_V' to 'axis' (register, both mode).
INFO: [RTGEN 206-500] Setting interface mode on port 'video_gray_live/out_stream_V_last_V' to 'axis' (register, both mode).
INFO: [RTGEN 206-500] Setting interface mode on port 'video_gray_live/out_stream_V_id_V' to 'axis' (register, both mode).
INFO: [RTGEN 206-500] Setting interface mode on port 'video_gray_live/out_stream_V_dest_V' to 'axis' (register, both mode).
INFO: [RTGEN 206-500] Setting interface mode on function 'video_gray_live' to 'ap_ctrl_none'.
INFO: [RTGEN 206-100] Finished creating RTL model for 'video_gray_live'.
INFO: [RTMG 210-278] Implementing memory 'video_gray_live_prev_frame_RAM_2P_BRAM_1R1W' using block RAMs.
INFO: [HLS 200-111] Finished Creating RTL model: CPU user time: 0 seconds. CPU system time: 0 seconds. Elapsed time: 0.343 seconds; current allocated memory: 149.582 MB.
INFO: [HLS 200-111] Finished Generating all RTL models: CPU user time: 0 seconds. CPU system time: 0 seconds. Elapsed time: 0.344 seconds; current allocated memory: 149.691 MB.
INFO: [HLS 200-111] Finished Updating report files: CPU user time: 0 seconds. CPU system time: 0 seconds. Elapsed time: 0.496 seconds; current allocated memory: 154.902 MB.
INFO: [VHDL 208-304] Generating VHDL RTL for video_gray_live.
INFO: [VLOG 209-307] Generating Verilog RTL for video_gray_live.
INFO: [HLS 200-790] **** Loop Constraint Status: All loop constraints were satisfied.
INFO: [HLS 200-789] **** Estimated Fmax: 160.26 MHz
INFO: [HLS 200-111] Finished Command csynth_design CPU user time: 1 seconds. CPU system time: 1 seconds. Elapsed time: 13.45 seconds; current allocated memory: 45.344 MB.
==============================================================
Vitis HLS - High-Level Synthesis from C, C++ and OpenCL v2023.2 (64-bit)
Tool Version Limit: 2023.10
Copyright 1986-2022 Xilinx, Inc. All Rights Reserved.
Copyright 2022-2023 Advanced Micro Devices, Inc. All Rights Reserved.

==============================================================
INFO: [SYN 201-201] Setting up clock 'default' with a period of 10ns.
INFO: [HLS 200-1611] Setting target device to 'xc7z020-clg400-1'
INFO: [HLS 200-1505] Using flow_target 'vivado'
INFO: [HLS 200-1464] Running solution command: config_export -format=ip_catalog
INFO: [HLS 200-1464] Running solution command: config_export -output=C:/selected_topics_hdmi/pyzq/hw/hls_gray_ip/hls_export
INFO: [HLS 200-1464] Running solution command: config_export -rtl=verilog
INFO: [HLS 200-1510] Running: set_part xc7z020-clg400-1 
INFO: [HLS 200-1510] Running: create_clock -period 10 -name default 
INFO: [HLS 200-1510] Running: config_export -format ip_catalog -output C:/selected_topics_hdmi/pyzq/hw/hls_gray_ip/hls_export -rtl verilog 
INFO: [HLS 200-1510] Running: source ./video_gray_live_prj/solution1/directives.tcl
INFO: [HLS 200-1510] Running: set_directive_top -name video_gray_live video_gray_live 
INFO: [HLS 200-1510] Running: export_design -rtl verilog -format ip_catalog -output C:/selected_topics_hdmi/pyzq/hw/hls_gray_ip/hls_export 
INFO: [IMPL 213-8] Exporting RTL as a Vivado IP.
INFO: [HLS 200-802] Generated output file hls_export/export.zip
INFO: [HLS 200-111] Finished Command export_design CPU user time: 0 seconds. CPU system time: 0 seconds. Elapsed time: 9.307 seconds; current allocated memory: 7.535 MB.
==============================================================
Vitis HLS - High-Level Synthesis from C, C++ and OpenCL v2023.2 (64-bit)
Tool Version Limit: 2023.10
Copyright 1986-2022 Xilinx, Inc. All Rights Reserved.
Copyright 2022-2023 Advanced Micro Devices, Inc. All Rights Reserved.

==============================================================
INFO: [SYN 201-201] Setting up clock 'default' with a period of 10ns.
INFO: [HLS 200-1611] Setting target device to 'xc7z020-clg400-1'
INFO: [HLS 200-1505] Using flow_target 'vivado'
INFO: [HLS 200-1464] Running solution command: config_export -format=ip_catalog
INFO: [HLS 200-1464] Running solution command: config_export -output=C:/selected_topics_hdmi/pyzq/hw/hls_gray_ip/hls_export
INFO: [HLS 200-1464] Running solution command: config_export -rtl=verilog
INFO: [HLS 200-1510] Running: set_part xc7z020-clg400-1 
INFO: [HLS 200-1510] Running: create_clock -period 10 -name default 
INFO: [HLS 200-1510] Running: config_export -format ip_catalog -output C:/selected_topics_hdmi/pyzq/hw/hls_gray_ip/hls_export -rtl verilog 
INFO: [HLS 200-1510] Running: source ./video_gray_live_prj/solution1/directives.tcl
INFO: [HLS 200-1510] Running: set_directive_top -name video_gray_live video_gray_live 
INFO: [HLS 200-1510] Running: csynth_design 
INFO: [HLS 200-111] Finished File checks and directory preparation: CPU user time: 0 seconds. CPU system time: 0 seconds. Elapsed time: 0.046 seconds; current allocated memory: 110.391 MB.
INFO: [HLS 200-10] Analyzing design file 'video_gray_live.cpp' ... 
INFO: [HLS 200-111] Finished Source Code Analysis and Preprocessing: CPU user time: 0 seconds. CPU system time: 0 seconds. Elapsed time: 2.954 seconds; current allocated memory: 112.340 MB.
INFO: [HLS 200-777] Using interface defaults for 'Vivado' flow target.
INFO: [HLS 200-1995] There were 1,479 instructions in the design after the 'Compile/Link' phase of compilation. See the Design Size Report for more details: C:/selected_topics_hdmi/pyzq/hw/hls_gray_ip/video_gray_live_prj/solution1/syn/report/csynth_design_size.rpt
INFO: [HLS 200-1995] There were 216 instructions in the design after the 'Unroll/Inline (step 1)' phase of compilation. See the Design Size Report for more details: C:/selected_topics_hdmi/pyzq/hw/hls_gray_ip/video_gray_live_prj/solution1/syn/report/csynth_design_size.rpt
INFO: [HLS 200-1995] There were 168 instructions in the design after the 'Unroll/Inline (step 2)' phase of compilation. See the Design Size Report for more details: C:/selected_topics_hdmi/pyzq/hw/hls_gray_ip/video_gray_live_prj/solution1/syn/report/csynth_design_size.rpt
INFO: [HLS 200-1995] There were 168 instructions in the design after the 'Unroll/Inline (step 3)' phase of compilation. See the Design Size Report for more details: C:/selected_topics_hdmi/pyzq/hw/hls_gray_ip/video_gray_live_prj/solution1/syn/report/csynth_design_size.rpt
INFO: [HLS 200-1995] There were 168 instructions in the design after the 'Unroll/Inline (step 4)' phase of compilation. See the Design Size Report for more details: C:/selected_topics_hdmi/pyzq/hw/hls_gray_ip/video_gray_live_prj/solution1/syn/report/csynth_design_size.rpt
INFO: [HLS 200-1995] There were 165 instructions in the design after the 'Array/Struct (step 1)' phase of compilation. See the Design Size Report for more details: C:/selected_topics_hdmi/pyzq/hw/hls_gray_ip/video_gray_live_prj/solution1/syn/report/csynth_design_size.rpt
INFO: [HLS 200-1995] There were 165 instructions in the design after the 'Array/Struct (step 2)' phase of compilation. See the Design Size Report for more details: C:/selected_topics_hdmi/pyzq/hw/hls_gray_ip/video_gray_live_prj/solution1/syn/report/csynth_design_size.rpt
INFO: [HLS 200-1995] There were 165 instructions in the design after the 'Array/Struct (step 3)' phase of compilation. See the Design Size Report for more details: C:/selected_topics_hdmi/pyzq/hw/hls_gray_ip/video_gray_live_prj/solution1/syn/report/csynth_design_size.rpt
INFO: [HLS 200-1995] There were 165 instructions in the design after the 'Array/Struct (step 4)' phase of compilation. See the Design Size Report for more details: C:/selected_topics_hdmi/pyzq/hw/hls_gray_ip/video_gray_live_prj/solution1/syn/report/csynth_design_size.rpt
INFO: [HLS 200-1995] There were 277 instructions in the design after the 'Array/Struct (step 5)' phase of compilation. See the Design Size Report for more details: C:/selected_topics_hdmi/pyzq/hw/hls_gray_ip/video_gray_live_prj/solution1/syn/report/csynth_design_size.rpt
INFO: [HLS 200-1995] There were 291 instructions in the design after the 'Performance (step 1)' phase of compilation. See the Design Size Report for more details: C:/selected_topics_hdmi/pyzq/hw/hls_gray_ip/video_gray_live_prj/solution1/syn/report/csynth_design_size.rpt
INFO: [HLS 200-1995] There were 277 instructions in the design after the 'Performance (step 2)' phase of compilation. See the Design Size Report for more details: C:/selected_topics_hdmi/pyzq/hw/hls_gray_ip/video_gray_live_prj/solution1/syn/report/csynth_design_size.rpt
INFO: [HLS 200-1995] There were 178 instructions in the design after the 'Performance (step 3)' phase of compilation. See the Design Size Report for more details: C:/selected_topics_hdmi/pyzq/hw/hls_gray_ip/video_gray_live_prj/solution1/syn/report/csynth_design_size.rpt
INFO: [HLS 200-1995] There were 178 instructions in the design after the 'Performance (step 4)' phase of compilation. See the Design Size Report for more details: C:/selected_topics_hdmi/pyzq/hw/hls_gray_ip/video_gray_live_prj/solution1/syn/report/csynth_design_size.rpt
INFO: [HLS 200-1995] There were 138 instructions in the design after the 'HW Transforms (step 1)' phase of compilation. See the Design Size Report for more details: C:/selected_topics_hdmi/pyzq/hw/hls_gray_ip/video_gray_live_prj/solution1/syn/report/csynth_design_size.rpt
INFO: [HLS 200-1995] There were 112 instructions in the design after the 'HW Transforms (step 2)' phase of compilation. See the Design Size Report for more details: C:/selected_topics_hdmi/pyzq/hw/hls_gray_ip/video_gray_live_prj/solution1/syn/report/csynth_design_size.rpt
INFO: [HLS 200-111] Finished Compiling Optimization and Transform: CPU user time: 0 seconds. CPU system time: 0 seconds. Elapsed time: 8.003 seconds; current allocated memory: 114.488 MB.
INFO: [HLS 200-111] Finished Checking Pragmas: CPU user time: 0 seconds. CPU system time: 0 seconds. Elapsed time: 0.001 seconds; current allocated memory: 114.492 MB.
INFO: [HLS 200-10] Starting code transformations ...
INFO: [HLS 200-111] Finished Standard Transforms: CPU user time: 0 seconds. CPU system time: 0 seconds. Elapsed time: 0.099 seconds; current allocated memory: 119.578 MB.
INFO: [HLS 200-10] Checking synthesizability ...
INFO: [HLS 200-111] Finished Checking Synthesizability: CPU user time: 0 seconds. CPU system time: 0 seconds. Elapsed time: 0.023 seconds; current allocated memory: 121.285 MB.
INFO: [HLS 200-111] Finished Loop, function and other optimizations: CPU user time: 0 seconds. CPU system time: 0 seconds. Elapsed time: 0.051 seconds; current allocated memory: 143.125 MB.
WARNING: [XFORM 203-561] 'VITIS_LOOP_33_1' (video_gray_live.cpp:33:22) in function 'video_gray_live' is an infinite loop.
INFO: [HLS 200-111] Finished Architecture Synthesis: CPU user time: 0 seconds. CPU system time: 0 seconds. Elapsed time: 0.049 seconds; current allocated memory: 143.129 MB.
INFO: [HLS 200-10] Starting hardware synthesis ...
INFO: [HLS 200-10] Synthesizing 'video_gray_live' ...
INFO: [HLS 200-10] ----------------------------------------------------------------
INFO: [HLS 200-42] -- Implementing module 'video_gray_live' 
INFO: [HLS 200-10] ----------------------------------------------------------------
INFO: [SCHED 204-11] Starting scheduling ...
INFO: [SCHED 204-61] Pipelining loop 'VITIS_LOOP_33_1'.
INFO: [HLS 200-1470] Pipelining result : Target II = 1, Final II = 1, Depth = 5, loop 'VITIS_LOOP_33_1'
INFO: [SCHED 204-11] Finished scheduling.
INFO: [HLS 200-111] Finished Scheduling: CPU user time: 0 seconds. CPU system time: 0 seconds. Elapsed time: 0.554 seconds; current allocated memory: 143.129 MB.
INFO: [BIND 205-100] Starting micro-architecture generation ...
INFO: [BIND 205-101] Performing variable lifetime analysis.
INFO: [BIND 205-101] Exploring resource sharing.
INFO: [BIND 205-101] Binding ...
INFO: [BIND 205-100] Finished micro-architecture generation.
INFO: [HLS 200-111] Finished Binding: CPU user time: 0 seconds. CPU system time: 0 seconds. Elapsed time: 0.039 seconds; current allocated memory: 143.348 MB.
INFO: [HLS 200-10] ----------------------------------------------------------------
INFO: [HLS 200-10] -- Generating RTL for module 'video_gray_live' 
INFO: [HLS 200-10] ----------------------------------------------------------------
WARNING: [RTGEN 206-101] Design contains AXI ports. Reset is fixed to synchronous and active low.
INFO: [RTGEN 206-500] Setting interface mode on port 'video_gray_live/in_stream_V_data_V' to 'axis' (register, both mode).
INFO: [RTGEN 206-500] Setting interface mode on port 'video_gray_live/in_stream_V_keep_V' to 'axis' (register, both mode).
INFO: [RTGEN 206-500] Setting interface mode on port 'video_gray_live/in_stream_V_strb_V' to 'axis' (register, both mode).
INFO: [RTGEN 206-500] Setting interface mode on port 'video_gray_live/in_stream_V_user_V' to 'axis' (register, both mode).
INFO: [RTGEN 206-500] Setting interface mode on port 'video_gray_live/in_stream_V_last_V' to 'axis' (register, both mode).
INFO: [RTGEN 206-500] Setting interface mode on port 'video_gray_live/in_stream_V_id_V' to 'axis' (register, both mode).
INFO: [RTGEN 206-500] Setting interface mode on port 'video_gray_live/in_stream_V_dest_V' to 'axis' (register, both mode).
INFO: [RTGEN 206-500] Setting interface mode on port 'video_gray_live/out_stream_V_data_V' to 'axis' (register, both mode).
INFO: [RTGEN 206-500] Setting interface mode on port 'video_gray_live/out_stream_V_keep_V' to 'axis' (register, both mode).
INFO: [RTGEN 206-500] Setting interface mode on port 'video_gray_live/out_stream_V_strb_V' to 'axis' (register, both mode).
INFO: [RTGEN 206-500] Setting interface mode on port 'video_gray_live/out_stream_V_user_V' to 'axis' (register, both mode).
INFO: [RTGEN 206-500] Setting interface mode on port 'video_gray_live/out_stream_V_last_V' to 'axis' (register, both mode).
INFO: [RTGEN 206-500] Setting interface mode on port 'video_gray_live/out_stream_V_id_V' to 'axis' (register, both mode).
INFO: [RTGEN 206-500] Setting interface mode on port 'video_gray_live/out_stream_V_dest_V' to 'axis' (register, both mode).
INFO: [RTGEN 206-500] Setting interface mode on function 'video_gray_live' to 'ap_ctrl_none'.
INFO: [RTGEN 206-100] Finished creating RTL model for 'video_gray_live'.
INFO: [RTMG 210-278] Implementing memory 'video_gray_live_prev_frame_RAM_2P_BRAM_1R1W' using block RAMs.
INFO: [HLS 200-111] Finished Creating RTL model: CPU user time: 0 seconds. CPU system time: 0 seconds. Elapsed time: 0.091 seconds; current allocated memory: 146.621 MB.
INFO: [HLS 200-111] Finished Generating all RTL models: CPU user time: 0 seconds. CPU system time: 0 seconds. Elapsed time: 0.252 seconds; current allocated memory: 151.879 MB.
INFO: [HLS 200-111] Finished Updating report files: CPU user time: 1 seconds. CPU system time: 0 seconds. Elapsed time: 0.255 seconds; current allocated memory: 156.586 MB.
INFO: [VHDL 208-304] Generating VHDL RTL for video_gray_live.
INFO: [VLOG 209-307] Generating Verilog RTL for video_gray_live.
INFO: [HLS 200-790] **** Loop Constraint Status: All loop constraints were satisfied.
INFO: [HLS 200-789] **** Estimated Fmax: 171.82 MHz
INFO: [HLS 200-111] Finished Command csynth_design CPU user time: 1 seconds. CPU system time: 0 seconds. Elapsed time: 12.435 seconds; current allocated memory: 46.320 MB.
==============================================================
Vitis HLS - High-Level Synthesis from C, C++ and OpenCL v2023.2 (64-bit)
Tool Version Limit: 2023.10
Copyright 1986-2022 Xilinx, Inc. All Rights Reserved.
Copyright 2022-2023 Advanced Micro Devices, Inc. All Rights Reserved.

==============================================================
INFO: [SYN 201-201] Setting up clock 'default' with a period of 10ns.
INFO: [HLS 200-1611] Setting target device to 'xc7z020-clg400-1'
INFO: [HLS 200-1505] Using flow_target 'vivado'
INFO: [HLS 200-1464] Running solution command: config_export -format=ip_catalog
INFO: [HLS 200-1464] Running solution command: config_export -output=C:/selected_topics_hdmi/pyzq/hw/hls_gray_ip/hls_export
INFO: [HLS 200-1464] Running solution command: config_export -rtl=verilog
INFO: [HLS 200-1510] Running: set_part xc7z020-clg400-1 
INFO: [HLS 200-1510] Running: create_clock -period 10 -name default 
INFO: [HLS 200-1510] Running: config_export -format ip_catalog -output C:/selected_topics_hdmi/pyzq/hw/hls_gray_ip/hls_export -rtl verilog 
INFO: [HLS 200-1510] Running: source ./video_gray_live_prj/solution1/directives.tcl
INFO: [HLS 200-1510] Running: set_directive_top -name video_gray_live video_gray_live 
INFO: [HLS 200-1510] Running: csynth_design 
INFO: [HLS 200-111] Finished File checks and directory preparation: CPU user time: 0 seconds. CPU system time: 0 seconds. Elapsed time: 0.044 seconds; current allocated memory: 110.227 MB.
INFO: [HLS 200-10] Analyzing design file 'video_gray_live.cpp' ... 
INFO: [HLS 200-111] Finished Source Code Analysis and Preprocessing: CPU user time: 0 seconds. CPU system time: 0 seconds. Elapsed time: 2.491 seconds; current allocated memory: 112.410 MB.
INFO: [HLS 200-777] Using interface defaults for 'Vivado' flow target.
INFO: [HLS 200-1995] There were 1,433 instructions in the design after the 'Compile/Link' phase of compilation. See the Design Size Report for more details: C:/selected_topics_hdmi/pyzq/hw/hls_gray_ip/video_gray_live_prj/solution1/syn/report/csynth_design_size.rpt
INFO: [HLS 200-1995] There were 212 instructions in the design after the 'Unroll/Inline (step 1)' phase of compilation. See the Design Size Report for more details: C:/selected_topics_hdmi/pyzq/hw/hls_gray_ip/video_gray_live_prj/solution1/syn/report/csynth_design_size.rpt
INFO: [HLS 200-1995] There were 167 instructions in the design after the 'Unroll/Inline (step 2)' phase of compilation. See the Design Size Report for more details: C:/selected_topics_hdmi/pyzq/hw/hls_gray_ip/video_gray_live_prj/solution1/syn/report/csynth_design_size.rpt
INFO: [HLS 200-1995] There were 167 instructions in the design after the 'Unroll/Inline (step 3)' phase of compilation. See the Design Size Report for more details: C:/selected_topics_hdmi/pyzq/hw/hls_gray_ip/video_gray_live_prj/solution1/syn/report/csynth_design_size.rpt
INFO: [HLS 200-1995] There were 167 instructions in the design after the 'Unroll/Inline (step 4)' phase of compilation. See the Design Size Report for more details: C:/selected_topics_hdmi/pyzq/hw/hls_gray_ip/video_gray_live_prj/solution1/syn/report/csynth_design_size.rpt
INFO: [HLS 200-1995] There were 164 instructions in the design after the 'Array/Struct (step 1)' phase of compilation. See the Design Size Report for more details: C:/selected_topics_hdmi/pyzq/hw/hls_gray_ip/video_gray_live_prj/solution1/syn/report/csynth_design_size.rpt
INFO: [HLS 200-1995] There were 164 instructions in the design after the 'Array/Struct (step 2)' phase of compilation. See the Design Size Report for more details: C:/selected_topics_hdmi/pyzq/hw/hls_gray_ip/video_gray_live_prj/solution1/syn/report/csynth_design_size.rpt
INFO: [HLS 200-1995] There were 164 instructions in the design after the 'Array/Struct (step 3)' phase of compilation. See the Design Size Report for more details: C:/selected_topics_hdmi/pyzq/hw/hls_gray_ip/video_gray_live_prj/solution1/syn/report/csynth_design_size.rpt
INFO: [HLS 200-1995] There were 164 instructions in the design after the 'Array/Struct (step 4)' phase of compilation. See the Design Size Report for more details: C:/selected_topics_hdmi/pyzq/hw/hls_gray_ip/video_gray_live_prj/solution1/syn/report/csynth_design_size.rpt
INFO: [HLS 200-1995] There were 276 instructions in the design after the 'Array/Struct (step 5)' phase of compilation. See the Design Size Report for more details: C:/selected_topics_hdmi/pyzq/hw/hls_gray_ip/video_gray_live_prj/solution1/syn/report/csynth_design_size.rpt
INFO: [HLS 200-1995] There were 290 instructions in the design after the 'Performance (step 1)' phase of compilation. See the Design Size Report for more details: C:/selected_topics_hdmi/pyzq/hw/hls_gray_ip/video_gray_live_prj/solution1/syn/report/csynth_design_size.rpt
INFO: [HLS 200-1995] There were 276 instructions in the design after the 'Performance (step 2)' phase of compilation. See the Design Size Report for more details: C:/selected_topics_hdmi/pyzq/hw/hls_gray_ip/video_gray_live_prj/solution1/syn/report/csynth_design_size.rpt
INFO: [HLS 200-1995] There were 177 instructions in the design after the 'Performance (step 3)' phase of compilation. See the Design Size Report for more details: C:/selected_topics_hdmi/pyzq/hw/hls_gray_ip/video_gray_live_prj/solution1/syn/report/csynth_design_size.rpt
INFO: [HLS 200-1995] There were 177 instructions in the design after the 'Performance (step 4)' phase of compilation. See the Design Size Report for more details: C:/selected_topics_hdmi/pyzq/hw/hls_gray_ip/video_gray_live_prj/solution1/syn/report/csynth_design_size.rpt
INFO: [HLS 200-1995] There were 137 instructions in the design after the 'HW Transforms (step 1)' phase of compilation. See the Design Size Report for more details: C:/selected_topics_hdmi/pyzq/hw/hls_gray_ip/video_gray_live_prj/solution1/syn/report/csynth_design_size.rpt
INFO: [HLS 200-1995] There were 111 instructions in the design after the 'HW Transforms (step 2)' phase of compilation. See the Design Size Report for more details: C:/selected_topics_hdmi/pyzq/hw/hls_gray_ip/video_gray_live_prj/solution1/syn/report/csynth_design_size.rpt
INFO: [HLS 200-111] Finished Compiling Optimization and Transform: CPU user time: 0 seconds. CPU system time: 0 seconds. Elapsed time: 7.829 seconds; current allocated memory: 114.711 MB.
INFO: [HLS 200-111] Finished Checking Pragmas: CPU user time: 0 seconds. CPU system time: 0 seconds. Elapsed time: 0.001 seconds; current allocated memory: 114.711 MB.
INFO: [HLS 200-10] Starting code transformations ...
INFO: [HLS 200-111] Finished Standard Transforms: CPU user time: 0 seconds. CPU system time: 0 seconds. Elapsed time: 0.011 seconds; current allocated memory: 119.559 MB.
INFO: [HLS 200-10] Checking synthesizability ...
INFO: [HLS 200-111] Finished Checking Synthesizability: CPU user time: 0 seconds. CPU system time: 0 seconds. Elapsed time: 0.009 seconds; current allocated memory: 121.262 MB.
INFO: [HLS 200-111] Finished Loop, function and other optimizations: CPU user time: 0 seconds. CPU system time: 1 seconds. Elapsed time: 0.03 seconds; current allocated memory: 142.984 MB.
WARNING: [XFORM 203-561] 'VITIS_LOOP_34_1' (video_gray_live.cpp:34:22) in function 'video_gray_live' is an infinite loop.
INFO: [HLS 200-111] Finished Architecture Synthesis: CPU user time: 0 seconds. CPU system time: 0 seconds. Elapsed time: 0.024 seconds; current allocated memory: 142.992 MB.
INFO: [HLS 200-10] Starting hardware synthesis ...
INFO: [HLS 200-10] Synthesizing 'video_gray_live' ...
INFO: [HLS 200-10] ----------------------------------------------------------------
INFO: [HLS 200-42] -- Implementing module 'video_gray_live' 
INFO: [HLS 200-10] ----------------------------------------------------------------
INFO: [SCHED 204-11] Starting scheduling ...
INFO: [SCHED 204-61] Pipelining loop 'VITIS_LOOP_34_1'.
INFO: [HLS 200-1470] Pipelining result : Target II = 1, Final II = 1, Depth = 5, loop 'VITIS_LOOP_34_1'
INFO: [SCHED 204-11] Finished scheduling.
INFO: [HLS 200-111] Finished Scheduling: CPU user time: 0 seconds. CPU system time: 0 seconds. Elapsed time: 0.213 seconds; current allocated memory: 142.992 MB.
INFO: [BIND 205-100] Starting micro-architecture generation ...
INFO: [BIND 205-101] Performing variable lifetime analysis.
INFO: [BIND 205-101] Exploring resource sharing.
INFO: [BIND 205-101] Binding ...
INFO: [BIND 205-100] Finished micro-architecture generation.
INFO: [HLS 200-111] Finished Binding: CPU user time: 0 seconds. CPU system time: 0 seconds. Elapsed time: 0.023 seconds; current allocated memory: 143.297 MB.
INFO: [HLS 200-10] ----------------------------------------------------------------
INFO: [HLS 200-10] -- Generating RTL for module 'video_gray_live' 
INFO: [HLS 200-10] ----------------------------------------------------------------
WARNING: [RTGEN 206-101] Design contains AXI ports. Reset is fixed to synchronous and active low.
INFO: [RTGEN 206-500] Setting interface mode on port 'video_gray_live/in_stream_V_data_V' to 'axis' (register, both mode).
INFO: [RTGEN 206-500] Setting interface mode on port 'video_gray_live/in_stream_V_keep_V' to 'axis' (register, both mode).
INFO: [RTGEN 206-500] Setting interface mode on port 'video_gray_live/in_stream_V_strb_V' to 'axis' (register, both mode).
INFO: [RTGEN 206-500] Setting interface mode on port 'video_gray_live/in_stream_V_user_V' to 'axis' (register, both mode).
INFO: [RTGEN 206-500] Setting interface mode on port 'video_gray_live/in_stream_V_last_V' to 'axis' (register, both mode).
INFO: [RTGEN 206-500] Setting interface mode on port 'video_gray_live/in_stream_V_id_V' to 'axis' (register, both mode).
INFO: [RTGEN 206-500] Setting interface mode on port 'video_gray_live/in_stream_V_dest_V' to 'axis' (register, both mode).
INFO: [RTGEN 206-500] Setting interface mode on port 'video_gray_live/out_stream_V_data_V' to 'axis' (register, both mode).
INFO: [RTGEN 206-500] Setting interface mode on port 'video_gray_live/out_stream_V_keep_V' to 'axis' (register, both mode).
INFO: [RTGEN 206-500] Setting interface mode on port 'video_gray_live/out_stream_V_strb_V' to 'axis' (register, both mode).
INFO: [RTGEN 206-500] Setting interface mode on port 'video_gray_live/out_stream_V_user_V' to 'axis' (register, both mode).
INFO: [RTGEN 206-500] Setting interface mode on port 'video_gray_live/out_stream_V_last_V' to 'axis' (register, both mode).
INFO: [RTGEN 206-500] Setting interface mode on port 'video_gray_live/out_stream_V_id_V' to 'axis' (register, both mode).
INFO: [RTGEN 206-500] Setting interface mode on port 'video_gray_live/out_stream_V_dest_V' to 'axis' (register, both mode).
INFO: [RTGEN 206-500] Setting interface mode on function 'video_gray_live' to 'ap_ctrl_none'.
INFO: [RTGEN 206-100] Finished creating RTL model for 'video_gray_live'.
INFO: [RTMG 210-278] Implementing memory 'video_gray_live_prev_frame_RAM_2P_BRAM_1R1W' using block RAMs.
INFO: [HLS 200-111] Finished Creating RTL model: CPU user time: 0 seconds. CPU system time: 0 seconds. Elapsed time: 0.061 seconds; current allocated memory: 146.633 MB.
INFO: [HLS 200-111] Finished Generating all RTL models: CPU user time: 0 seconds. CPU system time: 0 seconds. Elapsed time: 0.219 seconds; current allocated memory: 151.762 MB.
INFO: [HLS 200-111] Finished Updating report files: CPU user time: 1 seconds. CPU system time: 0 seconds. Elapsed time: 0.261 seconds; current allocated memory: 156.789 MB.
INFO: [VHDL 208-304] Generating VHDL RTL for video_gray_live.
INFO: [VLOG 209-307] Generating Verilog RTL for video_gray_live.
INFO: [HLS 200-790] **** Loop Constraint Status: All loop constraints were satisfied.
INFO: [HLS 200-789] **** Estimated Fmax: 171.82 MHz
INFO: [HLS 200-111] Finished Command csynth_design CPU user time: 1 seconds. CPU system time: 1 seconds. Elapsed time: 11.232 seconds; current allocated memory: 46.668 MB.
==============================================================
Vitis HLS - High-Level Synthesis from C, C++ and OpenCL v2023.2 (64-bit)
Tool Version Limit: 2023.10
Copyright 1986-2022 Xilinx, Inc. All Rights Reserved.
Copyright 2022-2023 Advanced Micro Devices, Inc. All Rights Reserved.

==============================================================
INFO: [SYN 201-201] Setting up clock 'default' with a period of 10ns.
INFO: [HLS 200-1611] Setting target device to 'xc7z020-clg400-1'
INFO: [HLS 200-1505] Using flow_target 'vivado'
INFO: [HLS 200-1464] Running solution command: config_export -format=ip_catalog
INFO: [HLS 200-1464] Running solution command: config_export -output=C:/selected_topics_hdmi/pyzq/hw/hls_gray_ip/hls_export
INFO: [HLS 200-1464] Running solution command: config_export -rtl=verilog
INFO: [HLS 200-1510] Running: set_part xc7z020-clg400-1 
INFO: [HLS 200-1510] Running: create_clock -period 10 -name default 
INFO: [HLS 200-1510] Running: config_export -format ip_catalog -output C:/selected_topics_hdmi/pyzq/hw/hls_gray_ip/hls_export -rtl verilog 
INFO: [HLS 200-1510] Running: source ./video_gray_live_prj/solution1/directives.tcl
INFO: [HLS 200-1510] Running: set_directive_top -name video_gray_live video_gray_live 
INFO: [HLS 200-1510] Running: export_design -rtl verilog -format ip_catalog -output C:/selected_topics_hdmi/pyzq/hw/hls_gray_ip/hls_export 
INFO: [IMPL 213-8] Exporting RTL as a Vivado IP.
INFO: [HLS 200-802] Generated output file hls_export/export.zip
INFO: [HLS 200-111] Finished Command export_design CPU user time: 0 seconds. CPU system time: 1 seconds. Elapsed time: 8.61 seconds; current allocated memory: 7.539 MB.
==============================================================
Vitis HLS - High-Level Synthesis from C, C++ and OpenCL v2023.2 (64-bit)
Tool Version Limit: 2023.10
Copyright 1986-2022 Xilinx, Inc. All Rights Reserved.
Copyright 2022-2023 Advanced Micro Devices, Inc. All Rights Reserved.

==============================================================
INFO: [SYN 201-201] Setting up clock 'default' with a period of 10ns.
INFO: [HLS 200-1611] Setting target device to 'xc7z020-clg400-1'
INFO: [HLS 200-1505] Using flow_target 'vivado'
INFO: [HLS 200-1464] Running solution command: config_export -format=ip_catalog
INFO: [HLS 200-1464] Running solution command: config_export -output=C:/selected_topics_hdmi/pyzq/hw/hls_gray_ip/hls_export
INFO: [HLS 200-1464] Running solution command: config_export -rtl=verilog
INFO: [HLS 200-1510] Running: set_part xc7z020-clg400-1 
INFO: [HLS 200-1510] Running: create_clock -period 10 -name default 
INFO: [HLS 200-1510] Running: config_export -format ip_catalog -output C:/selected_topics_hdmi/pyzq/hw/hls_gray_ip/hls_export -rtl verilog 
INFO: [HLS 200-1510] Running: source ./video_gray_live_prj/solution1/directives.tcl
INFO: [HLS 200-1510] Running: set_directive_top -name video_gray_live video_gray_live 
INFO: [HLS 200-1510] Running: csynth_design 
INFO: [HLS 200-111] Finished File checks and directory preparation: CPU user time: 0 seconds. CPU system time: 0 seconds. Elapsed time: 0.045 seconds; current allocated memory: 109.668 MB.
INFO: [HLS 200-10] Analyzing design file 'video_gray_live.cpp' ... 
INFO: [HLS 200-111] Finished Source Code Analysis and Preprocessing: CPU user time: 0 seconds. CPU system time: 0 seconds. Elapsed time: 2.781 seconds; current allocated memory: 111.797 MB.
INFO: [HLS 200-777] Using interface defaults for 'Vivado' flow target.
INFO: [HLS 200-1995] There were 1,345 instructions in the design after the 'Compile/Link' phase of compilation. See the Design Size Report for more details: C:/selected_topics_hdmi/pyzq/hw/hls_gray_ip/video_gray_live_prj/solution1/syn/report/csynth_design_size.rpt
INFO: [HLS 200-1995] There were 183 instructions in the design after the 'Unroll/Inline (step 1)' phase of compilation. See the Design Size Report for more details: C:/selected_topics_hdmi/pyzq/hw/hls_gray_ip/video_gray_live_prj/solution1/syn/report/csynth_design_size.rpt
INFO: [HLS 200-1995] There were 114 instructions in the design after the 'Unroll/Inline (step 2)' phase of compilation. See the Design Size Report for more details: C:/selected_topics_hdmi/pyzq/hw/hls_gray_ip/video_gray_live_prj/solution1/syn/report/csynth_design_size.rpt
INFO: [HLS 200-1995] There were 113 instructions in the design after the 'Unroll/Inline (step 3)' phase of compilation. See the Design Size Report for more details: C:/selected_topics_hdmi/pyzq/hw/hls_gray_ip/video_gray_live_prj/solution1/syn/report/csynth_design_size.rpt
INFO: [HLS 200-1995] There were 113 instructions in the design after the 'Unroll/Inline (step 4)' phase of compilation. See the Design Size Report for more details: C:/selected_topics_hdmi/pyzq/hw/hls_gray_ip/video_gray_live_prj/solution1/syn/report/csynth_design_size.rpt
INFO: [HLS 200-1995] There were 113 instructions in the design after the 'Array/Struct (step 1)' phase of compilation. See the Design Size Report for more details: C:/selected_topics_hdmi/pyzq/hw/hls_gray_ip/video_gray_live_prj/solution1/syn/report/csynth_design_size.rpt
INFO: [HLS 200-1995] There were 113 instructions in the design after the 'Array/Struct (step 2)' phase of compilation. See the Design Size Report for more details: C:/selected_topics_hdmi/pyzq/hw/hls_gray_ip/video_gray_live_prj/solution1/syn/report/csynth_design_size.rpt
INFO: [HLS 200-1995] There were 113 instructions in the design after the 'Array/Struct (step 3)' phase of compilation. See the Design Size Report for more details: C:/selected_topics_hdmi/pyzq/hw/hls_gray_ip/video_gray_live_prj/solution1/syn/report/csynth_design_size.rpt
INFO: [HLS 200-1995] There were 113 instructions in the design after the 'Array/Struct (step 4)' phase of compilation. See the Design Size Report for more details: C:/selected_topics_hdmi/pyzq/hw/hls_gray_ip/video_gray_live_prj/solution1/syn/report/csynth_design_size.rpt
INFO: [HLS 200-1995] There were 225 instructions in the design after the 'Array/Struct (step 5)' phase of compilation. See the Design Size Report for more details: C:/selected_topics_hdmi/pyzq/hw/hls_gray_ip/video_gray_live_prj/solution1/syn/report/csynth_design_size.rpt
INFO: [HLS 200-1995] There were 239 instructions in the design after the 'Performance (step 1)' phase of compilation. See the Design Size Report for more details: C:/selected_topics_hdmi/pyzq/hw/hls_gray_ip/video_gray_live_prj/solution1/syn/report/csynth_design_size.rpt
INFO: [HLS 200-1995] There were 225 instructions in the design after the 'Performance (step 2)' phase of compilation. See the Design Size Report for more details: C:/selected_topics_hdmi/pyzq/hw/hls_gray_ip/video_gray_live_prj/solution1/syn/report/csynth_design_size.rpt
INFO: [HLS 200-1995] There were 127 instructions in the design after the 'Performance (step 3)' phase of compilation. See the Design Size Report for more details: C:/selected_topics_hdmi/pyzq/hw/hls_gray_ip/video_gray_live_prj/solution1/syn/report/csynth_design_size.rpt
INFO: [HLS 200-1995] There were 127 instructions in the design after the 'Performance (step 4)' phase of compilation. See the Design Size Report for more details: C:/selected_topics_hdmi/pyzq/hw/hls_gray_ip/video_gray_live_prj/solution1/syn/report/csynth_design_size.rpt
INFO: [HLS 200-1995] There were 87 instructions in the design after the 'HW Transforms (step 1)' phase of compilation. See the Design Size Report for more details: C:/selected_topics_hdmi/pyzq/hw/hls_gray_ip/video_gray_live_prj/solution1/syn/report/csynth_design_size.rpt
INFO: [HLS 200-1995] There were 61 instructions in the design after the 'HW Transforms (step 2)' phase of compilation. See the Design Size Report for more details: C:/selected_topics_hdmi/pyzq/hw/hls_gray_ip/video_gray_live_prj/solution1/syn/report/csynth_design_size.rpt
INFO: [HLS 200-111] Finished Compiling Optimization and Transform: CPU user time: 0 seconds. CPU system time: 0 seconds. Elapsed time: 7.994 seconds; current allocated memory: 114.070 MB.
INFO: [HLS 200-111] Finished Checking Pragmas: CPU user time: 0 seconds. CPU system time: 0 seconds. Elapsed time: 0.001 seconds; current allocated memory: 114.070 MB.
INFO: [HLS 200-10] Starting code transformations ...
INFO: [HLS 200-111] Finished Standard Transforms: CPU user time: 0 seconds. CPU system time: 0 seconds. Elapsed time: 0.092 seconds; current allocated memory: 118.387 MB.
INFO: [HLS 200-10] Checking synthesizability ...
INFO: [HLS 200-111] Finished Checking Synthesizability: CPU user time: 0 seconds. CPU system time: 0 seconds. Elapsed time: 0.022 seconds; current allocated memory: 119.875 MB.
INFO: [HLS 200-111] Finished Loop, function and other optimizations: CPU user time: 0 seconds. CPU system time: 0 seconds. Elapsed time: 0.042 seconds; current allocated memory: 140.957 MB.
WARNING: [XFORM 203-561] 'VITIS_LOOP_31_1' (video_gray_live.cpp:31:22) in function 'video_gray_live' is an infinite loop.
INFO: [HLS 200-111] Finished Architecture Synthesis: CPU user time: 0 seconds. CPU system time: 0 seconds. Elapsed time: 0.044 seconds; current allocated memory: 140.965 MB.
INFO: [HLS 200-10] Starting hardware synthesis ...
INFO: [HLS 200-10] Synthesizing 'video_gray_live' ...
INFO: [HLS 200-10] ----------------------------------------------------------------
INFO: [HLS 200-42] -- Implementing module 'video_gray_live' 
INFO: [HLS 200-10] ----------------------------------------------------------------
INFO: [SCHED 204-11] Starting scheduling ...
INFO: [SCHED 204-61] Pipelining loop 'VITIS_LOOP_31_1'.
INFO: [HLS 200-1470] Pipelining result : Target II = 1, Final II = 1, Depth = 2, loop 'VITIS_LOOP_31_1'
INFO: [SCHED 204-11] Finished scheduling.
INFO: [HLS 200-111] Finished Scheduling: CPU user time: 0 seconds. CPU system time: 0 seconds. Elapsed time: 0.487 seconds; current allocated memory: 140.965 MB.
INFO: [BIND 205-100] Starting micro-architecture generation ...
INFO: [BIND 205-101] Performing variable lifetime analysis.
INFO: [BIND 205-101] Exploring resource sharing.
INFO: [BIND 205-101] Binding ...
INFO: [BIND 205-100] Finished micro-architecture generation.
INFO: [HLS 200-111] Finished Binding: CPU user time: 0 seconds. CPU system time: 0 seconds. Elapsed time: 0.031 seconds; current allocated memory: 140.965 MB.
INFO: [HLS 200-10] ----------------------------------------------------------------
INFO: [HLS 200-10] -- Generating RTL for module 'video_gray_live' 
INFO: [HLS 200-10] ----------------------------------------------------------------
WARNING: [RTGEN 206-101] Design contains AXI ports. Reset is fixed to synchronous and active low.
INFO: [RTGEN 206-500] Setting interface mode on port 'video_gray_live/in_stream_V_data_V' to 'axis' (register, both mode).
INFO: [RTGEN 206-500] Setting interface mode on port 'video_gray_live/in_stream_V_keep_V' to 'axis' (register, both mode).
INFO: [RTGEN 206-500] Setting interface mode on port 'video_gray_live/in_stream_V_strb_V' to 'axis' (register, both mode).
INFO: [RTGEN 206-500] Setting interface mode on port 'video_gray_live/in_stream_V_user_V' to 'axis' (register, both mode).
INFO: [RTGEN 206-500] Setting interface mode on port 'video_gray_live/in_stream_V_last_V' to 'axis' (register, both mode).
INFO: [RTGEN 206-500] Setting interface mode on port 'video_gray_live/in_stream_V_id_V' to 'axis' (register, both mode).
INFO: [RTGEN 206-500] Setting interface mode on port 'video_gray_live/in_stream_V_dest_V' to 'axis' (register, both mode).
INFO: [RTGEN 206-500] Setting interface mode on port 'video_gray_live/out_stream_V_data_V' to 'axis' (register, both mode).
INFO: [RTGEN 206-500] Setting interface mode on port 'video_gray_live/out_stream_V_keep_V' to 'axis' (register, both mode).
INFO: [RTGEN 206-500] Setting interface mode on port 'video_gray_live/out_stream_V_strb_V' to 'axis' (register, both mode).
INFO: [RTGEN 206-500] Setting interface mode on port 'video_gray_live/out_stream_V_user_V' to 'axis' (register, both mode).
INFO: [RTGEN 206-500] Setting interface mode on port 'video_gray_live/out_stream_V_last_V' to 'axis' (register, both mode).
INFO: [RTGEN 206-500] Setting interface mode on port 'video_gray_live/out_stream_V_id_V' to 'axis' (register, both mode).
INFO: [RTGEN 206-500] Setting interface mode on port 'video_gray_live/out_stream_V_dest_V' to 'axis' (register, both mode).
INFO: [RTGEN 206-500] Setting interface mode on function 'video_gray_live' to 'ap_ctrl_none'.
INFO: [RTGEN 206-100] Finished creating RTL model for 'video_gray_live'.
INFO: [HLS 200-111] Finished Creating RTL model: CPU user time: 0 seconds. CPU system time: 0 seconds. Elapsed time: 0.058 seconds; current allocated memory: 142.430 MB.
INFO: [HLS 200-111] Finished Generating all RTL models: CPU user time: 0 seconds. CPU system time: 1 seconds. Elapsed time: 0.182 seconds; current allocated memory: 147.070 MB.
INFO: [HLS 200-111] Finished Updating report files: CPU user time: 1 seconds. CPU system time: 0 seconds. Elapsed time: 0.248 seconds; current allocated memory: 151.957 MB.
INFO: [VHDL 208-304] Generating VHDL RTL for video_gray_live.
INFO: [VLOG 209-307] Generating Verilog RTL for video_gray_live.
INFO: [HLS 200-790] **** Loop Constraint Status: All loop constraints were satisfied.
INFO: [HLS 200-789] **** Estimated Fmax: 203.75 MHz
INFO: [HLS 200-111] Finished Command csynth_design CPU user time: 1 seconds. CPU system time: 1 seconds. Elapsed time: 12.042 seconds; current allocated memory: 42.777 MB.
==============================================================
Vitis HLS - High-Level Synthesis from C, C++ and OpenCL v2023.2 (64-bit)
Tool Version Limit: 2023.10
Copyright 1986-2022 Xilinx, Inc. All Rights Reserved.
Copyright 2022-2023 Advanced Micro Devices, Inc. All Rights Reserved.

==============================================================
INFO: [SYN 201-201] Setting up clock 'default' with a period of 10ns.
INFO: [HLS 200-1611] Setting target device to 'xc7z020-clg400-1'
INFO: [HLS 200-1505] Using flow_target 'vivado'
INFO: [HLS 200-1464] Running solution command: config_export -format=ip_catalog
INFO: [HLS 200-1464] Running solution command: config_export -output=C:/selected_topics_hdmi/pyzq/hw/hls_gray_ip/hls_export
INFO: [HLS 200-1464] Running solution command: config_export -rtl=verilog
INFO: [HLS 200-1510] Running: set_part xc7z020-clg400-1 
INFO: [HLS 200-1510] Running: create_clock -period 10 -name default 
INFO: [HLS 200-1510] Running: config_export -format ip_catalog -output C:/selected_topics_hdmi/pyzq/hw/hls_gray_ip/hls_export -rtl verilog 
INFO: [HLS 200-1510] Running: source ./video_gray_live_prj/solution1/directives.tcl
INFO: [HLS 200-1510] Running: set_directive_top -name video_gray_live video_gray_live 
INFO: [HLS 200-1510] Running: export_design -rtl verilog -format ip_catalog -output C:/selected_topics_hdmi/pyzq/hw/hls_gray_ip/hls_export 
INFO: [IMPL 213-8] Exporting RTL as a Vivado IP.
INFO: [HLS 200-802] Generated output file hls_export/export.zip
INFO: [HLS 200-111] Finished Command export_design CPU user time: 0 seconds. CPU system time: 0 seconds. Elapsed time: 6.558 seconds; current allocated memory: 7.863 MB.
==============================================================
Vitis HLS - High-Level Synthesis from C, C++ and OpenCL v2023.2 (64-bit)
Tool Version Limit: 2023.10
Copyright 1986-2022 Xilinx, Inc. All Rights Reserved.
Copyright 2022-2023 Advanced Micro Devices, Inc. All Rights Reserved.

==============================================================
INFO: [SYN 201-201] Setting up clock 'default' with a period of 10ns.
INFO: [HLS 200-1611] Setting target device to 'xc7z020-clg400-1'
INFO: [HLS 200-1505] Using flow_target 'vivado'
INFO: [HLS 200-1464] Running solution command: config_export -format=ip_catalog
INFO: [HLS 200-1464] Running solution command: config_export -output=C:/selected_topics_hdmi/pyzq/hw/hls_gray_ip/hls_export
INFO: [HLS 200-1464] Running solution command: config_export -rtl=verilog
INFO: [HLS 200-1510] Running: set_part xc7z020-clg400-1 
INFO: [HLS 200-1510] Running: create_clock -period 10 -name default 
INFO: [HLS 200-1510] Running: config_export -format ip_catalog -output C:/selected_topics_hdmi/pyzq/hw/hls_gray_ip/hls_export -rtl verilog 
INFO: [HLS 200-1510] Running: source ./video_gray_live_prj/solution1/directives.tcl
INFO: [HLS 200-1510] Running: set_directive_top -name video_gray_live video_gray_live 
INFO: [HLS 200-1510] Running: csynth_design 
INFO: [HLS 200-111] Finished File checks and directory preparation: CPU user time: 0 seconds. CPU system time: 0 seconds. Elapsed time: 0.046 seconds; current allocated memory: 110.137 MB.
INFO: [HLS 200-10] Analyzing design file 'video_gray_live.cpp' ... 
INFO: [HLS 200-111] Finished Source Code Analysis and Preprocessing: CPU user time: 0 seconds. CPU system time: 0 seconds. Elapsed time: 2.714 seconds; current allocated memory: 112.145 MB.
INFO: [HLS 200-777] Using interface defaults for 'Vivado' flow target.
INFO: [HLS 200-1995] There were 1,409 instructions in the design after the 'Compile/Link' phase of compilation. See the Design Size Report for more details: C:/selected_topics_hdmi/pyzq/hw/hls_gray_ip/video_gray_live_prj/solution1/syn/report/csynth_design_size.rpt
INFO: [HLS 200-1995] There were 201 instructions in the design after the 'Unroll/Inline (step 1)' phase of compilation. See the Design Size Report for more details: C:/selected_topics_hdmi/pyzq/hw/hls_gray_ip/video_gray_live_prj/solution1/syn/report/csynth_design_size.rpt
INFO: [HLS 200-1995] There were 159 instructions in the design after the 'Unroll/Inline (step 2)' phase of compilation. See the Design Size Report for more details: C:/selected_topics_hdmi/pyzq/hw/hls_gray_ip/video_gray_live_prj/solution1/syn/report/csynth_design_size.rpt
INFO: [HLS 200-1995] There were 159 instructions in the design after the 'Unroll/Inline (step 3)' phase of compilation. See the Design Size Report for more details: C:/selected_topics_hdmi/pyzq/hw/hls_gray_ip/video_gray_live_prj/solution1/syn/report/csynth_design_size.rpt
INFO: [HLS 200-1995] There were 159 instructions in the design after the 'Unroll/Inline (step 4)' phase of compilation. See the Design Size Report for more details: C:/selected_topics_hdmi/pyzq/hw/hls_gray_ip/video_gray_live_prj/solution1/syn/report/csynth_design_size.rpt
INFO: [HLS 200-1995] There were 113 instructions in the design after the 'Array/Struct (step 1)' phase of compilation. See the Design Size Report for more details: C:/selected_topics_hdmi/pyzq/hw/hls_gray_ip/video_gray_live_prj/solution1/syn/report/csynth_design_size.rpt
INFO: [HLS 200-1995] There were 113 instructions in the design after the 'Array/Struct (step 2)' phase of compilation. See the Design Size Report for more details: C:/selected_topics_hdmi/pyzq/hw/hls_gray_ip/video_gray_live_prj/solution1/syn/report/csynth_design_size.rpt
INFO: [HLS 200-1995] There were 113 instructions in the design after the 'Array/Struct (step 3)' phase of compilation. See the Design Size Report for more details: C:/selected_topics_hdmi/pyzq/hw/hls_gray_ip/video_gray_live_prj/solution1/syn/report/csynth_design_size.rpt
INFO: [HLS 200-1995] There were 113 instructions in the design after the 'Array/Struct (step 4)' phase of compilation. See the Design Size Report for more details: C:/selected_topics_hdmi/pyzq/hw/hls_gray_ip/video_gray_live_prj/solution1/syn/report/csynth_design_size.rpt
INFO: [HLS 200-1995] There were 225 instructions in the design after the 'Array/Struct (step 5)' phase of compilation. See the Design Size Report for more details: C:/selected_topics_hdmi/pyzq/hw/hls_gray_ip/video_gray_live_prj/solution1/syn/report/csynth_design_size.rpt
INFO: [HLS 200-1995] There were 239 instructions in the design after the 'Performance (step 1)' phase of compilation. See the Design Size Report for more details: C:/selected_topics_hdmi/pyzq/hw/hls_gray_ip/video_gray_live_prj/solution1/syn/report/csynth_design_size.rpt
INFO: [HLS 200-1995] There were 225 instructions in the design after the 'Performance (step 2)' phase of compilation. See the Design Size Report for more details: C:/selected_topics_hdmi/pyzq/hw/hls_gray_ip/video_gray_live_prj/solution1/syn/report/csynth_design_size.rpt
INFO: [HLS 200-1995] There were 127 instructions in the design after the 'Performance (step 3)' phase of compilation. See the Design Size Report for more details: C:/selected_topics_hdmi/pyzq/hw/hls_gray_ip/video_gray_live_prj/solution1/syn/report/csynth_design_size.rpt
INFO: [HLS 200-1995] There were 127 instructions in the design after the 'Performance (step 4)' phase of compilation. See the Design Size Report for more details: C:/selected_topics_hdmi/pyzq/hw/hls_gray_ip/video_gray_live_prj/solution1/syn/report/csynth_design_size.rpt
INFO: [HLS 200-1995] There were 87 instructions in the design after the 'HW Transforms (step 1)' phase of compilation. See the Design Size Report for more details: C:/selected_topics_hdmi/pyzq/hw/hls_gray_ip/video_gray_live_prj/solution1/syn/report/csynth_design_size.rpt
INFO: [HLS 200-1995] There were 61 instructions in the design after the 'HW Transforms (step 2)' phase of compilation. See the Design Size Report for more details: C:/selected_topics_hdmi/pyzq/hw/hls_gray_ip/video_gray_live_prj/solution1/syn/report/csynth_design_size.rpt
INFO: [HLS 200-111] Finished Compiling Optimization and Transform: CPU user time: 0 seconds. CPU system time: 0 seconds. Elapsed time: 7.955 seconds; current allocated memory: 114.309 MB.
INFO: [HLS 200-111] Finished Checking Pragmas: CPU user time: 0 seconds. CPU system time: 0 seconds. Elapsed time: 0.001 seconds; current allocated memory: 114.312 MB.
INFO: [HLS 200-10] Starting code transformations ...
INFO: [HLS 200-111] Finished Standard Transforms: CPU user time: 0 seconds. CPU system time: 0 seconds. Elapsed time: 0.094 seconds; current allocated memory: 118.871 MB.
INFO: [HLS 200-10] Checking synthesizability ...
INFO: [HLS 200-111] Finished Checking Synthesizability: CPU user time: 0 seconds. CPU system time: 0 seconds. Elapsed time: 0.024 seconds; current allocated memory: 120.609 MB.
INFO: [HLS 200-111] Finished Loop, function and other optimizations: CPU user time: 0 seconds. CPU system time: 0 seconds. Elapsed time: 0.038 seconds; current allocated memory: 141.609 MB.
WARNING: [XFORM 203-561] 'VITIS_LOOP_31_1' (video_gray_live.cpp:31:22) in function 'video_gray_live' is an infinite loop.
INFO: [HLS 200-111] Finished Architecture Synthesis: CPU user time: 0 seconds. CPU system time: 0 seconds. Elapsed time: 0.041 seconds; current allocated memory: 141.617 MB.
INFO: [HLS 200-10] Starting hardware synthesis ...
INFO: [HLS 200-10] Synthesizing 'video_gray_live' ...
INFO: [HLS 200-10] ----------------------------------------------------------------
INFO: [HLS 200-42] -- Implementing module 'video_gray_live' 
INFO: [HLS 200-10] ----------------------------------------------------------------
INFO: [SCHED 204-11] Starting scheduling ...
INFO: [SCHED 204-61] Pipelining loop 'VITIS_LOOP_31_1'.
INFO: [HLS 200-1470] Pipelining result : Target II = 1, Final II = 1, Depth = 2, loop 'VITIS_LOOP_31_1'
INFO: [SCHED 204-11] Finished scheduling.
INFO: [HLS 200-111] Finished Scheduling: CPU user time: 0 seconds. CPU system time: 0 seconds. Elapsed time: 0.619 seconds; current allocated memory: 141.617 MB.
INFO: [BIND 205-100] Starting micro-architecture generation ...
INFO: [BIND 205-101] Performing variable lifetime analysis.
INFO: [BIND 205-101] Exploring resource sharing.
INFO: [BIND 205-101] Binding ...
INFO: [BIND 205-100] Finished micro-architecture generation.
INFO: [HLS 200-111] Finished Binding: CPU user time: 0 seconds. CPU system time: 0 seconds. Elapsed time: 0.03 seconds; current allocated memory: 141.617 MB.
INFO: [HLS 200-10] ----------------------------------------------------------------
INFO: [HLS 200-10] -- Generating RTL for module 'video_gray_live' 
INFO: [HLS 200-10] ----------------------------------------------------------------
WARNING: [RTGEN 206-101] Design contains AXI ports. Reset is fixed to synchronous and active low.
INFO: [RTGEN 206-500] Setting interface mode on port 'video_gray_live/in_stream_V_data_V' to 'axis' (register, both mode).
INFO: [RTGEN 206-500] Setting interface mode on port 'video_gray_live/in_stream_V_keep_V' to 'axis' (register, both mode).
INFO: [RTGEN 206-500] Setting interface mode on port 'video_gray_live/in_stream_V_strb_V' to 'axis' (register, both mode).
INFO: [RTGEN 206-500] Setting interface mode on port 'video_gray_live/in_stream_V_user_V' to 'axis' (register, both mode).
INFO: [RTGEN 206-500] Setting interface mode on port 'video_gray_live/in_stream_V_last_V' to 'axis' (register, both mode).
INFO: [RTGEN 206-500] Setting interface mode on port 'video_gray_live/in_stream_V_id_V' to 'axis' (register, both mode).
INFO: [RTGEN 206-500] Setting interface mode on port 'video_gray_live/in_stream_V_dest_V' to 'axis' (register, both mode).
INFO: [RTGEN 206-500] Setting interface mode on port 'video_gray_live/out_stream_V_data_V' to 'axis' (register, both mode).
INFO: [RTGEN 206-500] Setting interface mode on port 'video_gray_live/out_stream_V_keep_V' to 'axis' (register, both mode).
INFO: [RTGEN 206-500] Setting interface mode on port 'video_gray_live/out_stream_V_strb_V' to 'axis' (register, both mode).
INFO: [RTGEN 206-500] Setting interface mode on port 'video_gray_live/out_stream_V_user_V' to 'axis' (register, both mode).
INFO: [RTGEN 206-500] Setting interface mode on port 'video_gray_live/out_stream_V_last_V' to 'axis' (register, both mode).
INFO: [RTGEN 206-500] Setting interface mode on port 'video_gray_live/out_stream_V_id_V' to 'axis' (register, both mode).
INFO: [RTGEN 206-500] Setting interface mode on port 'video_gray_live/out_stream_V_dest_V' to 'axis' (register, both mode).
INFO: [RTGEN 206-500] Setting interface mode on function 'video_gray_live' to 'ap_ctrl_none'.
INFO: [RTGEN 206-100] Finished creating RTL model for 'video_gray_live'.
INFO: [HLS 200-111] Finished Creating RTL model: CPU user time: 0 seconds. CPU system time: 0 seconds. Elapsed time: 0.052 seconds; current allocated memory: 142.797 MB.
INFO: [HLS 200-111] Finished Generating all RTL models: CPU user time: 0 seconds. CPU system time: 1 seconds. Elapsed time: 0.177 seconds; current allocated memory: 147.852 MB.
INFO: [HLS 200-111] Finished Updating report files: CPU user time: 0 seconds. CPU system time: 0 seconds. Elapsed time: 0.245 seconds; current allocated memory: 152.387 MB.
INFO: [VHDL 208-304] Generating VHDL RTL for video_gray_live.
INFO: [VLOG 209-307] Generating Verilog RTL for video_gray_live.
INFO: [HLS 200-790] **** Loop Constraint Status: All loop constraints were satisfied.
INFO: [HLS 200-789] **** Estimated Fmax: 203.75 MHz
INFO: [HLS 200-111] Finished Command csynth_design CPU user time: 0 seconds. CPU system time: 1 seconds. Elapsed time: 12.053 seconds; current allocated memory: 42.648 MB.
==============================================================
Vitis HLS - High-Level Synthesis from C, C++ and OpenCL v2023.2 (64-bit)
Tool Version Limit: 2023.10
Copyright 1986-2022 Xilinx, Inc. All Rights Reserved.
Copyright 2022-2023 Advanced Micro Devices, Inc. All Rights Reserved.

==============================================================
INFO: [SYN 201-201] Setting up clock 'default' with a period of 10ns.
INFO: [HLS 200-1611] Setting target device to 'xc7z020-clg400-1'
INFO: [HLS 200-1505] Using flow_target 'vivado'
INFO: [HLS 200-1464] Running solution command: config_export -format=ip_catalog
INFO: [HLS 200-1464] Running solution command: config_export -output=C:/selected_topics_hdmi/pyzq/hw/hls_gray_ip/hls_export
INFO: [HLS 200-1464] Running solution command: config_export -rtl=verilog
INFO: [HLS 200-1510] Running: set_part xc7z020-clg400-1 
INFO: [HLS 200-1510] Running: create_clock -period 10 -name default 
INFO: [HLS 200-1510] Running: config_export -format ip_catalog -output C:/selected_topics_hdmi/pyzq/hw/hls_gray_ip/hls_export -rtl verilog 
INFO: [HLS 200-1510] Running: source ./video_gray_live_prj/solution1/directives.tcl
INFO: [HLS 200-1510] Running: set_directive_top -name video_gray_live video_gray_live 
INFO: [HLS 200-1510] Running: export_design -rtl verilog -format ip_catalog -output C:/selected_topics_hdmi/pyzq/hw/hls_gray_ip/hls_export 
INFO: [IMPL 213-8] Exporting RTL as a Vivado IP.
INFO: [HLS 200-802] Generated output file hls_export/export.zip
INFO: [HLS 200-111] Finished Command export_design CPU user time: 0 seconds. CPU system time: 0 seconds. Elapsed time: 9.307 seconds; current allocated memory: 7.410 MB.
