
*** Running vivado
    with args -log video_out_pynq_z2_wrapper.vdi -applog -m64 -product Vivado -messageDb vivado.pb -mode batch -source video_out_pynq_z2_wrapper.tcl -notrace


ECHO is off.
ECHO is off.

****** Vivado v2023.2 (64-bit)
  **** SW Build 4029153 on Fri Oct 13 20:14:34 MDT 2023
  **** IP Build 4028589 on Sat Oct 14 00:45:43 MDT 2023
  **** SharedData Build 4025554 on Tue Oct 10 17:18:54 MDT 2023
    ** Copyright 1986-2022 Xilinx, Inc. All Rights Reserved.
    ** Copyright 2022-2023 Advanced Micro Devices, Inc. All Rights Reserved.

source video_out_pynq_z2_wrapper.tcl -notrace
INFO: [IP_Flow 19-234] Refreshing IP repositories
INFO: [IP_Flow 19-1700] Loaded user IP repository 'c:/selected_hdmi_okok/pyzq/vivado-library'.
INFO: [IP_Flow 19-1700] Loaded user IP repository 'c:/selected_hdmi_okok/pyzq/hw/ip_repo'.
INFO: [IP_Flow 19-2313] Loaded Vivado IP repository 'C:/Xilinx_vitis/Vivado/2023.2/data/ip'.
add_files: Time (s): cpu = 00:00:09 ; elapsed = 00:00:09 . Memory (MB): peak = 626.461 ; gain = 159.770
Command: link_design -top video_out_pynq_z2_wrapper -part xc7z020clg400-1
Design is defaulting to srcset: sources_1
Design is defaulting to constrset: constrs_1
INFO: [Device 21-403] Loading part xc7z020clg400-1
INFO: [Project 1-454] Reading design checkpoint 'c:/selected_hdmi_okok/pyzq/hw/hw_proj/hw_proj.gen/sources_1/bd/video_out_pynq_z2/ip/video_out_pynq_z2_axi_gpio_0_0/video_out_pynq_z2_axi_gpio_0_0.dcp' for cell 'video_out_pynq_z2_i/axi_gpio_0'
INFO: [Project 1-454] Reading design checkpoint 'c:/selected_hdmi_okok/pyzq/hw/hw_proj/hw_proj.gen/sources_1/bd/video_out_pynq_z2/ip/video_out_pynq_z2_axi_gpio_1_0/video_out_pynq_z2_axi_gpio_1_0.dcp' for cell 'video_out_pynq_z2_i/axi_gpio_1'
INFO: [Project 1-454] Reading design checkpoint 'c:/selected_hdmi_okok/pyzq/hw/hw_proj/hw_proj.gen/sources_1/bd/video_out_pynq_z2/ip/video_out_pynq_z2_axi_gpio_2_0/video_out_pynq_z2_axi_gpio_2_0.dcp' for cell 'video_out_pynq_z2_i/axi_gpio_2'
INFO: [Project 1-454] Reading design checkpoint 'c:/selected_hdmi_okok/pyzq/hw/hw_proj/hw_proj.gen/sources_1/bd/video_out_pynq_z2/ip/video_out_pynq_z2_clk_wiz_0_0/video_out_pynq_z2_clk_wiz_0_0.dcp' for cell 'video_out_pynq_z2_i/clk_wiz_0'
INFO: [Project 1-454] Reading design checkpoint 'c:/selected_hdmi_okok/pyzq/hw/hw_proj/hw_proj.gen/sources_1/bd/video_out_pynq_z2/ip/video_out_pynq_z2_dvi2rgb_0_0/video_out_pynq_z2_dvi2rgb_0_0.dcp' for cell 'video_out_pynq_z2_i/dvi2rgb_0'
INFO: [Project 1-454] Reading design checkpoint 'c:/selected_hdmi_okok/pyzq/hw/hw_proj/hw_proj.gen/sources_1/bd/video_out_pynq_z2/ip/video_out_pynq_z2_ila_0_0/video_out_pynq_z2_ila_0_0.dcp' for cell 'video_out_pynq_z2_i/ila_0'
INFO: [Project 1-454] Reading design checkpoint 'c:/selected_hdmi_okok/pyzq/hw/hw_proj/hw_proj.gen/sources_1/bd/video_out_pynq_z2/ip/video_out_pynq_z2_proc_sys_vid_clk_0/video_out_pynq_z2_proc_sys_vid_clk_0.dcp' for cell 'video_out_pynq_z2_i/proc_sys_vid_clk'
INFO: [Project 1-454] Reading design checkpoint 'c:/selected_hdmi_okok/pyzq/hw/hw_proj/hw_proj.gen/sources_1/bd/video_out_pynq_z2/ip/video_out_pynq_z2_processing_system7_0_0/video_out_pynq_z2_processing_system7_0_0.dcp' for cell 'video_out_pynq_z2_i/processing_system7_0'
INFO: [Project 1-454] Reading design checkpoint 'c:/selected_hdmi_okok/pyzq/hw/hw_proj/hw_proj.gen/sources_1/bd/video_out_pynq_z2/ip/video_out_pynq_z2_rgb2dvi_0_0/video_out_pynq_z2_rgb2dvi_0_0.dcp' for cell 'video_out_pynq_z2_i/rgb2dvi_0'
INFO: [Project 1-454] Reading design checkpoint 'c:/selected_hdmi_okok/pyzq/hw/hw_proj/hw_proj.gen/sources_1/bd/video_out_pynq_z2/ip/video_out_pynq_z2_rst_ps7_0_100M_0/video_out_pynq_z2_rst_ps7_0_100M_0.dcp' for cell 'video_out_pynq_z2_i/rst_ps7_0_100M'
INFO: [Project 1-454] Reading design checkpoint 'c:/selected_hdmi_okok/pyzq/hw/hw_proj/hw_proj.gen/sources_1/bd/video_out_pynq_z2/ip/video_out_pynq_z2_smartconnect_0_0/video_out_pynq_z2_smartconnect_0_0.dcp' for cell 'video_out_pynq_z2_i/smartconnect_0'
INFO: [Project 1-454] Reading design checkpoint 'c:/selected_hdmi_okok/pyzq/hw/hw_proj/hw_proj.gen/sources_1/bd/video_out_pynq_z2/ip/video_out_pynq_z2_system_ila_0_0/video_out_pynq_z2_system_ila_0_0.dcp' for cell 'video_out_pynq_z2_i/system_ila_0'
INFO: [Project 1-454] Reading design checkpoint 'c:/selected_hdmi_okok/pyzq/hw/hw_proj/hw_proj.gen/sources_1/bd/video_out_pynq_z2/ip/video_out_pynq_z2_system_ila_1_0/video_out_pynq_z2_system_ila_1_0.dcp' for cell 'video_out_pynq_z2_i/system_ila_1'
INFO: [Project 1-454] Reading design checkpoint 'c:/selected_hdmi_okok/pyzq/hw/hw_proj/hw_proj.gen/sources_1/bd/video_out_pynq_z2/ip/video_out_pynq_z2_system_ila_2_0/video_out_pynq_z2_system_ila_2_0.dcp' for cell 'video_out_pynq_z2_i/system_ila_2'
INFO: [Project 1-454] Reading design checkpoint 'c:/selected_hdmi_okok/pyzq/hw/hw_proj/hw_proj.gen/sources_1/bd/video_out_pynq_z2/ip/video_out_pynq_z2_util_vector_logic_0_0/video_out_pynq_z2_util_vector_logic_0_0.dcp' for cell 'video_out_pynq_z2_i/util_vector_logic_0'
INFO: [Project 1-454] Reading design checkpoint 'c:/selected_hdmi_okok/pyzq/hw/hw_proj/hw_proj.gen/sources_1/bd/video_out_pynq_z2/ip/video_out_pynq_z2_v_axi4s_vid_out_0_0/video_out_pynq_z2_v_axi4s_vid_out_0_0.dcp' for cell 'video_out_pynq_z2_i/v_axi4s_vid_out_0'
INFO: [Project 1-454] Reading design checkpoint 'c:/selected_hdmi_okok/pyzq/hw/hw_proj/hw_proj.gen/sources_1/bd/video_out_pynq_z2/ip/video_out_pynq_z2_v_tc_0_0/video_out_pynq_z2_v_tc_0_0.dcp' for cell 'video_out_pynq_z2_i/v_tc_0'
INFO: [Project 1-454] Reading design checkpoint 'c:/selected_hdmi_okok/pyzq/hw/hw_proj/hw_proj.gen/sources_1/bd/video_out_pynq_z2/ip/video_out_pynq_z2_v_vid_in_axi4s_0_0/video_out_pynq_z2_v_vid_in_axi4s_0_0.dcp' for cell 'video_out_pynq_z2_i/v_vid_in_axi4s_0'
Netlist sorting complete. Time (s): cpu = 00:00:00 ; elapsed = 00:00:00.388 . Memory (MB): peak = 1164.871 ; gain = 0.000
INFO: [Netlist 29-17] Analyzing 849 Unisim elements for replacement
INFO: [Netlist 29-28] Unisim Transformation completed in 0 CPU seconds
INFO: [Project 1-479] Netlist was created with Vivado 2023.2
INFO: [Project 1-570] Preparing netlist for logic optimization
WARNING: [Opt 31-32] Removing redundant IBUF since it is not being driven by a top-level port. video_out_pynq_z2_i/clk_wiz_0/inst/CLK_CORE_DRP_I/clk_inst/clkin1_ibufg 
Resolution: The tool has removed redundant IBUF. To resolve this warning, check for redundant IBUF in the input design.
WARNING: [Constraints 18-550] Could not create 'IBUF_LOW_PWR' constraint because net 'video_out_pynq_z2_i/clk_wiz_0/clk_in1' is not directly connected to top level port. 'IBUF_LOW_PWR' is ignored for synthesis but preserved for implementation.
INFO: [Chipscope 16-324] Core: video_out_pynq_z2_i/ila_0 UUID: ffc6fd4f-f3ef-5bf2-bb5a-ea2194062c7b 
INFO: [Chipscope 16-324] Core: video_out_pynq_z2_i/system_ila_0/inst/ila_lib UUID: 8d8bf6f4-e1c1-51e1-ba20-a241e3c60178 
INFO: [Chipscope 16-324] Core: video_out_pynq_z2_i/system_ila_1/inst/ila_lib UUID: 6388ecf5-7b37-5d5d-97ed-c37ca1d07ed1 
INFO: [Chipscope 16-324] Core: video_out_pynq_z2_i/system_ila_2/inst/ila_lib UUID: 77472653-847e-5b4d-ab19-1b25b87f7aec 
Parsing XDC File [c:/selected_hdmi_okok/pyzq/hw/hw_proj/hw_proj.gen/sources_1/bd/video_out_pynq_z2/ip/video_out_pynq_z2_axi_gpio_0_0/video_out_pynq_z2_axi_gpio_0_0_board.xdc] for cell 'video_out_pynq_z2_i/axi_gpio_0/U0'
Finished Parsing XDC File [c:/selected_hdmi_okok/pyzq/hw/hw_proj/hw_proj.gen/sources_1/bd/video_out_pynq_z2/ip/video_out_pynq_z2_axi_gpio_0_0/video_out_pynq_z2_axi_gpio_0_0_board.xdc] for cell 'video_out_pynq_z2_i/axi_gpio_0/U0'
Parsing XDC File [c:/selected_hdmi_okok/pyzq/hw/hw_proj/hw_proj.gen/sources_1/bd/video_out_pynq_z2/ip/video_out_pynq_z2_axi_gpio_0_0/video_out_pynq_z2_axi_gpio_0_0.xdc] for cell 'video_out_pynq_z2_i/axi_gpio_0/U0'
Finished Parsing XDC File [c:/selected_hdmi_okok/pyzq/hw/hw_proj/hw_proj.gen/sources_1/bd/video_out_pynq_z2/ip/video_out_pynq_z2_axi_gpio_0_0/video_out_pynq_z2_axi_gpio_0_0.xdc] for cell 'video_out_pynq_z2_i/axi_gpio_0/U0'
Parsing XDC File [c:/selected_hdmi_okok/pyzq/hw/hw_proj/hw_proj.gen/sources_1/bd/video_out_pynq_z2/ip/video_out_pynq_z2_clk_wiz_0_0/video_out_pynq_z2_clk_wiz_0_0_board.xdc] for cell 'video_out_pynq_z2_i/clk_wiz_0/inst'
Finished Parsing XDC File [c:/selected_hdmi_okok/pyzq/hw/hw_proj/hw_proj.gen/sources_1/bd/video_out_pynq_z2/ip/video_out_pynq_z2_clk_wiz_0_0/video_out_pynq_z2_clk_wiz_0_0_board.xdc] for cell 'video_out_pynq_z2_i/clk_wiz_0/inst'
Parsing XDC File [c:/selected_hdmi_okok/pyzq/hw/hw_proj/hw_proj.gen/sources_1/bd/video_out_pynq_z2/ip/video_out_pynq_z2_clk_wiz_0_0/video_out_pynq_z2_clk_wiz_0_0.xdc] for cell 'video_out_pynq_z2_i/clk_wiz_0/inst'
INFO: [Timing 38-35] Done setting XDC timing constraints. [c:/selected_hdmi_okok/pyzq/hw/hw_proj/hw_proj.gen/sources_1/bd/video_out_pynq_z2/ip/video_out_pynq_z2_clk_wiz_0_0/video_out_pynq_z2_clk_wiz_0_0.xdc:54]
INFO: [Timing 38-2] Deriving generated clocks [c:/selected_hdmi_okok/pyzq/hw/hw_proj/hw_proj.gen/sources_1/bd/video_out_pynq_z2/ip/video_out_pynq_z2_clk_wiz_0_0/video_out_pynq_z2_clk_wiz_0_0.xdc:54]
get_clocks: Time (s): cpu = 00:00:07 ; elapsed = 00:00:07 . Memory (MB): peak = 1926.629 ; gain = 583.164
Finished Parsing XDC File [c:/selected_hdmi_okok/pyzq/hw/hw_proj/hw_proj.gen/sources_1/bd/video_out_pynq_z2/ip/video_out_pynq_z2_clk_wiz_0_0/video_out_pynq_z2_clk_wiz_0_0.xdc] for cell 'video_out_pynq_z2_i/clk_wiz_0/inst'
Parsing XDC File [c:/selected_hdmi_okok/pyzq/hw/hw_proj/hw_proj.gen/sources_1/bd/video_out_pynq_z2/ip/video_out_pynq_z2_proc_sys_vid_clk_0/video_out_pynq_z2_proc_sys_vid_clk_0_board.xdc] for cell 'video_out_pynq_z2_i/proc_sys_vid_clk/U0'
Finished Parsing XDC File [c:/selected_hdmi_okok/pyzq/hw/hw_proj/hw_proj.gen/sources_1/bd/video_out_pynq_z2/ip/video_out_pynq_z2_proc_sys_vid_clk_0/video_out_pynq_z2_proc_sys_vid_clk_0_board.xdc] for cell 'video_out_pynq_z2_i/proc_sys_vid_clk/U0'
Parsing XDC File [c:/selected_hdmi_okok/pyzq/hw/hw_proj/hw_proj.gen/sources_1/bd/video_out_pynq_z2/ip/video_out_pynq_z2_proc_sys_vid_clk_0/video_out_pynq_z2_proc_sys_vid_clk_0.xdc] for cell 'video_out_pynq_z2_i/proc_sys_vid_clk/U0'
Finished Parsing XDC File [c:/selected_hdmi_okok/pyzq/hw/hw_proj/hw_proj.gen/sources_1/bd/video_out_pynq_z2/ip/video_out_pynq_z2_proc_sys_vid_clk_0/video_out_pynq_z2_proc_sys_vid_clk_0.xdc] for cell 'video_out_pynq_z2_i/proc_sys_vid_clk/U0'
Parsing XDC File [c:/selected_hdmi_okok/pyzq/hw/hw_proj/hw_proj.gen/sources_1/bd/video_out_pynq_z2/ip/video_out_pynq_z2_processing_system7_0_0/video_out_pynq_z2_processing_system7_0_0.xdc] for cell 'video_out_pynq_z2_i/processing_system7_0/inst'
CRITICAL WARNING: [Netlist 29-160] Cannot set property 'iostandard', because the property does not exist for objects of type 'pin'. [c:/selected_hdmi_okok/pyzq/hw/hw_proj/hw_proj.gen/sources_1/bd/video_out_pynq_z2/ip/video_out_pynq_z2_processing_system7_0_0/video_out_pynq_z2_processing_system7_0_0.xdc:33]
Resolution: Modify the set_property command to apply the property on the correct object type. Since the property is being applied as a scoped constraint, ensure the proper connectivity of the object port objects can be translated into pin objects. This could be due to the insertion of IO Buffers between the top level terminal and cell pin. If the goal is to apply constraints that will migrate to top level ports it is required that IO Buffers manually be instanced.
CRITICAL WARNING: [Netlist 29-160] Cannot set property 'PACKAGE_PIN', because the property does not exist for objects of type 'pin'. [c:/selected_hdmi_okok/pyzq/hw/hw_proj/hw_proj.gen/sources_1/bd/video_out_pynq_z2/ip/video_out_pynq_z2_processing_system7_0_0/video_out_pynq_z2_processing_system7_0_0.xdc:34]
Resolution: Modify the set_property command to apply the property on the correct object type. Since the property is being applied as a scoped constraint, ensure the proper connectivity of the object port objects can be translated into pin objects. This could be due to the insertion of IO Buffers between the top level terminal and cell pin. If the goal is to apply constraints that will migrate to top level ports it is required that IO Buffers manually be instanced.
CRITICAL WARNING: [Netlist 29-160] Cannot set property 'slew', because the property does not exist for objects of type 'pin'. [c:/selected_hdmi_okok/pyzq/hw/hw_proj/hw_proj.gen/sources_1/bd/video_out_pynq_z2/ip/video_out_pynq_z2_processing_system7_0_0/video_out_pynq_z2_processing_system7_0_0.xdc:35]
Resolution: Modify the set_property command to apply the property on the correct object type. Since the property is being applied as a scoped constraint, ensure the proper connectivity of the object port objects can be translated into pin objects. This could be due to the insertion of IO Buffers between the top level terminal and cell pin. If the goal is to apply constraints that will migrate to top level ports it is required that IO Buffers manually be instanced.
CRITICAL WARNING: [Netlist 29-160] Cannot set property 'drive', because the property does not exist for objects of type 'pin'. [c:/selected_hdmi_okok/pyzq/hw/hw_proj/hw_proj.gen/sources_1/bd/video_out_pynq_z2/ip/video_out_pynq_z2_processing_system7_0_0/video_out_pynq_z2_processing_system7_0_0.xdc:36]
Resolution: Modify the set_property command to apply the property on the correct object type. Since the property is being applied as a scoped constraint, ensure the proper connectivity of the object port objects can be translated into pin objects. This could be due to the insertion of IO Buffers between the top level terminal and cell pin. If the goal is to apply constraints that will migrate to top level ports it is required that IO Buffers manually be instanced.
CRITICAL WARNING: [Netlist 29-160] Cannot set property 'pullup', because the property does not exist for objects of type 'pin'. [c:/selected_hdmi_okok/pyzq/hw/hw_proj/hw_proj.gen/sources_1/bd/video_out_pynq_z2/ip/video_out_pynq_z2_processing_system7_0_0/video_out_pynq_z2_processing_system7_0_0.xdc:37]
Resolution: Modify the set_property command to apply the property on the correct object type. Since the property is being applied as a scoped constraint, ensure the proper connectivity of the object port objects can be translated into pin objects. This could be due to the insertion of IO Buffers between the top level terminal and cell pin. If the goal is to apply constraints that will migrate to top level ports it is required that IO Buffers manually be instanced.
CRITICAL WARNING: [Netlist 29-160] Cannot set property 'PIO_DIRECTION', because the property does not exist for objects of type 'pin'. [c:/selected_hdmi_okok/pyzq/hw/hw_proj/hw_proj.gen/sources_1/bd/video_out_pynq_z2/ip/video_out_pynq_z2_processing_system7_0_0/video_out_pynq_z2_processing_system7_0_0.xdc:38]
Resolution: Modify the set_property command to apply the property on the correct object type. Since the property is being applied as a scoped constraint, ensure the proper connectivity of the object port objects can be translated into pin objects. This could be due to the insertion of IO Buffers between the top level terminal and cell pin. If the goal is to apply constraints that will migrate to top level ports it is required that IO Buffers manually be instanced.
CRITICAL WARNING: [Netlist 29-160] Cannot set property 'iostandard', because the property does not exist for objects of type 'pin'. [c:/selected_hdmi_okok/pyzq/hw/hw_proj/hw_proj.gen/sources_1/bd/video_out_pynq_z2/ip/video_out_pynq_z2_processing_system7_0_0/video_out_pynq_z2_processing_system7_0_0.xdc:40]
Resolution: Modify the set_property command to apply the property on the correct object type. Since the property is being applied as a scoped constraint, ensure the proper connectivity of the object port objects can be translated into pin objects. This could be due to the insertion of IO Buffers between the top level terminal and cell pin. If the goal is to apply constraints that will migrate to top level ports it is required that IO Buffers manually be instanced.
CRITICAL WARNING: [Netlist 29-160] Cannot set property 'PACKAGE_PIN', because the property does not exist for objects of type 'pin'. [c:/selected_hdmi_okok/pyzq/hw/hw_proj/hw_proj.gen/sources_1/bd/video_out_pynq_z2/ip/video_out_pynq_z2_processing_system7_0_0/video_out_pynq_z2_processing_system7_0_0.xdc:41]
Resolution: Modify the set_property command to apply the property on the correct object type. Since the property is being applied as a scoped constraint, ensure the proper connectivity of the object port objects can be translated into pin objects. This could be due to the insertion of IO Buffers between the top level terminal and cell pin. If the goal is to apply constraints that will migrate to top level ports it is required that IO Buffers manually be instanced.
CRITICAL WARNING: [Netlist 29-160] Cannot set property 'slew', because the property does not exist for objects of type 'pin'. [c:/selected_hdmi_okok/pyzq/hw/hw_proj/hw_proj.gen/sources_1/bd/video_out_pynq_z2/ip/video_out_pynq_z2_processing_system7_0_0/video_out_pynq_z2_processing_system7_0_0.xdc:42]
Resolution: Modify the set_property command to apply the property on the correct object type. Since the property is being applied as a scoped constraint, ensure the proper connectivity of the object port objects can be translated into pin objects. This could be due to the insertion of IO Buffers between the top level terminal and cell pin. If the goal is to apply constraints that will migrate to top level ports it is required that IO Buffers manually be instanced.
CRITICAL WARNING: [Netlist 29-160] Cannot set property 'drive', because the property does not exist for objects of type 'pin'. [c:/selected_hdmi_okok/pyzq/hw/hw_proj/hw_proj.gen/sources_1/bd/video_out_pynq_z2/ip/video_out_pynq_z2_processing_system7_0_0/video_out_pynq_z2_processing_system7_0_0.xdc:43]
Resolution: Modify the set_property command to apply the property on the correct object type. Since the property is being applied as a scoped constraint, ensure the proper connectivity of the object port objects can be translated into pin objects. This could be due to the insertion of IO Buffers between the top level terminal and cell pin. If the goal is to apply constraints that will migrate to top level ports it is required that IO Buffers manually be instanced.
CRITICAL WARNING: [Netlist 29-160] Cannot set property 'pullup', because the property does not exist for objects of type 'pin'. [c:/selected_hdmi_okok/pyzq/hw/hw_proj/hw_proj.gen/sources_1/bd/video_out_pynq_z2/ip/video_out_pynq_z2_processing_system7_0_0/video_out_pynq_z2_processing_system7_0_0.xdc:44]
Resolution: Modify the set_property command to apply the property on the correct object type. Since the property is being applied as a scoped constraint, ensure the proper connectivity of the object port objects can be translated into pin objects. This could be due to the insertion of IO Buffers between the top level terminal and cell pin. If the goal is to apply constraints that will migrate to top level ports it is required that IO Buffers manually be instanced.
CRITICAL WARNING: [Netlist 29-160] Cannot set property 'PIO_DIRECTION', because the property does not exist for objects of type 'pin'. [c:/selected_hdmi_okok/pyzq/hw/hw_proj/hw_proj.gen/sources_1/bd/video_out_pynq_z2/ip/video_out_pynq_z2_processing_system7_0_0/video_out_pynq_z2_processing_system7_0_0.xdc:45]
Resolution: Modify the set_property command to apply the property on the correct object type. Since the property is being applied as a scoped constraint, ensure the proper connectivity of the object port objects can be translated into pin objects. This could be due to the insertion of IO Buffers between the top level terminal and cell pin. If the goal is to apply constraints that will migrate to top level ports it is required that IO Buffers manually be instanced.
CRITICAL WARNING: [Netlist 29-160] Cannot set property 'iostandard', because the property does not exist for objects of type 'pin'. [c:/selected_hdmi_okok/pyzq/hw/hw_proj/hw_proj.gen/sources_1/bd/video_out_pynq_z2/ip/video_out_pynq_z2_processing_system7_0_0/video_out_pynq_z2_processing_system7_0_0.xdc:47]
Resolution: Modify the set_property command to apply the property on the correct object type. Since the property is being applied as a scoped constraint, ensure the proper connectivity of the object port objects can be translated into pin objects. This could be due to the insertion of IO Buffers between the top level terminal and cell pin. If the goal is to apply constraints that will migrate to top level ports it is required that IO Buffers manually be instanced.
CRITICAL WARNING: [Netlist 29-160] Cannot set property 'PACKAGE_PIN', because the property does not exist for objects of type 'pin'. [c:/selected_hdmi_okok/pyzq/hw/hw_proj/hw_proj.gen/sources_1/bd/video_out_pynq_z2/ip/video_out_pynq_z2_processing_system7_0_0/video_out_pynq_z2_processing_system7_0_0.xdc:48]
Resolution: Modify the set_property command to apply the property on the correct object type. Since the property is being applied as a scoped constraint, ensure the proper connectivity of the object port objects can be translated into pin objects. This could be due to the insertion of IO Buffers between the top level terminal and cell pin. If the goal is to apply constraints that will migrate to top level ports it is required that IO Buffers manually be instanced.
CRITICAL WARNING: [Netlist 29-160] Cannot set property 'slew', because the property does not exist for objects of type 'pin'. [c:/selected_hdmi_okok/pyzq/hw/hw_proj/hw_proj.gen/sources_1/bd/video_out_pynq_z2/ip/video_out_pynq_z2_processing_system7_0_0/video_out_pynq_z2_processing_system7_0_0.xdc:49]
Resolution: Modify the set_property command to apply the property on the correct object type. Since the property is being applied as a scoped constraint, ensure the proper connectivity of the object port objects can be translated into pin objects. This could be due to the insertion of IO Buffers between the top level terminal and cell pin. If the goal is to apply constraints that will migrate to top level ports it is required that IO Buffers manually be instanced.
CRITICAL WARNING: [Netlist 29-160] Cannot set property 'drive', because the property does not exist for objects of type 'pin'. [c:/selected_hdmi_okok/pyzq/hw/hw_proj/hw_proj.gen/sources_1/bd/video_out_pynq_z2/ip/video_out_pynq_z2_processing_system7_0_0/video_out_pynq_z2_processing_system7_0_0.xdc:50]
Resolution: Modify the set_property command to apply the property on the correct object type. Since the property is being applied as a scoped constraint, ensure the proper connectivity of the object port objects can be translated into pin objects. This could be due to the insertion of IO Buffers between the top level terminal and cell pin. If the goal is to apply constraints that will migrate to top level ports it is required that IO Buffers manually be instanced.
CRITICAL WARNING: [Netlist 29-160] Cannot set property 'pullup', because the property does not exist for objects of type 'pin'. [c:/selected_hdmi_okok/pyzq/hw/hw_proj/hw_proj.gen/sources_1/bd/video_out_pynq_z2/ip/video_out_pynq_z2_processing_system7_0_0/video_out_pynq_z2_processing_system7_0_0.xdc:51]
Resolution: Modify the set_property command to apply the property on the correct object type. Since the property is being applied as a scoped constraint, ensure the proper connectivity of the object port objects can be translated into pin objects. This could be due to the insertion of IO Buffers between the top level terminal and cell pin. If the goal is to apply constraints that will migrate to top level ports it is required that IO Buffers manually be instanced.
CRITICAL WARNING: [Netlist 29-160] Cannot set property 'PIO_DIRECTION', because the property does not exist for objects of type 'pin'. [c:/selected_hdmi_okok/pyzq/hw/hw_proj/hw_proj.gen/sources_1/bd/video_out_pynq_z2/ip/video_out_pynq_z2_processing_system7_0_0/video_out_pynq_z2_processing_system7_0_0.xdc:52]
Resolution: Modify the set_property command to apply the property on the correct object type. Since the property is being applied as a scoped constraint, ensure the proper connectivity of the object port objects can be translated into pin objects. This could be due to the insertion of IO Buffers between the top level terminal and cell pin. If the goal is to apply constraints that will migrate to top level ports it is required that IO Buffers manually be instanced.
CRITICAL WARNING: [Netlist 29-160] Cannot set property 'iostandard', because the property does not exist for objects of type 'pin'. [c:/selected_hdmi_okok/pyzq/hw/hw_proj/hw_proj.gen/sources_1/bd/video_out_pynq_z2/ip/video_out_pynq_z2_processing_system7_0_0/video_out_pynq_z2_processing_system7_0_0.xdc:54]
Resolution: Modify the set_property command to apply the property on the correct object type. Since the property is being applied as a scoped constraint, ensure the proper connectivity of the object port objects can be translated into pin objects. This could be due to the insertion of IO Buffers between the top level terminal and cell pin. If the goal is to apply constraints that will migrate to top level ports it is required that IO Buffers manually be instanced.
CRITICAL WARNING: [Netlist 29-160] Cannot set property 'PACKAGE_PIN', because the property does not exist for objects of type 'pin'. [c:/selected_hdmi_okok/pyzq/hw/hw_proj/hw_proj.gen/sources_1/bd/video_out_pynq_z2/ip/video_out_pynq_z2_processing_system7_0_0/video_out_pynq_z2_processing_system7_0_0.xdc:55]
Resolution: Modify the set_property command to apply the property on the correct object type. Since the property is being applied as a scoped constraint, ensure the proper connectivity of the object port objects can be translated into pin objects. This could be due to the insertion of IO Buffers between the top level terminal and cell pin. If the goal is to apply constraints that will migrate to top level ports it is required that IO Buffers manually be instanced.
CRITICAL WARNING: [Netlist 29-160] Cannot set property 'slew', because the property does not exist for objects of type 'pin'. [c:/selected_hdmi_okok/pyzq/hw/hw_proj/hw_proj.gen/sources_1/bd/video_out_pynq_z2/ip/video_out_pynq_z2_processing_system7_0_0/video_out_pynq_z2_processing_system7_0_0.xdc:56]
Resolution: Modify the set_property command to apply the property on the correct object type. Since the property is being applied as a scoped constraint, ensure the proper connectivity of the object port objects can be translated into pin objects. This could be due to the insertion of IO Buffers between the top level terminal and cell pin. If the goal is to apply constraints that will migrate to top level ports it is required that IO Buffers manually be instanced.
CRITICAL WARNING: [Netlist 29-160] Cannot set property 'drive', because the property does not exist for objects of type 'pin'. [c:/selected_hdmi_okok/pyzq/hw/hw_proj/hw_proj.gen/sources_1/bd/video_out_pynq_z2/ip/video_out_pynq_z2_processing_system7_0_0/video_out_pynq_z2_processing_system7_0_0.xdc:57]
Resolution: Modify the set_property command to apply the property on the correct object type. Since the property is being applied as a scoped constraint, ensure the proper connectivity of the object port objects can be translated into pin objects. This could be due to the insertion of IO Buffers between the top level terminal and cell pin. If the goal is to apply constraints that will migrate to top level ports it is required that IO Buffers manually be instanced.
CRITICAL WARNING: [Netlist 29-160] Cannot set property 'pullup', because the property does not exist for objects of type 'pin'. [c:/selected_hdmi_okok/pyzq/hw/hw_proj/hw_proj.gen/sources_1/bd/video_out_pynq_z2/ip/video_out_pynq_z2_processing_system7_0_0/video_out_pynq_z2_processing_system7_0_0.xdc:58]
Resolution: Modify the set_property command to apply the property on the correct object type. Since the property is being applied as a scoped constraint, ensure the proper connectivity of the object port objects can be translated into pin objects. This could be due to the insertion of IO Buffers between the top level terminal and cell pin. If the goal is to apply constraints that will migrate to top level ports it is required that IO Buffers manually be instanced.
CRITICAL WARNING: [Netlist 29-160] Cannot set property 'PIO_DIRECTION', because the property does not exist for objects of type 'pin'. [c:/selected_hdmi_okok/pyzq/hw/hw_proj/hw_proj.gen/sources_1/bd/video_out_pynq_z2/ip/video_out_pynq_z2_processing_system7_0_0/video_out_pynq_z2_processing_system7_0_0.xdc:59]
Resolution: Modify the set_property command to apply the property on the correct object type. Since the property is being applied as a scoped constraint, ensure the proper connectivity of the object port objects can be translated into pin objects. This could be due to the insertion of IO Buffers between the top level terminal and cell pin. If the goal is to apply constraints that will migrate to top level ports it is required that IO Buffers manually be instanced.
CRITICAL WARNING: [Netlist 29-160] Cannot set property 'iostandard', because the property does not exist for objects of type 'pin'. [c:/selected_hdmi_okok/pyzq/hw/hw_proj/hw_proj.gen/sources_1/bd/video_out_pynq_z2/ip/video_out_pynq_z2_processing_system7_0_0/video_out_pynq_z2_processing_system7_0_0.xdc:61]
Resolution: Modify the set_property command to apply the property on the correct object type. Since the property is being applied as a scoped constraint, ensure the proper connectivity of the object port objects can be translated into pin objects. This could be due to the insertion of IO Buffers between the top level terminal and cell pin. If the goal is to apply constraints that will migrate to top level ports it is required that IO Buffers manually be instanced.
CRITICAL WARNING: [Netlist 29-160] Cannot set property 'PACKAGE_PIN', because the property does not exist for objects of type 'pin'. [c:/selected_hdmi_okok/pyzq/hw/hw_proj/hw_proj.gen/sources_1/bd/video_out_pynq_z2/ip/video_out_pynq_z2_processing_system7_0_0/video_out_pynq_z2_processing_system7_0_0.xdc:62]
Resolution: Modify the set_property command to apply the property on the correct object type. Since the property is being applied as a scoped constraint, ensure the proper connectivity of the object port objects can be translated into pin objects. This could be due to the insertion of IO Buffers between the top level terminal and cell pin. If the goal is to apply constraints that will migrate to top level ports it is required that IO Buffers manually be instanced.
CRITICAL WARNING: [Netlist 29-160] Cannot set property 'slew', because the property does not exist for objects of type 'pin'. [c:/selected_hdmi_okok/pyzq/hw/hw_proj/hw_proj.gen/sources_1/bd/video_out_pynq_z2/ip/video_out_pynq_z2_processing_system7_0_0/video_out_pynq_z2_processing_system7_0_0.xdc:63]
Resolution: Modify the set_property command to apply the property on the correct object type. Since the property is being applied as a scoped constraint, ensure the proper connectivity of the object port objects can be translated into pin objects. This could be due to the insertion of IO Buffers between the top level terminal and cell pin. If the goal is to apply constraints that will migrate to top level ports it is required that IO Buffers manually be instanced.
CRITICAL WARNING: [Netlist 29-160] Cannot set property 'drive', because the property does not exist for objects of type 'pin'. [c:/selected_hdmi_okok/pyzq/hw/hw_proj/hw_proj.gen/sources_1/bd/video_out_pynq_z2/ip/video_out_pynq_z2_processing_system7_0_0/video_out_pynq_z2_processing_system7_0_0.xdc:64]
Resolution: Modify the set_property command to apply the property on the correct object type. Since the property is being applied as a scoped constraint, ensure the proper connectivity of the object port objects can be translated into pin objects. This could be due to the insertion of IO Buffers between the top level terminal and cell pin. If the goal is to apply constraints that will migrate to top level ports it is required that IO Buffers manually be instanced.
CRITICAL WARNING: [Netlist 29-160] Cannot set property 'pullup', because the property does not exist for objects of type 'pin'. [c:/selected_hdmi_okok/pyzq/hw/hw_proj/hw_proj.gen/sources_1/bd/video_out_pynq_z2/ip/video_out_pynq_z2_processing_system7_0_0/video_out_pynq_z2_processing_system7_0_0.xdc:65]
Resolution: Modify the set_property command to apply the property on the correct object type. Since the property is being applied as a scoped constraint, ensure the proper connectivity of the object port objects can be translated into pin objects. This could be due to the insertion of IO Buffers between the top level terminal and cell pin. If the goal is to apply constraints that will migrate to top level ports it is required that IO Buffers manually be instanced.
CRITICAL WARNING: [Netlist 29-160] Cannot set property 'PIO_DIRECTION', because the property does not exist for objects of type 'pin'. [c:/selected_hdmi_okok/pyzq/hw/hw_proj/hw_proj.gen/sources_1/bd/video_out_pynq_z2/ip/video_out_pynq_z2_processing_system7_0_0/video_out_pynq_z2_processing_system7_0_0.xdc:66]
Resolution: Modify the set_property command to apply the property on the correct object type. Since the property is being applied as a scoped constraint, ensure the proper connectivity of the object port objects can be translated into pin objects. This could be due to the insertion of IO Buffers between the top level terminal and cell pin. If the goal is to apply constraints that will migrate to top level ports it is required that IO Buffers manually be instanced.
CRITICAL WARNING: [Netlist 29-160] Cannot set property 'iostandard', because the property does not exist for objects of type 'pin'. [c:/selected_hdmi_okok/pyzq/hw/hw_proj/hw_proj.gen/sources_1/bd/video_out_pynq_z2/ip/video_out_pynq_z2_processing_system7_0_0/video_out_pynq_z2_processing_system7_0_0.xdc:68]
Resolution: Modify the set_property command to apply the property on the correct object type. Since the property is being applied as a scoped constraint, ensure the proper connectivity of the object port objects can be translated into pin objects. This could be due to the insertion of IO Buffers between the top level terminal and cell pin. If the goal is to apply constraints that will migrate to top level ports it is required that IO Buffers manually be instanced.
CRITICAL WARNING: [Netlist 29-160] Cannot set property 'PACKAGE_PIN', because the property does not exist for objects of type 'pin'. [c:/selected_hdmi_okok/pyzq/hw/hw_proj/hw_proj.gen/sources_1/bd/video_out_pynq_z2/ip/video_out_pynq_z2_processing_system7_0_0/video_out_pynq_z2_processing_system7_0_0.xdc:69]
Resolution: Modify the set_property command to apply the property on the correct object type. Since the property is being applied as a scoped constraint, ensure the proper connectivity of the object port objects can be translated into pin objects. This could be due to the insertion of IO Buffers between the top level terminal and cell pin. If the goal is to apply constraints that will migrate to top level ports it is required that IO Buffers manually be instanced.
CRITICAL WARNING: [Netlist 29-160] Cannot set property 'slew', because the property does not exist for objects of type 'pin'. [c:/selected_hdmi_okok/pyzq/hw/hw_proj/hw_proj.gen/sources_1/bd/video_out_pynq_z2/ip/video_out_pynq_z2_processing_system7_0_0/video_out_pynq_z2_processing_system7_0_0.xdc:70]
Resolution: Modify the set_property command to apply the property on the correct object type. Since the property is being applied as a scoped constraint, ensure the proper connectivity of the object port objects can be translated into pin objects. This could be due to the insertion of IO Buffers between the top level terminal and cell pin. If the goal is to apply constraints that will migrate to top level ports it is required that IO Buffers manually be instanced.
CRITICAL WARNING: [Netlist 29-160] Cannot set property 'drive', because the property does not exist for objects of type 'pin'. [c:/selected_hdmi_okok/pyzq/hw/hw_proj/hw_proj.gen/sources_1/bd/video_out_pynq_z2/ip/video_out_pynq_z2_processing_system7_0_0/video_out_pynq_z2_processing_system7_0_0.xdc:71]
Resolution: Modify the set_property command to apply the property on the correct object type. Since the property is being applied as a scoped constraint, ensure the proper connectivity of the object port objects can be translated into pin objects. This could be due to the insertion of IO Buffers between the top level terminal and cell pin. If the goal is to apply constraints that will migrate to top level ports it is required that IO Buffers manually be instanced.
CRITICAL WARNING: [Netlist 29-160] Cannot set property 'pullup', because the property does not exist for objects of type 'pin'. [c:/selected_hdmi_okok/pyzq/hw/hw_proj/hw_proj.gen/sources_1/bd/video_out_pynq_z2/ip/video_out_pynq_z2_processing_system7_0_0/video_out_pynq_z2_processing_system7_0_0.xdc:72]
Resolution: Modify the set_property command to apply the property on the correct object type. Since the property is being applied as a scoped constraint, ensure the proper connectivity of the object port objects can be translated into pin objects. This could be due to the insertion of IO Buffers between the top level terminal and cell pin. If the goal is to apply constraints that will migrate to top level ports it is required that IO Buffers manually be instanced.
CRITICAL WARNING: [Netlist 29-160] Cannot set property 'PIO_DIRECTION', because the property does not exist for objects of type 'pin'. [c:/selected_hdmi_okok/pyzq/hw/hw_proj/hw_proj.gen/sources_1/bd/video_out_pynq_z2/ip/video_out_pynq_z2_processing_system7_0_0/video_out_pynq_z2_processing_system7_0_0.xdc:73]
Resolution: Modify the set_property command to apply the property on the correct object type. Since the property is being applied as a scoped constraint, ensure the proper connectivity of the object port objects can be translated into pin objects. This could be due to the insertion of IO Buffers between the top level terminal and cell pin. If the goal is to apply constraints that will migrate to top level ports it is required that IO Buffers manually be instanced.
CRITICAL WARNING: [Netlist 29-160] Cannot set property 'iostandard', because the property does not exist for objects of type 'pin'. [c:/selected_hdmi_okok/pyzq/hw/hw_proj/hw_proj.gen/sources_1/bd/video_out_pynq_z2/ip/video_out_pynq_z2_processing_system7_0_0/video_out_pynq_z2_processing_system7_0_0.xdc:75]
Resolution: Modify the set_property command to apply the property on the correct object type. Since the property is being applied as a scoped constraint, ensure the proper connectivity of the object port objects can be translated into pin objects. This could be due to the insertion of IO Buffers between the top level terminal and cell pin. If the goal is to apply constraints that will migrate to top level ports it is required that IO Buffers manually be instanced.
CRITICAL WARNING: [Netlist 29-160] Cannot set property 'PACKAGE_PIN', because the property does not exist for objects of type 'pin'. [c:/selected_hdmi_okok/pyzq/hw/hw_proj/hw_proj.gen/sources_1/bd/video_out_pynq_z2/ip/video_out_pynq_z2_processing_system7_0_0/video_out_pynq_z2_processing_system7_0_0.xdc:76]
Resolution: Modify the set_property command to apply the property on the correct object type. Since the property is being applied as a scoped constraint, ensure the proper connectivity of the object port objects can be translated into pin objects. This could be due to the insertion of IO Buffers between the top level terminal and cell pin. If the goal is to apply constraints that will migrate to top level ports it is required that IO Buffers manually be instanced.
CRITICAL WARNING: [Netlist 29-160] Cannot set property 'slew', because the property does not exist for objects of type 'pin'. [c:/selected_hdmi_okok/pyzq/hw/hw_proj/hw_proj.gen/sources_1/bd/video_out_pynq_z2/ip/video_out_pynq_z2_processing_system7_0_0/video_out_pynq_z2_processing_system7_0_0.xdc:77]
Resolution: Modify the set_property command to apply the property on the correct object type. Since the property is being applied as a scoped constraint, ensure the proper connectivity of the object port objects can be translated into pin objects. This could be due to the insertion of IO Buffers between the top level terminal and cell pin. If the goal is to apply constraints that will migrate to top level ports it is required that IO Buffers manually be instanced.
CRITICAL WARNING: [Netlist 29-160] Cannot set property 'drive', because the property does not exist for objects of type 'pin'. [c:/selected_hdmi_okok/pyzq/hw/hw_proj/hw_proj.gen/sources_1/bd/video_out_pynq_z2/ip/video_out_pynq_z2_processing_system7_0_0/video_out_pynq_z2_processing_system7_0_0.xdc:78]
Resolution: Modify the set_property command to apply the property on the correct object type. Since the property is being applied as a scoped constraint, ensure the proper connectivity of the object port objects can be translated into pin objects. This could be due to the insertion of IO Buffers between the top level terminal and cell pin. If the goal is to apply constraints that will migrate to top level ports it is required that IO Buffers manually be instanced.
CRITICAL WARNING: [Netlist 29-160] Cannot set property 'pullup', because the property does not exist for objects of type 'pin'. [c:/selected_hdmi_okok/pyzq/hw/hw_proj/hw_proj.gen/sources_1/bd/video_out_pynq_z2/ip/video_out_pynq_z2_processing_system7_0_0/video_out_pynq_z2_processing_system7_0_0.xdc:79]
Resolution: Modify the set_property command to apply the property on the correct object type. Since the property is being applied as a scoped constraint, ensure the proper connectivity of the object port objects can be translated into pin objects. This could be due to the insertion of IO Buffers between the top level terminal and cell pin. If the goal is to apply constraints that will migrate to top level ports it is required that IO Buffers manually be instanced.
CRITICAL WARNING: [Netlist 29-160] Cannot set property 'PIO_DIRECTION', because the property does not exist for objects of type 'pin'. [c:/selected_hdmi_okok/pyzq/hw/hw_proj/hw_proj.gen/sources_1/bd/video_out_pynq_z2/ip/video_out_pynq_z2_processing_system7_0_0/video_out_pynq_z2_processing_system7_0_0.xdc:80]
Resolution: Modify the set_property command to apply the property on the correct object type. Since the property is being applied as a scoped constraint, ensure the proper connectivity of the object port objects can be translated into pin objects. This could be due to the insertion of IO Buffers between the top level terminal and cell pin. If the goal is to apply constraints that will migrate to top level ports it is required that IO Buffers manually be instanced.
CRITICAL WARNING: [Netlist 29-160] Cannot set property 'iostandard', because the property does not exist for objects of type 'pin'. [c:/selected_hdmi_okok/pyzq/hw/hw_proj/hw_proj.gen/sources_1/bd/video_out_pynq_z2/ip/video_out_pynq_z2_processing_system7_0_0/video_out_pynq_z2_processing_system7_0_0.xdc:82]
Resolution: Modify the set_property command to apply the property on the correct object type. Since the property is being applied as a scoped constraint, ensure the proper connectivity of the object port objects can be translated into pin objects. This could be due to the insertion of IO Buffers between the top level terminal and cell pin. If the goal is to apply constraints that will migrate to top level ports it is required that IO Buffers manually be instanced.
CRITICAL WARNING: [Netlist 29-160] Cannot set property 'PACKAGE_PIN', because the property does not exist for objects of type 'pin'. [c:/selected_hdmi_okok/pyzq/hw/hw_proj/hw_proj.gen/sources_1/bd/video_out_pynq_z2/ip/video_out_pynq_z2_processing_system7_0_0/video_out_pynq_z2_processing_system7_0_0.xdc:83]
Resolution: Modify the set_property command to apply the property on the correct object type. Since the property is being applied as a scoped constraint, ensure the proper connectivity of the object port objects can be translated into pin objects. This could be due to the insertion of IO Buffers between the top level terminal and cell pin. If the goal is to apply constraints that will migrate to top level ports it is required that IO Buffers manually be instanced.
CRITICAL WARNING: [Netlist 29-160] Cannot set property 'slew', because the property does not exist for objects of type 'pin'. [c:/selected_hdmi_okok/pyzq/hw/hw_proj/hw_proj.gen/sources_1/bd/video_out_pynq_z2/ip/video_out_pynq_z2_processing_system7_0_0/video_out_pynq_z2_processing_system7_0_0.xdc:84]
Resolution: Modify the set_property command to apply the property on the correct object type. Since the property is being applied as a scoped constraint, ensure the proper connectivity of the object port objects can be translated into pin objects. This could be due to the insertion of IO Buffers between the top level terminal and cell pin. If the goal is to apply constraints that will migrate to top level ports it is required that IO Buffers manually be instanced.
CRITICAL WARNING: [Netlist 29-160] Cannot set property 'drive', because the property does not exist for objects of type 'pin'. [c:/selected_hdmi_okok/pyzq/hw/hw_proj/hw_proj.gen/sources_1/bd/video_out_pynq_z2/ip/video_out_pynq_z2_processing_system7_0_0/video_out_pynq_z2_processing_system7_0_0.xdc:85]
Resolution: Modify the set_property command to apply the property on the correct object type. Since the property is being applied as a scoped constraint, ensure the proper connectivity of the object port objects can be translated into pin objects. This could be due to the insertion of IO Buffers between the top level terminal and cell pin. If the goal is to apply constraints that will migrate to top level ports it is required that IO Buffers manually be instanced.
CRITICAL WARNING: [Netlist 29-160] Cannot set property 'pullup', because the property does not exist for objects of type 'pin'. [c:/selected_hdmi_okok/pyzq/hw/hw_proj/hw_proj.gen/sources_1/bd/video_out_pynq_z2/ip/video_out_pynq_z2_processing_system7_0_0/video_out_pynq_z2_processing_system7_0_0.xdc:86]
Resolution: Modify the set_property command to apply the property on the correct object type. Since the property is being applied as a scoped constraint, ensure the proper connectivity of the object port objects can be translated into pin objects. This could be due to the insertion of IO Buffers between the top level terminal and cell pin. If the goal is to apply constraints that will migrate to top level ports it is required that IO Buffers manually be instanced.
CRITICAL WARNING: [Netlist 29-160] Cannot set property 'PIO_DIRECTION', because the property does not exist for objects of type 'pin'. [c:/selected_hdmi_okok/pyzq/hw/hw_proj/hw_proj.gen/sources_1/bd/video_out_pynq_z2/ip/video_out_pynq_z2_processing_system7_0_0/video_out_pynq_z2_processing_system7_0_0.xdc:87]
Resolution: Modify the set_property command to apply the property on the correct object type. Since the property is being applied as a scoped constraint, ensure the proper connectivity of the object port objects can be translated into pin objects. This could be due to the insertion of IO Buffers between the top level terminal and cell pin. If the goal is to apply constraints that will migrate to top level ports it is required that IO Buffers manually be instanced.
CRITICAL WARNING: [Netlist 29-160] Cannot set property 'iostandard', because the property does not exist for objects of type 'pin'. [c:/selected_hdmi_okok/pyzq/hw/hw_proj/hw_proj.gen/sources_1/bd/video_out_pynq_z2/ip/video_out_pynq_z2_processing_system7_0_0/video_out_pynq_z2_processing_system7_0_0.xdc:89]
Resolution: Modify the set_property command to apply the property on the correct object type. Since the property is being applied as a scoped constraint, ensure the proper connectivity of the object port objects can be translated into pin objects. This could be due to the insertion of IO Buffers between the top level terminal and cell pin. If the goal is to apply constraints that will migrate to top level ports it is required that IO Buffers manually be instanced.
CRITICAL WARNING: [Netlist 29-160] Cannot set property 'PACKAGE_PIN', because the property does not exist for objects of type 'pin'. [c:/selected_hdmi_okok/pyzq/hw/hw_proj/hw_proj.gen/sources_1/bd/video_out_pynq_z2/ip/video_out_pynq_z2_processing_system7_0_0/video_out_pynq_z2_processing_system7_0_0.xdc:90]
Resolution: Modify the set_property command to apply the property on the correct object type. Since the property is being applied as a scoped constraint, ensure the proper connectivity of the object port objects can be translated into pin objects. This could be due to the insertion of IO Buffers between the top level terminal and cell pin. If the goal is to apply constraints that will migrate to top level ports it is required that IO Buffers manually be instanced.
CRITICAL WARNING: [Netlist 29-160] Cannot set property 'slew', because the property does not exist for objects of type 'pin'. [c:/selected_hdmi_okok/pyzq/hw/hw_proj/hw_proj.gen/sources_1/bd/video_out_pynq_z2/ip/video_out_pynq_z2_processing_system7_0_0/video_out_pynq_z2_processing_system7_0_0.xdc:91]
Resolution: Modify the set_property command to apply the property on the correct object type. Since the property is being applied as a scoped constraint, ensure the proper connectivity of the object port objects can be translated into pin objects. This could be due to the insertion of IO Buffers between the top level terminal and cell pin. If the goal is to apply constraints that will migrate to top level ports it is required that IO Buffers manually be instanced.
CRITICAL WARNING: [Netlist 29-160] Cannot set property 'drive', because the property does not exist for objects of type 'pin'. [c:/selected_hdmi_okok/pyzq/hw/hw_proj/hw_proj.gen/sources_1/bd/video_out_pynq_z2/ip/video_out_pynq_z2_processing_system7_0_0/video_out_pynq_z2_processing_system7_0_0.xdc:92]
Resolution: Modify the set_property command to apply the property on the correct object type. Since the property is being applied as a scoped constraint, ensure the proper connectivity of the object port objects can be translated into pin objects. This could be due to the insertion of IO Buffers between the top level terminal and cell pin. If the goal is to apply constraints that will migrate to top level ports it is required that IO Buffers manually be instanced.
CRITICAL WARNING: [Netlist 29-160] Cannot set property 'pullup', because the property does not exist for objects of type 'pin'. [c:/selected_hdmi_okok/pyzq/hw/hw_proj/hw_proj.gen/sources_1/bd/video_out_pynq_z2/ip/video_out_pynq_z2_processing_system7_0_0/video_out_pynq_z2_processing_system7_0_0.xdc:93]
Resolution: Modify the set_property command to apply the property on the correct object type. Since the property is being applied as a scoped constraint, ensure the proper connectivity of the object port objects can be translated into pin objects. This could be due to the insertion of IO Buffers between the top level terminal and cell pin. If the goal is to apply constraints that will migrate to top level ports it is required that IO Buffers manually be instanced.
CRITICAL WARNING: [Netlist 29-160] Cannot set property 'PIO_DIRECTION', because the property does not exist for objects of type 'pin'. [c:/selected_hdmi_okok/pyzq/hw/hw_proj/hw_proj.gen/sources_1/bd/video_out_pynq_z2/ip/video_out_pynq_z2_processing_system7_0_0/video_out_pynq_z2_processing_system7_0_0.xdc:94]
Resolution: Modify the set_property command to apply the property on the correct object type. Since the property is being applied as a scoped constraint, ensure the proper connectivity of the object port objects can be translated into pin objects. This could be due to the insertion of IO Buffers between the top level terminal and cell pin. If the goal is to apply constraints that will migrate to top level ports it is required that IO Buffers manually be instanced.
CRITICAL WARNING: [Netlist 29-160] Cannot set property 'iostandard', because the property does not exist for objects of type 'pin'. [c:/selected_hdmi_okok/pyzq/hw/hw_proj/hw_proj.gen/sources_1/bd/video_out_pynq_z2/ip/video_out_pynq_z2_processing_system7_0_0/video_out_pynq_z2_processing_system7_0_0.xdc:96]
Resolution: Modify the set_property command to apply the property on the correct object type. Since the property is being applied as a scoped constraint, ensure the proper connectivity of the object port objects can be translated into pin objects. This could be due to the insertion of IO Buffers between the top level terminal and cell pin. If the goal is to apply constraints that will migrate to top level ports it is required that IO Buffers manually be instanced.
CRITICAL WARNING: [Netlist 29-160] Cannot set property 'PACKAGE_PIN', because the property does not exist for objects of type 'pin'. [c:/selected_hdmi_okok/pyzq/hw/hw_proj/hw_proj.gen/sources_1/bd/video_out_pynq_z2/ip/video_out_pynq_z2_processing_system7_0_0/video_out_pynq_z2_processing_system7_0_0.xdc:97]
Resolution: Modify the set_property command to apply the property on the correct object type. Since the property is being applied as a scoped constraint, ensure the proper connectivity of the object port objects can be translated into pin objects. This could be due to the insertion of IO Buffers between the top level terminal and cell pin. If the goal is to apply constraints that will migrate to top level ports it is required that IO Buffers manually be instanced.
CRITICAL WARNING: [Netlist 29-160] Cannot set property 'slew', because the property does not exist for objects of type 'pin'. [c:/selected_hdmi_okok/pyzq/hw/hw_proj/hw_proj.gen/sources_1/bd/video_out_pynq_z2/ip/video_out_pynq_z2_processing_system7_0_0/video_out_pynq_z2_processing_system7_0_0.xdc:98]
Resolution: Modify the set_property command to apply the property on the correct object type. Since the property is being applied as a scoped constraint, ensure the proper connectivity of the object port objects can be translated into pin objects. This could be due to the insertion of IO Buffers between the top level terminal and cell pin. If the goal is to apply constraints that will migrate to top level ports it is required that IO Buffers manually be instanced.
CRITICAL WARNING: [Netlist 29-160] Cannot set property 'drive', because the property does not exist for objects of type 'pin'. [c:/selected_hdmi_okok/pyzq/hw/hw_proj/hw_proj.gen/sources_1/bd/video_out_pynq_z2/ip/video_out_pynq_z2_processing_system7_0_0/video_out_pynq_z2_processing_system7_0_0.xdc:99]
Resolution: Modify the set_property command to apply the property on the correct object type. Since the property is being applied as a scoped constraint, ensure the proper connectivity of the object port objects can be translated into pin objects. This could be due to the insertion of IO Buffers between the top level terminal and cell pin. If the goal is to apply constraints that will migrate to top level ports it is required that IO Buffers manually be instanced.
CRITICAL WARNING: [Netlist 29-160] Cannot set property 'pullup', because the property does not exist for objects of type 'pin'. [c:/selected_hdmi_okok/pyzq/hw/hw_proj/hw_proj.gen/sources_1/bd/video_out_pynq_z2/ip/video_out_pynq_z2_processing_system7_0_0/video_out_pynq_z2_processing_system7_0_0.xdc:100]
Resolution: Modify the set_property command to apply the property on the correct object type. Since the property is being applied as a scoped constraint, ensure the proper connectivity of the object port objects can be translated into pin objects. This could be due to the insertion of IO Buffers between the top level terminal and cell pin. If the goal is to apply constraints that will migrate to top level ports it is required that IO Buffers manually be instanced.
CRITICAL WARNING: [Netlist 29-160] Cannot set property 'PIO_DIRECTION', because the property does not exist for objects of type 'pin'. [c:/selected_hdmi_okok/pyzq/hw/hw_proj/hw_proj.gen/sources_1/bd/video_out_pynq_z2/ip/video_out_pynq_z2_processing_system7_0_0/video_out_pynq_z2_processing_system7_0_0.xdc:101]
Resolution: Modify the set_property command to apply the property on the correct object type. Since the property is being applied as a scoped constraint, ensure the proper connectivity of the object port objects can be translated into pin objects. This could be due to the insertion of IO Buffers between the top level terminal and cell pin. If the goal is to apply constraints that will migrate to top level ports it is required that IO Buffers manually be instanced.
CRITICAL WARNING: [Netlist 29-160] Cannot set property 'iostandard', because the property does not exist for objects of type 'pin'. [c:/selected_hdmi_okok/pyzq/hw/hw_proj/hw_proj.gen/sources_1/bd/video_out_pynq_z2/ip/video_out_pynq_z2_processing_system7_0_0/video_out_pynq_z2_processing_system7_0_0.xdc:103]
Resolution: Modify the set_property command to apply the property on the correct object type. Since the property is being applied as a scoped constraint, ensure the proper connectivity of the object port objects can be translated into pin objects. This could be due to the insertion of IO Buffers between the top level terminal and cell pin. If the goal is to apply constraints that will migrate to top level ports it is required that IO Buffers manually be instanced.
CRITICAL WARNING: [Netlist 29-160] Cannot set property 'PACKAGE_PIN', because the property does not exist for objects of type 'pin'. [c:/selected_hdmi_okok/pyzq/hw/hw_proj/hw_proj.gen/sources_1/bd/video_out_pynq_z2/ip/video_out_pynq_z2_processing_system7_0_0/video_out_pynq_z2_processing_system7_0_0.xdc:104]
Resolution: Modify the set_property command to apply the property on the correct object type. Since the property is being applied as a scoped constraint, ensure the proper connectivity of the object port objects can be translated into pin objects. This could be due to the insertion of IO Buffers between the top level terminal and cell pin. If the goal is to apply constraints that will migrate to top level ports it is required that IO Buffers manually be instanced.
CRITICAL WARNING: [Netlist 29-160] Cannot set property 'slew', because the property does not exist for objects of type 'pin'. [c:/selected_hdmi_okok/pyzq/hw/hw_proj/hw_proj.gen/sources_1/bd/video_out_pynq_z2/ip/video_out_pynq_z2_processing_system7_0_0/video_out_pynq_z2_processing_system7_0_0.xdc:105]
Resolution: Modify the set_property command to apply the property on the correct object type. Since the property is being applied as a scoped constraint, ensure the proper connectivity of the object port objects can be translated into pin objects. This could be due to the insertion of IO Buffers between the top level terminal and cell pin. If the goal is to apply constraints that will migrate to top level ports it is required that IO Buffers manually be instanced.
CRITICAL WARNING: [Netlist 29-160] Cannot set property 'drive', because the property does not exist for objects of type 'pin'. [c:/selected_hdmi_okok/pyzq/hw/hw_proj/hw_proj.gen/sources_1/bd/video_out_pynq_z2/ip/video_out_pynq_z2_processing_system7_0_0/video_out_pynq_z2_processing_system7_0_0.xdc:106]
Resolution: Modify the set_property command to apply the property on the correct object type. Since the property is being applied as a scoped constraint, ensure the proper connectivity of the object port objects can be translated into pin objects. This could be due to the insertion of IO Buffers between the top level terminal and cell pin. If the goal is to apply constraints that will migrate to top level ports it is required that IO Buffers manually be instanced.
CRITICAL WARNING: [Netlist 29-160] Cannot set property 'pullup', because the property does not exist for objects of type 'pin'. [c:/selected_hdmi_okok/pyzq/hw/hw_proj/hw_proj.gen/sources_1/bd/video_out_pynq_z2/ip/video_out_pynq_z2_processing_system7_0_0/video_out_pynq_z2_processing_system7_0_0.xdc:107]
Resolution: Modify the set_property command to apply the property on the correct object type. Since the property is being applied as a scoped constraint, ensure the proper connectivity of the object port objects can be translated into pin objects. This could be due to the insertion of IO Buffers between the top level terminal and cell pin. If the goal is to apply constraints that will migrate to top level ports it is required that IO Buffers manually be instanced.
CRITICAL WARNING: [Netlist 29-160] Cannot set property 'PIO_DIRECTION', because the property does not exist for objects of type 'pin'. [c:/selected_hdmi_okok/pyzq/hw/hw_proj/hw_proj.gen/sources_1/bd/video_out_pynq_z2/ip/video_out_pynq_z2_processing_system7_0_0/video_out_pynq_z2_processing_system7_0_0.xdc:108]
Resolution: Modify the set_property command to apply the property on the correct object type. Since the property is being applied as a scoped constraint, ensure the proper connectivity of the object port objects can be translated into pin objects. This could be due to the insertion of IO Buffers between the top level terminal and cell pin. If the goal is to apply constraints that will migrate to top level ports it is required that IO Buffers manually be instanced.
CRITICAL WARNING: [Netlist 29-160] Cannot set property 'iostandard', because the property does not exist for objects of type 'pin'. [c:/selected_hdmi_okok/pyzq/hw/hw_proj/hw_proj.gen/sources_1/bd/video_out_pynq_z2/ip/video_out_pynq_z2_processing_system7_0_0/video_out_pynq_z2_processing_system7_0_0.xdc:110]
Resolution: Modify the set_property command to apply the property on the correct object type. Since the property is being applied as a scoped constraint, ensure the proper connectivity of the object port objects can be translated into pin objects. This could be due to the insertion of IO Buffers between the top level terminal and cell pin. If the goal is to apply constraints that will migrate to top level ports it is required that IO Buffers manually be instanced.
CRITICAL WARNING: [Netlist 29-160] Cannot set property 'PACKAGE_PIN', because the property does not exist for objects of type 'pin'. [c:/selected_hdmi_okok/pyzq/hw/hw_proj/hw_proj.gen/sources_1/bd/video_out_pynq_z2/ip/video_out_pynq_z2_processing_system7_0_0/video_out_pynq_z2_processing_system7_0_0.xdc:111]
Resolution: Modify the set_property command to apply the property on the correct object type. Since the property is being applied as a scoped constraint, ensure the proper connectivity of the object port objects can be translated into pin objects. This could be due to the insertion of IO Buffers between the top level terminal and cell pin. If the goal is to apply constraints that will migrate to top level ports it is required that IO Buffers manually be instanced.
CRITICAL WARNING: [Netlist 29-160] Cannot set property 'slew', because the property does not exist for objects of type 'pin'. [c:/selected_hdmi_okok/pyzq/hw/hw_proj/hw_proj.gen/sources_1/bd/video_out_pynq_z2/ip/video_out_pynq_z2_processing_system7_0_0/video_out_pynq_z2_processing_system7_0_0.xdc:112]
Resolution: Modify the set_property command to apply the property on the correct object type. Since the property is being applied as a scoped constraint, ensure the proper connectivity of the object port objects can be translated into pin objects. This could be due to the insertion of IO Buffers between the top level terminal and cell pin. If the goal is to apply constraints that will migrate to top level ports it is required that IO Buffers manually be instanced.
CRITICAL WARNING: [Netlist 29-160] Cannot set property 'drive', because the property does not exist for objects of type 'pin'. [c:/selected_hdmi_okok/pyzq/hw/hw_proj/hw_proj.gen/sources_1/bd/video_out_pynq_z2/ip/video_out_pynq_z2_processing_system7_0_0/video_out_pynq_z2_processing_system7_0_0.xdc:113]
Resolution: Modify the set_property command to apply the property on the correct object type. Since the property is being applied as a scoped constraint, ensure the proper connectivity of the object port objects can be translated into pin objects. This could be due to the insertion of IO Buffers between the top level terminal and cell pin. If the goal is to apply constraints that will migrate to top level ports it is required that IO Buffers manually be instanced.
CRITICAL WARNING: [Netlist 29-160] Cannot set property 'pullup', because the property does not exist for objects of type 'pin'. [c:/selected_hdmi_okok/pyzq/hw/hw_proj/hw_proj.gen/sources_1/bd/video_out_pynq_z2/ip/video_out_pynq_z2_processing_system7_0_0/video_out_pynq_z2_processing_system7_0_0.xdc:114]
Resolution: Modify the set_property command to apply the property on the correct object type. Since the property is being applied as a scoped constraint, ensure the proper connectivity of the object port objects can be translated into pin objects. This could be due to the insertion of IO Buffers between the top level terminal and cell pin. If the goal is to apply constraints that will migrate to top level ports it is required that IO Buffers manually be instanced.
CRITICAL WARNING: [Netlist 29-160] Cannot set property 'PIO_DIRECTION', because the property does not exist for objects of type 'pin'. [c:/selected_hdmi_okok/pyzq/hw/hw_proj/hw_proj.gen/sources_1/bd/video_out_pynq_z2/ip/video_out_pynq_z2_processing_system7_0_0/video_out_pynq_z2_processing_system7_0_0.xdc:115]
Resolution: Modify the set_property command to apply the property on the correct object type. Since the property is being applied as a scoped constraint, ensure the proper connectivity of the object port objects can be translated into pin objects. This could be due to the insertion of IO Buffers between the top level terminal and cell pin. If the goal is to apply constraints that will migrate to top level ports it is required that IO Buffers manually be instanced.
CRITICAL WARNING: [Netlist 29-160] Cannot set property 'iostandard', because the property does not exist for objects of type 'pin'. [c:/selected_hdmi_okok/pyzq/hw/hw_proj/hw_proj.gen/sources_1/bd/video_out_pynq_z2/ip/video_out_pynq_z2_processing_system7_0_0/video_out_pynq_z2_processing_system7_0_0.xdc:117]
Resolution: Modify the set_property command to apply the property on the correct object type. Since the property is being applied as a scoped constraint, ensure the proper connectivity of the object port objects can be translated into pin objects. This could be due to the insertion of IO Buffers between the top level terminal and cell pin. If the goal is to apply constraints that will migrate to top level ports it is required that IO Buffers manually be instanced.
CRITICAL WARNING: [Netlist 29-160] Cannot set property 'PACKAGE_PIN', because the property does not exist for objects of type 'pin'. [c:/selected_hdmi_okok/pyzq/hw/hw_proj/hw_proj.gen/sources_1/bd/video_out_pynq_z2/ip/video_out_pynq_z2_processing_system7_0_0/video_out_pynq_z2_processing_system7_0_0.xdc:118]
Resolution: Modify the set_property command to apply the property on the correct object type. Since the property is being applied as a scoped constraint, ensure the proper connectivity of the object port objects can be translated into pin objects. This could be due to the insertion of IO Buffers between the top level terminal and cell pin. If the goal is to apply constraints that will migrate to top level ports it is required that IO Buffers manually be instanced.
CRITICAL WARNING: [Netlist 29-160] Cannot set property 'slew', because the property does not exist for objects of type 'pin'. [c:/selected_hdmi_okok/pyzq/hw/hw_proj/hw_proj.gen/sources_1/bd/video_out_pynq_z2/ip/video_out_pynq_z2_processing_system7_0_0/video_out_pynq_z2_processing_system7_0_0.xdc:119]
Resolution: Modify the set_property command to apply the property on the correct object type. Since the property is being applied as a scoped constraint, ensure the proper connectivity of the object port objects can be translated into pin objects. This could be due to the insertion of IO Buffers between the top level terminal and cell pin. If the goal is to apply constraints that will migrate to top level ports it is required that IO Buffers manually be instanced.
CRITICAL WARNING: [Netlist 29-160] Cannot set property 'drive', because the property does not exist for objects of type 'pin'. [c:/selected_hdmi_okok/pyzq/hw/hw_proj/hw_proj.gen/sources_1/bd/video_out_pynq_z2/ip/video_out_pynq_z2_processing_system7_0_0/video_out_pynq_z2_processing_system7_0_0.xdc:120]
Resolution: Modify the set_property command to apply the property on the correct object type. Since the property is being applied as a scoped constraint, ensure the proper connectivity of the object port objects can be translated into pin objects. This could be due to the insertion of IO Buffers between the top level terminal and cell pin. If the goal is to apply constraints that will migrate to top level ports it is required that IO Buffers manually be instanced.
CRITICAL WARNING: [Netlist 29-160] Cannot set property 'pullup', because the property does not exist for objects of type 'pin'. [c:/selected_hdmi_okok/pyzq/hw/hw_proj/hw_proj.gen/sources_1/bd/video_out_pynq_z2/ip/video_out_pynq_z2_processing_system7_0_0/video_out_pynq_z2_processing_system7_0_0.xdc:121]
Resolution: Modify the set_property command to apply the property on the correct object type. Since the property is being applied as a scoped constraint, ensure the proper connectivity of the object port objects can be translated into pin objects. This could be due to the insertion of IO Buffers between the top level terminal and cell pin. If the goal is to apply constraints that will migrate to top level ports it is required that IO Buffers manually be instanced.
CRITICAL WARNING: [Netlist 29-160] Cannot set property 'PIO_DIRECTION', because the property does not exist for objects of type 'pin'. [c:/selected_hdmi_okok/pyzq/hw/hw_proj/hw_proj.gen/sources_1/bd/video_out_pynq_z2/ip/video_out_pynq_z2_processing_system7_0_0/video_out_pynq_z2_processing_system7_0_0.xdc:122]
Resolution: Modify the set_property command to apply the property on the correct object type. Since the property is being applied as a scoped constraint, ensure the proper connectivity of the object port objects can be translated into pin objects. This could be due to the insertion of IO Buffers between the top level terminal and cell pin. If the goal is to apply constraints that will migrate to top level ports it is required that IO Buffers manually be instanced.
CRITICAL WARNING: [Netlist 29-160] Cannot set property 'iostandard', because the property does not exist for objects of type 'pin'. [c:/selected_hdmi_okok/pyzq/hw/hw_proj/hw_proj.gen/sources_1/bd/video_out_pynq_z2/ip/video_out_pynq_z2_processing_system7_0_0/video_out_pynq_z2_processing_system7_0_0.xdc:124]
Resolution: Modify the set_property command to apply the property on the correct object type. Since the property is being applied as a scoped constraint, ensure the proper connectivity of the object port objects can be translated into pin objects. This could be due to the insertion of IO Buffers between the top level terminal and cell pin. If the goal is to apply constraints that will migrate to top level ports it is required that IO Buffers manually be instanced.
CRITICAL WARNING: [Netlist 29-160] Cannot set property 'PACKAGE_PIN', because the property does not exist for objects of type 'pin'. [c:/selected_hdmi_okok/pyzq/hw/hw_proj/hw_proj.gen/sources_1/bd/video_out_pynq_z2/ip/video_out_pynq_z2_processing_system7_0_0/video_out_pynq_z2_processing_system7_0_0.xdc:125]
Resolution: Modify the set_property command to apply the property on the correct object type. Since the property is being applied as a scoped constraint, ensure the proper connectivity of the object port objects can be translated into pin objects. This could be due to the insertion of IO Buffers between the top level terminal and cell pin. If the goal is to apply constraints that will migrate to top level ports it is required that IO Buffers manually be instanced.
CRITICAL WARNING: [Netlist 29-160] Cannot set property 'slew', because the property does not exist for objects of type 'pin'. [c:/selected_hdmi_okok/pyzq/hw/hw_proj/hw_proj.gen/sources_1/bd/video_out_pynq_z2/ip/video_out_pynq_z2_processing_system7_0_0/video_out_pynq_z2_processing_system7_0_0.xdc:126]
Resolution: Modify the set_property command to apply the property on the correct object type. Since the property is being applied as a scoped constraint, ensure the proper connectivity of the object port objects can be translated into pin objects. This could be due to the insertion of IO Buffers between the top level terminal and cell pin. If the goal is to apply constraints that will migrate to top level ports it is required that IO Buffers manually be instanced.
CRITICAL WARNING: [Netlist 29-160] Cannot set property 'drive', because the property does not exist for objects of type 'pin'. [c:/selected_hdmi_okok/pyzq/hw/hw_proj/hw_proj.gen/sources_1/bd/video_out_pynq_z2/ip/video_out_pynq_z2_processing_system7_0_0/video_out_pynq_z2_processing_system7_0_0.xdc:127]
Resolution: Modify the set_property command to apply the property on the correct object type. Since the property is being applied as a scoped constraint, ensure the proper connectivity of the object port objects can be translated into pin objects. This could be due to the insertion of IO Buffers between the top level terminal and cell pin. If the goal is to apply constraints that will migrate to top level ports it is required that IO Buffers manually be instanced.
CRITICAL WARNING: [Netlist 29-160] Cannot set property 'pullup', because the property does not exist for objects of type 'pin'. [c:/selected_hdmi_okok/pyzq/hw/hw_proj/hw_proj.gen/sources_1/bd/video_out_pynq_z2/ip/video_out_pynq_z2_processing_system7_0_0/video_out_pynq_z2_processing_system7_0_0.xdc:128]
Resolution: Modify the set_property command to apply the property on the correct object type. Since the property is being applied as a scoped constraint, ensure the proper connectivity of the object port objects can be translated into pin objects. This could be due to the insertion of IO Buffers between the top level terminal and cell pin. If the goal is to apply constraints that will migrate to top level ports it is required that IO Buffers manually be instanced.
CRITICAL WARNING: [Netlist 29-160] Cannot set property 'PIO_DIRECTION', because the property does not exist for objects of type 'pin'. [c:/selected_hdmi_okok/pyzq/hw/hw_proj/hw_proj.gen/sources_1/bd/video_out_pynq_z2/ip/video_out_pynq_z2_processing_system7_0_0/video_out_pynq_z2_processing_system7_0_0.xdc:129]
Resolution: Modify the set_property command to apply the property on the correct object type. Since the property is being applied as a scoped constraint, ensure the proper connectivity of the object port objects can be translated into pin objects. This could be due to the insertion of IO Buffers between the top level terminal and cell pin. If the goal is to apply constraints that will migrate to top level ports it is required that IO Buffers manually be instanced.
CRITICAL WARNING: [Netlist 29-160] Cannot set property 'iostandard', because the property does not exist for objects of type 'pin'. [c:/selected_hdmi_okok/pyzq/hw/hw_proj/hw_proj.gen/sources_1/bd/video_out_pynq_z2/ip/video_out_pynq_z2_processing_system7_0_0/video_out_pynq_z2_processing_system7_0_0.xdc:131]
Resolution: Modify the set_property command to apply the property on the correct object type. Since the property is being applied as a scoped constraint, ensure the proper connectivity of the object port objects can be translated into pin objects. This could be due to the insertion of IO Buffers between the top level terminal and cell pin. If the goal is to apply constraints that will migrate to top level ports it is required that IO Buffers manually be instanced.
CRITICAL WARNING: [Netlist 29-160] Cannot set property 'PACKAGE_PIN', because the property does not exist for objects of type 'pin'. [c:/selected_hdmi_okok/pyzq/hw/hw_proj/hw_proj.gen/sources_1/bd/video_out_pynq_z2/ip/video_out_pynq_z2_processing_system7_0_0/video_out_pynq_z2_processing_system7_0_0.xdc:132]
Resolution: Modify the set_property command to apply the property on the correct object type. Since the property is being applied as a scoped constraint, ensure the proper connectivity of the object port objects can be translated into pin objects. This could be due to the insertion of IO Buffers between the top level terminal and cell pin. If the goal is to apply constraints that will migrate to top level ports it is required that IO Buffers manually be instanced.
CRITICAL WARNING: [Netlist 29-160] Cannot set property 'slew', because the property does not exist for objects of type 'pin'. [c:/selected_hdmi_okok/pyzq/hw/hw_proj/hw_proj.gen/sources_1/bd/video_out_pynq_z2/ip/video_out_pynq_z2_processing_system7_0_0/video_out_pynq_z2_processing_system7_0_0.xdc:133]
Resolution: Modify the set_property command to apply the property on the correct object type. Since the property is being applied as a scoped constraint, ensure the proper connectivity of the object port objects can be translated into pin objects. This could be due to the insertion of IO Buffers between the top level terminal and cell pin. If the goal is to apply constraints that will migrate to top level ports it is required that IO Buffers manually be instanced.
CRITICAL WARNING: [Netlist 29-160] Cannot set property 'drive', because the property does not exist for objects of type 'pin'. [c:/selected_hdmi_okok/pyzq/hw/hw_proj/hw_proj.gen/sources_1/bd/video_out_pynq_z2/ip/video_out_pynq_z2_processing_system7_0_0/video_out_pynq_z2_processing_system7_0_0.xdc:134]
Resolution: Modify the set_property command to apply the property on the correct object type. Since the property is being applied as a scoped constraint, ensure the proper connectivity of the object port objects can be translated into pin objects. This could be due to the insertion of IO Buffers between the top level terminal and cell pin. If the goal is to apply constraints that will migrate to top level ports it is required that IO Buffers manually be instanced.
CRITICAL WARNING: [Netlist 29-160] Cannot set property 'pullup', because the property does not exist for objects of type 'pin'. [c:/selected_hdmi_okok/pyzq/hw/hw_proj/hw_proj.gen/sources_1/bd/video_out_pynq_z2/ip/video_out_pynq_z2_processing_system7_0_0/video_out_pynq_z2_processing_system7_0_0.xdc:135]
Resolution: Modify the set_property command to apply the property on the correct object type. Since the property is being applied as a scoped constraint, ensure the proper connectivity of the object port objects can be translated into pin objects. This could be due to the insertion of IO Buffers between the top level terminal and cell pin. If the goal is to apply constraints that will migrate to top level ports it is required that IO Buffers manually be instanced.
CRITICAL WARNING: [Netlist 29-160] Cannot set property 'PIO_DIRECTION', because the property does not exist for objects of type 'pin'. [c:/selected_hdmi_okok/pyzq/hw/hw_proj/hw_proj.gen/sources_1/bd/video_out_pynq_z2/ip/video_out_pynq_z2_processing_system7_0_0/video_out_pynq_z2_processing_system7_0_0.xdc:136]
Resolution: Modify the set_property command to apply the property on the correct object type. Since the property is being applied as a scoped constraint, ensure the proper connectivity of the object port objects can be translated into pin objects. This could be due to the insertion of IO Buffers between the top level terminal and cell pin. If the goal is to apply constraints that will migrate to top level ports it is required that IO Buffers manually be instanced.
CRITICAL WARNING: [Netlist 29-160] Cannot set property 'iostandard', because the property does not exist for objects of type 'pin'. [c:/selected_hdmi_okok/pyzq/hw/hw_proj/hw_proj.gen/sources_1/bd/video_out_pynq_z2/ip/video_out_pynq_z2_processing_system7_0_0/video_out_pynq_z2_processing_system7_0_0.xdc:138]
Resolution: Modify the set_property command to apply the property on the correct object type. Since the property is being applied as a scoped constraint, ensure the proper connectivity of the object port objects can be translated into pin objects. This could be due to the insertion of IO Buffers between the top level terminal and cell pin. If the goal is to apply constraints that will migrate to top level ports it is required that IO Buffers manually be instanced.
CRITICAL WARNING: [Netlist 29-160] Cannot set property 'PACKAGE_PIN', because the property does not exist for objects of type 'pin'. [c:/selected_hdmi_okok/pyzq/hw/hw_proj/hw_proj.gen/sources_1/bd/video_out_pynq_z2/ip/video_out_pynq_z2_processing_system7_0_0/video_out_pynq_z2_processing_system7_0_0.xdc:139]
Resolution: Modify the set_property command to apply the property on the correct object type. Since the property is being applied as a scoped constraint, ensure the proper connectivity of the object port objects can be translated into pin objects. This could be due to the insertion of IO Buffers between the top level terminal and cell pin. If the goal is to apply constraints that will migrate to top level ports it is required that IO Buffers manually be instanced.
CRITICAL WARNING: [Netlist 29-160] Cannot set property 'slew', because the property does not exist for objects of type 'pin'. [c:/selected_hdmi_okok/pyzq/hw/hw_proj/hw_proj.gen/sources_1/bd/video_out_pynq_z2/ip/video_out_pynq_z2_processing_system7_0_0/video_out_pynq_z2_processing_system7_0_0.xdc:140]
Resolution: Modify the set_property command to apply the property on the correct object type. Since the property is being applied as a scoped constraint, ensure the proper connectivity of the object port objects can be translated into pin objects. This could be due to the insertion of IO Buffers between the top level terminal and cell pin. If the goal is to apply constraints that will migrate to top level ports it is required that IO Buffers manually be instanced.
CRITICAL WARNING: [Netlist 29-160] Cannot set property 'drive', because the property does not exist for objects of type 'pin'. [c:/selected_hdmi_okok/pyzq/hw/hw_proj/hw_proj.gen/sources_1/bd/video_out_pynq_z2/ip/video_out_pynq_z2_processing_system7_0_0/video_out_pynq_z2_processing_system7_0_0.xdc:141]
Resolution: Modify the set_property command to apply the property on the correct object type. Since the property is being applied as a scoped constraint, ensure the proper connectivity of the object port objects can be translated into pin objects. This could be due to the insertion of IO Buffers between the top level terminal and cell pin. If the goal is to apply constraints that will migrate to top level ports it is required that IO Buffers manually be instanced.
CRITICAL WARNING: [Netlist 29-160] Cannot set property 'pullup', because the property does not exist for objects of type 'pin'. [c:/selected_hdmi_okok/pyzq/hw/hw_proj/hw_proj.gen/sources_1/bd/video_out_pynq_z2/ip/video_out_pynq_z2_processing_system7_0_0/video_out_pynq_z2_processing_system7_0_0.xdc:142]
Resolution: Modify the set_property command to apply the property on the correct object type. Since the property is being applied as a scoped constraint, ensure the proper connectivity of the object port objects can be translated into pin objects. This could be due to the insertion of IO Buffers between the top level terminal and cell pin. If the goal is to apply constraints that will migrate to top level ports it is required that IO Buffers manually be instanced.
CRITICAL WARNING: [Netlist 29-160] Cannot set property 'PIO_DIRECTION', because the property does not exist for objects of type 'pin'. [c:/selected_hdmi_okok/pyzq/hw/hw_proj/hw_proj.gen/sources_1/bd/video_out_pynq_z2/ip/video_out_pynq_z2_processing_system7_0_0/video_out_pynq_z2_processing_system7_0_0.xdc:143]
Resolution: Modify the set_property command to apply the property on the correct object type. Since the property is being applied as a scoped constraint, ensure the proper connectivity of the object port objects can be translated into pin objects. This could be due to the insertion of IO Buffers between the top level terminal and cell pin. If the goal is to apply constraints that will migrate to top level ports it is required that IO Buffers manually be instanced.
CRITICAL WARNING: [Netlist 29-160] Cannot set property 'iostandard', because the property does not exist for objects of type 'pin'. [c:/selected_hdmi_okok/pyzq/hw/hw_proj/hw_proj.gen/sources_1/bd/video_out_pynq_z2/ip/video_out_pynq_z2_processing_system7_0_0/video_out_pynq_z2_processing_system7_0_0.xdc:145]
Resolution: Modify the set_property command to apply the property on the correct object type. Since the property is being applied as a scoped constraint, ensure the proper connectivity of the object port objects can be translated into pin objects. This could be due to the insertion of IO Buffers between the top level terminal and cell pin. If the goal is to apply constraints that will migrate to top level ports it is required that IO Buffers manually be instanced.
CRITICAL WARNING: [Netlist 29-160] Cannot set property 'PACKAGE_PIN', because the property does not exist for objects of type 'pin'. [c:/selected_hdmi_okok/pyzq/hw/hw_proj/hw_proj.gen/sources_1/bd/video_out_pynq_z2/ip/video_out_pynq_z2_processing_system7_0_0/video_out_pynq_z2_processing_system7_0_0.xdc:146]
Resolution: Modify the set_property command to apply the property on the correct object type. Since the property is being applied as a scoped constraint, ensure the proper connectivity of the object port objects can be translated into pin objects. This could be due to the insertion of IO Buffers between the top level terminal and cell pin. If the goal is to apply constraints that will migrate to top level ports it is required that IO Buffers manually be instanced.
CRITICAL WARNING: [Netlist 29-160] Cannot set property 'slew', because the property does not exist for objects of type 'pin'. [c:/selected_hdmi_okok/pyzq/hw/hw_proj/hw_proj.gen/sources_1/bd/video_out_pynq_z2/ip/video_out_pynq_z2_processing_system7_0_0/video_out_pynq_z2_processing_system7_0_0.xdc:147]
Resolution: Modify the set_property command to apply the property on the correct object type. Since the property is being applied as a scoped constraint, ensure the proper connectivity of the object port objects can be translated into pin objects. This could be due to the insertion of IO Buffers between the top level terminal and cell pin. If the goal is to apply constraints that will migrate to top level ports it is required that IO Buffers manually be instanced.
CRITICAL WARNING: [Netlist 29-160] Cannot set property 'drive', because the property does not exist for objects of type 'pin'. [c:/selected_hdmi_okok/pyzq/hw/hw_proj/hw_proj.gen/sources_1/bd/video_out_pynq_z2/ip/video_out_pynq_z2_processing_system7_0_0/video_out_pynq_z2_processing_system7_0_0.xdc:148]
Resolution: Modify the set_property command to apply the property on the correct object type. Since the property is being applied as a scoped constraint, ensure the proper connectivity of the object port objects can be translated into pin objects. This could be due to the insertion of IO Buffers between the top level terminal and cell pin. If the goal is to apply constraints that will migrate to top level ports it is required that IO Buffers manually be instanced.
INFO: [Common 17-14] Message 'Netlist 29-160' appears 100 times and further instances of the messages will be disabled. Use the Tcl command set_msg_config to change the current settings. [c:/selected_hdmi_okok/pyzq/hw/hw_proj/hw_proj.gen/sources_1/bd/video_out_pynq_z2/ip/video_out_pynq_z2_processing_system7_0_0/video_out_pynq_z2_processing_system7_0_0.xdc:148]
Finished Parsing XDC File [c:/selected_hdmi_okok/pyzq/hw/hw_proj/hw_proj.gen/sources_1/bd/video_out_pynq_z2/ip/video_out_pynq_z2_processing_system7_0_0/video_out_pynq_z2_processing_system7_0_0.xdc] for cell 'video_out_pynq_z2_i/processing_system7_0/inst'
Parsing XDC File [c:/selected_hdmi_okok/pyzq/hw/hw_proj/hw_proj.gen/sources_1/bd/video_out_pynq_z2/ip/video_out_pynq_z2_rgb2dvi_0_0/src/rgb2dvi.xdc] for cell 'video_out_pynq_z2_i/rgb2dvi_0/U0'
Finished Parsing XDC File [c:/selected_hdmi_okok/pyzq/hw/hw_proj/hw_proj.gen/sources_1/bd/video_out_pynq_z2/ip/video_out_pynq_z2_rgb2dvi_0_0/src/rgb2dvi.xdc] for cell 'video_out_pynq_z2_i/rgb2dvi_0/U0'
Parsing XDC File [c:/selected_hdmi_okok/pyzq/hw/hw_proj/hw_proj.gen/sources_1/bd/video_out_pynq_z2/ip/video_out_pynq_z2_rst_ps7_0_100M_0/video_out_pynq_z2_rst_ps7_0_100M_0_board.xdc] for cell 'video_out_pynq_z2_i/rst_ps7_0_100M/U0'
Finished Parsing XDC File [c:/selected_hdmi_okok/pyzq/hw/hw_proj/hw_proj.gen/sources_1/bd/video_out_pynq_z2/ip/video_out_pynq_z2_rst_ps7_0_100M_0/video_out_pynq_z2_rst_ps7_0_100M_0_board.xdc] for cell 'video_out_pynq_z2_i/rst_ps7_0_100M/U0'
Parsing XDC File [c:/selected_hdmi_okok/pyzq/hw/hw_proj/hw_proj.gen/sources_1/bd/video_out_pynq_z2/ip/video_out_pynq_z2_rst_ps7_0_100M_0/video_out_pynq_z2_rst_ps7_0_100M_0.xdc] for cell 'video_out_pynq_z2_i/rst_ps7_0_100M/U0'
Finished Parsing XDC File [c:/selected_hdmi_okok/pyzq/hw/hw_proj/hw_proj.gen/sources_1/bd/video_out_pynq_z2/ip/video_out_pynq_z2_rst_ps7_0_100M_0/video_out_pynq_z2_rst_ps7_0_100M_0.xdc] for cell 'video_out_pynq_z2_i/rst_ps7_0_100M/U0'
Parsing XDC File [c:/selected_hdmi_okok/pyzq/hw/hw_proj/hw_proj.gen/sources_1/bd/video_out_pynq_z2/ip/video_out_pynq_z2_smartconnect_0_0/bd_0/ip/ip_1/bd_98e7_psr_aclk_0_board.xdc] for cell 'video_out_pynq_z2_i/smartconnect_0/inst/clk_map/psr_aclk/U0'
Finished Parsing XDC File [c:/selected_hdmi_okok/pyzq/hw/hw_proj/hw_proj.gen/sources_1/bd/video_out_pynq_z2/ip/video_out_pynq_z2_smartconnect_0_0/bd_0/ip/ip_1/bd_98e7_psr_aclk_0_board.xdc] for cell 'video_out_pynq_z2_i/smartconnect_0/inst/clk_map/psr_aclk/U0'
Parsing XDC File [c:/selected_hdmi_okok/pyzq/hw/hw_proj/hw_proj.gen/sources_1/bd/video_out_pynq_z2/ip/video_out_pynq_z2_smartconnect_0_0/bd_0/ip/ip_1/bd_98e7_psr_aclk_0.xdc] for cell 'video_out_pynq_z2_i/smartconnect_0/inst/clk_map/psr_aclk/U0'
Finished Parsing XDC File [c:/selected_hdmi_okok/pyzq/hw/hw_proj/hw_proj.gen/sources_1/bd/video_out_pynq_z2/ip/video_out_pynq_z2_smartconnect_0_0/bd_0/ip/ip_1/bd_98e7_psr_aclk_0.xdc] for cell 'video_out_pynq_z2_i/smartconnect_0/inst/clk_map/psr_aclk/U0'
Parsing XDC File [c:/selected_hdmi_okok/pyzq/hw/hw_proj/hw_proj.gen/sources_1/bd/video_out_pynq_z2/ip/video_out_pynq_z2_smartconnect_0_0/bd_0/ip/ip_12/bd_98e7_arni_0_clocks.xdc] for cell 'video_out_pynq_z2_i/smartconnect_0/inst/switchboards/i_nodes/i_ar_node/inst'
WARNING: [Vivado_Tcl 4-921] Waiver ID 'CDC-1' -to list should not be empty. [c:/selected_hdmi_okok/pyzq/hw/hw_proj/hw_proj.gen/sources_1/bd/video_out_pynq_z2/ip/video_out_pynq_z2_smartconnect_0_0/bd_0/ip/ip_12/bd_98e7_arni_0_clocks.xdc:49]
WARNING: [Vivado_Tcl 4-921] Waiver ID 'CDC-1' -to list should not be empty. [c:/selected_hdmi_okok/pyzq/hw/hw_proj/hw_proj.gen/sources_1/bd/video_out_pynq_z2/ip/video_out_pynq_z2_smartconnect_0_0/bd_0/ip/ip_12/bd_98e7_arni_0_clocks.xdc:52]
WARNING: [Vivado_Tcl 4-921] Waiver ID 'CDC-1' -to list should not be empty. [c:/selected_hdmi_okok/pyzq/hw/hw_proj/hw_proj.gen/sources_1/bd/video_out_pynq_z2/ip/video_out_pynq_z2_smartconnect_0_0/bd_0/ip/ip_12/bd_98e7_arni_0_clocks.xdc:55]
WARNING: [Vivado_Tcl 4-921] Waiver ID 'CDC-1' -to list should not be empty. [c:/selected_hdmi_okok/pyzq/hw/hw_proj/hw_proj.gen/sources_1/bd/video_out_pynq_z2/ip/video_out_pynq_z2_smartconnect_0_0/bd_0/ip/ip_12/bd_98e7_arni_0_clocks.xdc:59]
WARNING: [Vivado_Tcl 4-921] Waiver ID 'CDC-1' -to list should not be empty. [c:/selected_hdmi_okok/pyzq/hw/hw_proj/hw_proj.gen/sources_1/bd/video_out_pynq_z2/ip/video_out_pynq_z2_smartconnect_0_0/bd_0/ip/ip_12/bd_98e7_arni_0_clocks.xdc:66]
WARNING: [Vivado_Tcl 4-921] Waiver ID 'CDC-1' -to list should not be empty. [c:/selected_hdmi_okok/pyzq/hw/hw_proj/hw_proj.gen/sources_1/bd/video_out_pynq_z2/ip/video_out_pynq_z2_smartconnect_0_0/bd_0/ip/ip_12/bd_98e7_arni_0_clocks.xdc:70]
WARNING: [Vivado_Tcl 4-921] Waiver ID 'CDC-1' -to list should not be empty. [c:/selected_hdmi_okok/pyzq/hw/hw_proj/hw_proj.gen/sources_1/bd/video_out_pynq_z2/ip/video_out_pynq_z2_smartconnect_0_0/bd_0/ip/ip_12/bd_98e7_arni_0_clocks.xdc:82]
WARNING: [Vivado_Tcl 4-921] Waiver ID 'CDC-4' -to list should not be empty. [c:/selected_hdmi_okok/pyzq/hw/hw_proj/hw_proj.gen/sources_1/bd/video_out_pynq_z2/ip/video_out_pynq_z2_smartconnect_0_0/bd_0/ip/ip_12/bd_98e7_arni_0_clocks.xdc:85]
WARNING: [Vivado_Tcl 4-921] Waiver ID 'CDC-4' -to list should not be empty. [c:/selected_hdmi_okok/pyzq/hw/hw_proj/hw_proj.gen/sources_1/bd/video_out_pynq_z2/ip/video_out_pynq_z2_smartconnect_0_0/bd_0/ip/ip_12/bd_98e7_arni_0_clocks.xdc:88]
WARNING: [Vivado_Tcl 4-921] Waiver ID 'CDC-2' -to list should not be empty. [c:/selected_hdmi_okok/pyzq/hw/hw_proj/hw_proj.gen/sources_1/bd/video_out_pynq_z2/ip/video_out_pynq_z2_smartconnect_0_0/bd_0/ip/ip_12/bd_98e7_arni_0_clocks.xdc:91]
WARNING: [Vivado_Tcl 4-921] Waiver ID 'CDC-2' -to list should not be empty. [c:/selected_hdmi_okok/pyzq/hw/hw_proj/hw_proj.gen/sources_1/bd/video_out_pynq_z2/ip/video_out_pynq_z2_smartconnect_0_0/bd_0/ip/ip_12/bd_98e7_arni_0_clocks.xdc:94]
WARNING: [Vivado_Tcl 4-921] Waiver ID 'CDC-2' -to list should not be empty. [c:/selected_hdmi_okok/pyzq/hw/hw_proj/hw_proj.gen/sources_1/bd/video_out_pynq_z2/ip/video_out_pynq_z2_smartconnect_0_0/bd_0/ip/ip_12/bd_98e7_arni_0_clocks.xdc:97]
WARNING: [Vivado_Tcl 4-921] Waiver ID 'CDC-2' -to list should not be empty. [c:/selected_hdmi_okok/pyzq/hw/hw_proj/hw_proj.gen/sources_1/bd/video_out_pynq_z2/ip/video_out_pynq_z2_smartconnect_0_0/bd_0/ip/ip_12/bd_98e7_arni_0_clocks.xdc:100]
WARNING: [Vivado_Tcl 4-921] Waiver ID 'CDC-1' -to list should not be empty. [c:/selected_hdmi_okok/pyzq/hw/hw_proj/hw_proj.gen/sources_1/bd/video_out_pynq_z2/ip/video_out_pynq_z2_smartconnect_0_0/bd_0/ip/ip_12/bd_98e7_arni_0_clocks.xdc:104]
WARNING: [Vivado_Tcl 4-921] Waiver ID 'CDC-10' -to list should not be empty. [c:/selected_hdmi_okok/pyzq/hw/hw_proj/hw_proj.gen/sources_1/bd/video_out_pynq_z2/ip/video_out_pynq_z2_smartconnect_0_0/bd_0/ip/ip_12/bd_98e7_arni_0_clocks.xdc:107]
WARNING: [Vivado_Tcl 4-921] Waiver ID 'CDC-10' -to list should not be empty. [c:/selected_hdmi_okok/pyzq/hw/hw_proj/hw_proj.gen/sources_1/bd/video_out_pynq_z2/ip/video_out_pynq_z2_smartconnect_0_0/bd_0/ip/ip_12/bd_98e7_arni_0_clocks.xdc:110]
WARNING: [Vivado_Tcl 4-921] Waiver ID 'CDC-1' -to list should not be empty. [c:/selected_hdmi_okok/pyzq/hw/hw_proj/hw_proj.gen/sources_1/bd/video_out_pynq_z2/ip/video_out_pynq_z2_smartconnect_0_0/bd_0/ip/ip_12/bd_98e7_arni_0_clocks.xdc:113]
WARNING: [Vivado_Tcl 4-921] Waiver ID 'CDC-1' -to list should not be empty. [c:/selected_hdmi_okok/pyzq/hw/hw_proj/hw_proj.gen/sources_1/bd/video_out_pynq_z2/ip/video_out_pynq_z2_smartconnect_0_0/bd_0/ip/ip_12/bd_98e7_arni_0_clocks.xdc:116]
WARNING: [Vivado_Tcl 4-921] Waiver ID 'CDC-13' -to list should not be empty. [c:/selected_hdmi_okok/pyzq/hw/hw_proj/hw_proj.gen/sources_1/bd/video_out_pynq_z2/ip/video_out_pynq_z2_smartconnect_0_0/bd_0/ip/ip_12/bd_98e7_arni_0_clocks.xdc:122]
WARNING: [Vivado_Tcl 4-921] Waiver ID 'CDC-1' -to list should not be empty. [c:/selected_hdmi_okok/pyzq/hw/hw_proj/hw_proj.gen/sources_1/bd/video_out_pynq_z2/ip/video_out_pynq_z2_smartconnect_0_0/bd_0/ip/ip_12/bd_98e7_arni_0_clocks.xdc:125]
WARNING: [Vivado_Tcl 4-921] Waiver ID 'CDC-1' -to list should not be empty. [c:/selected_hdmi_okok/pyzq/hw/hw_proj/hw_proj.gen/sources_1/bd/video_out_pynq_z2/ip/video_out_pynq_z2_smartconnect_0_0/bd_0/ip/ip_12/bd_98e7_arni_0_clocks.xdc:128]
WARNING: [Vivado_Tcl 4-921] Waiver ID 'CDC-13' -to list should not be empty. [c:/selected_hdmi_okok/pyzq/hw/hw_proj/hw_proj.gen/sources_1/bd/video_out_pynq_z2/ip/video_out_pynq_z2_smartconnect_0_0/bd_0/ip/ip_12/bd_98e7_arni_0_clocks.xdc:131]
WARNING: [Vivado_Tcl 4-921] Waiver ID 'CDC-1' -to list should not be empty. [c:/selected_hdmi_okok/pyzq/hw/hw_proj/hw_proj.gen/sources_1/bd/video_out_pynq_z2/ip/video_out_pynq_z2_smartconnect_0_0/bd_0/ip/ip_12/bd_98e7_arni_0_clocks.xdc:134]
WARNING: [Vivado_Tcl 4-921] Waiver ID 'CDC-10' -to list should not be empty. [c:/selected_hdmi_okok/pyzq/hw/hw_proj/hw_proj.gen/sources_1/bd/video_out_pynq_z2/ip/video_out_pynq_z2_smartconnect_0_0/bd_0/ip/ip_12/bd_98e7_arni_0_clocks.xdc:137]
WARNING: [Vivado_Tcl 4-921] Waiver ID 'CDC-1' -to list should not be empty. [c:/selected_hdmi_okok/pyzq/hw/hw_proj/hw_proj.gen/sources_1/bd/video_out_pynq_z2/ip/video_out_pynq_z2_smartconnect_0_0/bd_0/ip/ip_12/bd_98e7_arni_0_clocks.xdc:140]
WARNING: [Vivado_Tcl 4-921] Waiver ID 'CDC-1' -to list should not be empty. [c:/selected_hdmi_okok/pyzq/hw/hw_proj/hw_proj.gen/sources_1/bd/video_out_pynq_z2/ip/video_out_pynq_z2_smartconnect_0_0/bd_0/ip/ip_12/bd_98e7_arni_0_clocks.xdc:143]
WARNING: [Vivado_Tcl 4-921] Waiver ID 'CDC-1' -to list should not be empty. [c:/selected_hdmi_okok/pyzq/hw/hw_proj/hw_proj.gen/sources_1/bd/video_out_pynq_z2/ip/video_out_pynq_z2_smartconnect_0_0/bd_0/ip/ip_12/bd_98e7_arni_0_clocks.xdc:146]
WARNING: [Vivado_Tcl 4-921] Waiver ID 'CDC-2' -to list should not be empty. [c:/selected_hdmi_okok/pyzq/hw/hw_proj/hw_proj.gen/sources_1/bd/video_out_pynq_z2/ip/video_out_pynq_z2_smartconnect_0_0/bd_0/ip/ip_12/bd_98e7_arni_0_clocks.xdc:149]
WARNING: [Vivado_Tcl 4-921] Waiver ID 'CDC-1' -to list should not be empty. [c:/selected_hdmi_okok/pyzq/hw/hw_proj/hw_proj.gen/sources_1/bd/video_out_pynq_z2/ip/video_out_pynq_z2_smartconnect_0_0/bd_0/ip/ip_12/bd_98e7_arni_0_clocks.xdc:152]
WARNING: [Vivado_Tcl 4-921] Waiver ID 'CDC-1' -to list should not be empty. [c:/selected_hdmi_okok/pyzq/hw/hw_proj/hw_proj.gen/sources_1/bd/video_out_pynq_z2/ip/video_out_pynq_z2_smartconnect_0_0/bd_0/ip/ip_12/bd_98e7_arni_0_clocks.xdc:155]
WARNING: [Vivado_Tcl 4-921] Waiver ID 'CDC-1' -to list should not be empty. [c:/selected_hdmi_okok/pyzq/hw/hw_proj/hw_proj.gen/sources_1/bd/video_out_pynq_z2/ip/video_out_pynq_z2_smartconnect_0_0/bd_0/ip/ip_12/bd_98e7_arni_0_clocks.xdc:158]
WARNING: [Vivado_Tcl 4-921] Waiver ID 'CDC-10' -to list should not be empty. [c:/selected_hdmi_okok/pyzq/hw/hw_proj/hw_proj.gen/sources_1/bd/video_out_pynq_z2/ip/video_out_pynq_z2_smartconnect_0_0/bd_0/ip/ip_12/bd_98e7_arni_0_clocks.xdc:161]
WARNING: [Vivado_Tcl 4-921] Waiver ID 'CDC-4' -to list should not be empty. [c:/selected_hdmi_okok/pyzq/hw/hw_proj/hw_proj.gen/sources_1/bd/video_out_pynq_z2/ip/video_out_pynq_z2_smartconnect_0_0/bd_0/ip/ip_12/bd_98e7_arni_0_clocks.xdc:164]
WARNING: [Vivado_Tcl 4-921] Waiver ID 'CDC-4' -to list should not be empty. [c:/selected_hdmi_okok/pyzq/hw/hw_proj/hw_proj.gen/sources_1/bd/video_out_pynq_z2/ip/video_out_pynq_z2_smartconnect_0_0/bd_0/ip/ip_12/bd_98e7_arni_0_clocks.xdc:167]
WARNING: [Vivado_Tcl 4-921] Waiver ID 'CDC-4' -to list should not be empty. [c:/selected_hdmi_okok/pyzq/hw/hw_proj/hw_proj.gen/sources_1/bd/video_out_pynq_z2/ip/video_out_pynq_z2_smartconnect_0_0/bd_0/ip/ip_12/bd_98e7_arni_0_clocks.xdc:171]
WARNING: [Vivado_Tcl 4-921] Waiver ID 'CDC-4' -to list should not be empty. [c:/selected_hdmi_okok/pyzq/hw/hw_proj/hw_proj.gen/sources_1/bd/video_out_pynq_z2/ip/video_out_pynq_z2_smartconnect_0_0/bd_0/ip/ip_12/bd_98e7_arni_0_clocks.xdc:174]
WARNING: [Vivado_Tcl 4-921] Waiver ID 'CDC-1' -to list should not be empty. [c:/selected_hdmi_okok/pyzq/hw/hw_proj/hw_proj.gen/sources_1/bd/video_out_pynq_z2/ip/video_out_pynq_z2_smartconnect_0_0/bd_0/ip/ip_12/bd_98e7_arni_0_clocks.xdc:178]
Finished Parsing XDC File [c:/selected_hdmi_okok/pyzq/hw/hw_proj/hw_proj.gen/sources_1/bd/video_out_pynq_z2/ip/video_out_pynq_z2_smartconnect_0_0/bd_0/ip/ip_12/bd_98e7_arni_0_clocks.xdc] for cell 'video_out_pynq_z2_i/smartconnect_0/inst/switchboards/i_nodes/i_ar_node/inst'
Parsing XDC File [c:/selected_hdmi_okok/pyzq/hw/hw_proj/hw_proj.gen/sources_1/bd/video_out_pynq_z2/ip/video_out_pynq_z2_smartconnect_0_0/bd_0/ip/ip_13/bd_98e7_rni_0_clocks.xdc] for cell 'video_out_pynq_z2_i/smartconnect_0/inst/switchboards/i_nodes/i_r_node/inst'
WARNING: [Vivado_Tcl 4-921] Waiver ID 'CDC-1' -to list should not be empty. [c:/selected_hdmi_okok/pyzq/hw/hw_proj/hw_proj.gen/sources_1/bd/video_out_pynq_z2/ip/video_out_pynq_z2_smartconnect_0_0/bd_0/ip/ip_13/bd_98e7_rni_0_clocks.xdc:49]
WARNING: [Vivado_Tcl 4-921] Waiver ID 'CDC-1' -to list should not be empty. [c:/selected_hdmi_okok/pyzq/hw/hw_proj/hw_proj.gen/sources_1/bd/video_out_pynq_z2/ip/video_out_pynq_z2_smartconnect_0_0/bd_0/ip/ip_13/bd_98e7_rni_0_clocks.xdc:52]
WARNING: [Vivado_Tcl 4-921] Waiver ID 'CDC-1' -to list should not be empty. [c:/selected_hdmi_okok/pyzq/hw/hw_proj/hw_proj.gen/sources_1/bd/video_out_pynq_z2/ip/video_out_pynq_z2_smartconnect_0_0/bd_0/ip/ip_13/bd_98e7_rni_0_clocks.xdc:55]
WARNING: [Vivado_Tcl 4-921] Waiver ID 'CDC-1' -to list should not be empty. [c:/selected_hdmi_okok/pyzq/hw/hw_proj/hw_proj.gen/sources_1/bd/video_out_pynq_z2/ip/video_out_pynq_z2_smartconnect_0_0/bd_0/ip/ip_13/bd_98e7_rni_0_clocks.xdc:59]
WARNING: [Vivado_Tcl 4-921] Waiver ID 'CDC-1' -to list should not be empty. [c:/selected_hdmi_okok/pyzq/hw/hw_proj/hw_proj.gen/sources_1/bd/video_out_pynq_z2/ip/video_out_pynq_z2_smartconnect_0_0/bd_0/ip/ip_13/bd_98e7_rni_0_clocks.xdc:66]
WARNING: [Vivado_Tcl 4-921] Waiver ID 'CDC-1' -to list should not be empty. [c:/selected_hdmi_okok/pyzq/hw/hw_proj/hw_proj.gen/sources_1/bd/video_out_pynq_z2/ip/video_out_pynq_z2_smartconnect_0_0/bd_0/ip/ip_13/bd_98e7_rni_0_clocks.xdc:70]
WARNING: [Vivado_Tcl 4-921] Waiver ID 'CDC-1' -to list should not be empty. [c:/selected_hdmi_okok/pyzq/hw/hw_proj/hw_proj.gen/sources_1/bd/video_out_pynq_z2/ip/video_out_pynq_z2_smartconnect_0_0/bd_0/ip/ip_13/bd_98e7_rni_0_clocks.xdc:82]
WARNING: [Vivado_Tcl 4-921] Waiver ID 'CDC-4' -to list should not be empty. [c:/selected_hdmi_okok/pyzq/hw/hw_proj/hw_proj.gen/sources_1/bd/video_out_pynq_z2/ip/video_out_pynq_z2_smartconnect_0_0/bd_0/ip/ip_13/bd_98e7_rni_0_clocks.xdc:85]
WARNING: [Vivado_Tcl 4-921] Waiver ID 'CDC-4' -to list should not be empty. [c:/selected_hdmi_okok/pyzq/hw/hw_proj/hw_proj.gen/sources_1/bd/video_out_pynq_z2/ip/video_out_pynq_z2_smartconnect_0_0/bd_0/ip/ip_13/bd_98e7_rni_0_clocks.xdc:88]
WARNING: [Vivado_Tcl 4-921] Waiver ID 'CDC-2' -to list should not be empty. [c:/selected_hdmi_okok/pyzq/hw/hw_proj/hw_proj.gen/sources_1/bd/video_out_pynq_z2/ip/video_out_pynq_z2_smartconnect_0_0/bd_0/ip/ip_13/bd_98e7_rni_0_clocks.xdc:91]
WARNING: [Vivado_Tcl 4-921] Waiver ID 'CDC-2' -to list should not be empty. [c:/selected_hdmi_okok/pyzq/hw/hw_proj/hw_proj.gen/sources_1/bd/video_out_pynq_z2/ip/video_out_pynq_z2_smartconnect_0_0/bd_0/ip/ip_13/bd_98e7_rni_0_clocks.xdc:94]
WARNING: [Vivado_Tcl 4-921] Waiver ID 'CDC-2' -to list should not be empty. [c:/selected_hdmi_okok/pyzq/hw/hw_proj/hw_proj.gen/sources_1/bd/video_out_pynq_z2/ip/video_out_pynq_z2_smartconnect_0_0/bd_0/ip/ip_13/bd_98e7_rni_0_clocks.xdc:97]
WARNING: [Vivado_Tcl 4-921] Waiver ID 'CDC-2' -to list should not be empty. [c:/selected_hdmi_okok/pyzq/hw/hw_proj/hw_proj.gen/sources_1/bd/video_out_pynq_z2/ip/video_out_pynq_z2_smartconnect_0_0/bd_0/ip/ip_13/bd_98e7_rni_0_clocks.xdc:100]
WARNING: [Vivado_Tcl 4-921] Waiver ID 'CDC-1' -to list should not be empty. [c:/selected_hdmi_okok/pyzq/hw/hw_proj/hw_proj.gen/sources_1/bd/video_out_pynq_z2/ip/video_out_pynq_z2_smartconnect_0_0/bd_0/ip/ip_13/bd_98e7_rni_0_clocks.xdc:104]
WARNING: [Vivado_Tcl 4-921] Waiver ID 'CDC-10' -to list should not be empty. [c:/selected_hdmi_okok/pyzq/hw/hw_proj/hw_proj.gen/sources_1/bd/video_out_pynq_z2/ip/video_out_pynq_z2_smartconnect_0_0/bd_0/ip/ip_13/bd_98e7_rni_0_clocks.xdc:107]
WARNING: [Vivado_Tcl 4-921] Waiver ID 'CDC-10' -to list should not be empty. [c:/selected_hdmi_okok/pyzq/hw/hw_proj/hw_proj.gen/sources_1/bd/video_out_pynq_z2/ip/video_out_pynq_z2_smartconnect_0_0/bd_0/ip/ip_13/bd_98e7_rni_0_clocks.xdc:110]
WARNING: [Vivado_Tcl 4-921] Waiver ID 'CDC-1' -to list should not be empty. [c:/selected_hdmi_okok/pyzq/hw/hw_proj/hw_proj.gen/sources_1/bd/video_out_pynq_z2/ip/video_out_pynq_z2_smartconnect_0_0/bd_0/ip/ip_13/bd_98e7_rni_0_clocks.xdc:113]
WARNING: [Vivado_Tcl 4-921] Waiver ID 'CDC-1' -to list should not be empty. [c:/selected_hdmi_okok/pyzq/hw/hw_proj/hw_proj.gen/sources_1/bd/video_out_pynq_z2/ip/video_out_pynq_z2_smartconnect_0_0/bd_0/ip/ip_13/bd_98e7_rni_0_clocks.xdc:116]
WARNING: [Vivado_Tcl 4-921] Waiver ID 'CDC-13' -to list should not be empty. [c:/selected_hdmi_okok/pyzq/hw/hw_proj/hw_proj.gen/sources_1/bd/video_out_pynq_z2/ip/video_out_pynq_z2_smartconnect_0_0/bd_0/ip/ip_13/bd_98e7_rni_0_clocks.xdc:122]
WARNING: [Vivado_Tcl 4-921] Waiver ID 'CDC-1' -to list should not be empty. [c:/selected_hdmi_okok/pyzq/hw/hw_proj/hw_proj.gen/sources_1/bd/video_out_pynq_z2/ip/video_out_pynq_z2_smartconnect_0_0/bd_0/ip/ip_13/bd_98e7_rni_0_clocks.xdc:125]
WARNING: [Vivado_Tcl 4-921] Waiver ID 'CDC-1' -to list should not be empty. [c:/selected_hdmi_okok/pyzq/hw/hw_proj/hw_proj.gen/sources_1/bd/video_out_pynq_z2/ip/video_out_pynq_z2_smartconnect_0_0/bd_0/ip/ip_13/bd_98e7_rni_0_clocks.xdc:128]
WARNING: [Vivado_Tcl 4-921] Waiver ID 'CDC-13' -to list should not be empty. [c:/selected_hdmi_okok/pyzq/hw/hw_proj/hw_proj.gen/sources_1/bd/video_out_pynq_z2/ip/video_out_pynq_z2_smartconnect_0_0/bd_0/ip/ip_13/bd_98e7_rni_0_clocks.xdc:131]
WARNING: [Vivado_Tcl 4-921] Waiver ID 'CDC-1' -to list should not be empty. [c:/selected_hdmi_okok/pyzq/hw/hw_proj/hw_proj.gen/sources_1/bd/video_out_pynq_z2/ip/video_out_pynq_z2_smartconnect_0_0/bd_0/ip/ip_13/bd_98e7_rni_0_clocks.xdc:134]
WARNING: [Vivado_Tcl 4-921] Waiver ID 'CDC-10' -to list should not be empty. [c:/selected_hdmi_okok/pyzq/hw/hw_proj/hw_proj.gen/sources_1/bd/video_out_pynq_z2/ip/video_out_pynq_z2_smartconnect_0_0/bd_0/ip/ip_13/bd_98e7_rni_0_clocks.xdc:137]
WARNING: [Vivado_Tcl 4-921] Waiver ID 'CDC-1' -to list should not be empty. [c:/selected_hdmi_okok/pyzq/hw/hw_proj/hw_proj.gen/sources_1/bd/video_out_pynq_z2/ip/video_out_pynq_z2_smartconnect_0_0/bd_0/ip/ip_13/bd_98e7_rni_0_clocks.xdc:140]
WARNING: [Vivado_Tcl 4-921] Waiver ID 'CDC-1' -to list should not be empty. [c:/selected_hdmi_okok/pyzq/hw/hw_proj/hw_proj.gen/sources_1/bd/video_out_pynq_z2/ip/video_out_pynq_z2_smartconnect_0_0/bd_0/ip/ip_13/bd_98e7_rni_0_clocks.xdc:143]
WARNING: [Vivado_Tcl 4-921] Waiver ID 'CDC-1' -to list should not be empty. [c:/selected_hdmi_okok/pyzq/hw/hw_proj/hw_proj.gen/sources_1/bd/video_out_pynq_z2/ip/video_out_pynq_z2_smartconnect_0_0/bd_0/ip/ip_13/bd_98e7_rni_0_clocks.xdc:146]
WARNING: [Vivado_Tcl 4-921] Waiver ID 'CDC-2' -to list should not be empty. [c:/selected_hdmi_okok/pyzq/hw/hw_proj/hw_proj.gen/sources_1/bd/video_out_pynq_z2/ip/video_out_pynq_z2_smartconnect_0_0/bd_0/ip/ip_13/bd_98e7_rni_0_clocks.xdc:149]
WARNING: [Vivado_Tcl 4-921] Waiver ID 'CDC-1' -to list should not be empty. [c:/selected_hdmi_okok/pyzq/hw/hw_proj/hw_proj.gen/sources_1/bd/video_out_pynq_z2/ip/video_out_pynq_z2_smartconnect_0_0/bd_0/ip/ip_13/bd_98e7_rni_0_clocks.xdc:152]
WARNING: [Vivado_Tcl 4-921] Waiver ID 'CDC-1' -to list should not be empty. [c:/selected_hdmi_okok/pyzq/hw/hw_proj/hw_proj.gen/sources_1/bd/video_out_pynq_z2/ip/video_out_pynq_z2_smartconnect_0_0/bd_0/ip/ip_13/bd_98e7_rni_0_clocks.xdc:155]
WARNING: [Vivado_Tcl 4-921] Waiver ID 'CDC-1' -to list should not be empty. [c:/selected_hdmi_okok/pyzq/hw/hw_proj/hw_proj.gen/sources_1/bd/video_out_pynq_z2/ip/video_out_pynq_z2_smartconnect_0_0/bd_0/ip/ip_13/bd_98e7_rni_0_clocks.xdc:158]
WARNING: [Vivado_Tcl 4-921] Waiver ID 'CDC-10' -to list should not be empty. [c:/selected_hdmi_okok/pyzq/hw/hw_proj/hw_proj.gen/sources_1/bd/video_out_pynq_z2/ip/video_out_pynq_z2_smartconnect_0_0/bd_0/ip/ip_13/bd_98e7_rni_0_clocks.xdc:161]
WARNING: [Vivado_Tcl 4-921] Waiver ID 'CDC-4' -to list should not be empty. [c:/selected_hdmi_okok/pyzq/hw/hw_proj/hw_proj.gen/sources_1/bd/video_out_pynq_z2/ip/video_out_pynq_z2_smartconnect_0_0/bd_0/ip/ip_13/bd_98e7_rni_0_clocks.xdc:164]
WARNING: [Vivado_Tcl 4-921] Waiver ID 'CDC-4' -to list should not be empty. [c:/selected_hdmi_okok/pyzq/hw/hw_proj/hw_proj.gen/sources_1/bd/video_out_pynq_z2/ip/video_out_pynq_z2_smartconnect_0_0/bd_0/ip/ip_13/bd_98e7_rni_0_clocks.xdc:167]
WARNING: [Vivado_Tcl 4-921] Waiver ID 'CDC-4' -to list should not be empty. [c:/selected_hdmi_okok/pyzq/hw/hw_proj/hw_proj.gen/sources_1/bd/video_out_pynq_z2/ip/video_out_pynq_z2_smartconnect_0_0/bd_0/ip/ip_13/bd_98e7_rni_0_clocks.xdc:171]
WARNING: [Vivado_Tcl 4-921] Waiver ID 'CDC-4' -to list should not be empty. [c:/selected_hdmi_okok/pyzq/hw/hw_proj/hw_proj.gen/sources_1/bd/video_out_pynq_z2/ip/video_out_pynq_z2_smartconnect_0_0/bd_0/ip/ip_13/bd_98e7_rni_0_clocks.xdc:174]
WARNING: [Vivado_Tcl 4-921] Waiver ID 'CDC-1' -to list should not be empty. [c:/selected_hdmi_okok/pyzq/hw/hw_proj/hw_proj.gen/sources_1/bd/video_out_pynq_z2/ip/video_out_pynq_z2_smartconnect_0_0/bd_0/ip/ip_13/bd_98e7_rni_0_clocks.xdc:178]
Finished Parsing XDC File [c:/selected_hdmi_okok/pyzq/hw/hw_proj/hw_proj.gen/sources_1/bd/video_out_pynq_z2/ip/video_out_pynq_z2_smartconnect_0_0/bd_0/ip/ip_13/bd_98e7_rni_0_clocks.xdc] for cell 'video_out_pynq_z2_i/smartconnect_0/inst/switchboards/i_nodes/i_r_node/inst'
Parsing XDC File [c:/selected_hdmi_okok/pyzq/hw/hw_proj/hw_proj.gen/sources_1/bd/video_out_pynq_z2/ip/video_out_pynq_z2_smartconnect_0_0/bd_0/ip/ip_14/bd_98e7_awni_0_clocks.xdc] for cell 'video_out_pynq_z2_i/smartconnect_0/inst/switchboards/i_nodes/i_aw_node/inst'
WARNING: [Vivado_Tcl 4-921] Waiver ID 'CDC-1' -to list should not be empty. [c:/selected_hdmi_okok/pyzq/hw/hw_proj/hw_proj.gen/sources_1/bd/video_out_pynq_z2/ip/video_out_pynq_z2_smartconnect_0_0/bd_0/ip/ip_14/bd_98e7_awni_0_clocks.xdc:49]
WARNING: [Vivado_Tcl 4-921] Waiver ID 'CDC-1' -to list should not be empty. [c:/selected_hdmi_okok/pyzq/hw/hw_proj/hw_proj.gen/sources_1/bd/video_out_pynq_z2/ip/video_out_pynq_z2_smartconnect_0_0/bd_0/ip/ip_14/bd_98e7_awni_0_clocks.xdc:52]
WARNING: [Vivado_Tcl 4-921] Waiver ID 'CDC-1' -to list should not be empty. [c:/selected_hdmi_okok/pyzq/hw/hw_proj/hw_proj.gen/sources_1/bd/video_out_pynq_z2/ip/video_out_pynq_z2_smartconnect_0_0/bd_0/ip/ip_14/bd_98e7_awni_0_clocks.xdc:55]
WARNING: [Vivado_Tcl 4-921] Waiver ID 'CDC-1' -to list should not be empty. [c:/selected_hdmi_okok/pyzq/hw/hw_proj/hw_proj.gen/sources_1/bd/video_out_pynq_z2/ip/video_out_pynq_z2_smartconnect_0_0/bd_0/ip/ip_14/bd_98e7_awni_0_clocks.xdc:59]
WARNING: [Vivado_Tcl 4-921] Waiver ID 'CDC-1' -to list should not be empty. [c:/selected_hdmi_okok/pyzq/hw/hw_proj/hw_proj.gen/sources_1/bd/video_out_pynq_z2/ip/video_out_pynq_z2_smartconnect_0_0/bd_0/ip/ip_14/bd_98e7_awni_0_clocks.xdc:66]
WARNING: [Vivado_Tcl 4-921] Waiver ID 'CDC-1' -to list should not be empty. [c:/selected_hdmi_okok/pyzq/hw/hw_proj/hw_proj.gen/sources_1/bd/video_out_pynq_z2/ip/video_out_pynq_z2_smartconnect_0_0/bd_0/ip/ip_14/bd_98e7_awni_0_clocks.xdc:70]
WARNING: [Vivado_Tcl 4-921] Waiver ID 'CDC-1' -to list should not be empty. [c:/selected_hdmi_okok/pyzq/hw/hw_proj/hw_proj.gen/sources_1/bd/video_out_pynq_z2/ip/video_out_pynq_z2_smartconnect_0_0/bd_0/ip/ip_14/bd_98e7_awni_0_clocks.xdc:82]
WARNING: [Vivado_Tcl 4-921] Waiver ID 'CDC-4' -to list should not be empty. [c:/selected_hdmi_okok/pyzq/hw/hw_proj/hw_proj.gen/sources_1/bd/video_out_pynq_z2/ip/video_out_pynq_z2_smartconnect_0_0/bd_0/ip/ip_14/bd_98e7_awni_0_clocks.xdc:85]
WARNING: [Vivado_Tcl 4-921] Waiver ID 'CDC-4' -to list should not be empty. [c:/selected_hdmi_okok/pyzq/hw/hw_proj/hw_proj.gen/sources_1/bd/video_out_pynq_z2/ip/video_out_pynq_z2_smartconnect_0_0/bd_0/ip/ip_14/bd_98e7_awni_0_clocks.xdc:88]
WARNING: [Vivado_Tcl 4-921] Waiver ID 'CDC-2' -to list should not be empty. [c:/selected_hdmi_okok/pyzq/hw/hw_proj/hw_proj.gen/sources_1/bd/video_out_pynq_z2/ip/video_out_pynq_z2_smartconnect_0_0/bd_0/ip/ip_14/bd_98e7_awni_0_clocks.xdc:91]
WARNING: [Vivado_Tcl 4-921] Waiver ID 'CDC-2' -to list should not be empty. [c:/selected_hdmi_okok/pyzq/hw/hw_proj/hw_proj.gen/sources_1/bd/video_out_pynq_z2/ip/video_out_pynq_z2_smartconnect_0_0/bd_0/ip/ip_14/bd_98e7_awni_0_clocks.xdc:94]
WARNING: [Vivado_Tcl 4-921] Waiver ID 'CDC-2' -to list should not be empty. [c:/selected_hdmi_okok/pyzq/hw/hw_proj/hw_proj.gen/sources_1/bd/video_out_pynq_z2/ip/video_out_pynq_z2_smartconnect_0_0/bd_0/ip/ip_14/bd_98e7_awni_0_clocks.xdc:97]
WARNING: [Vivado_Tcl 4-921] Waiver ID 'CDC-2' -to list should not be empty. [c:/selected_hdmi_okok/pyzq/hw/hw_proj/hw_proj.gen/sources_1/bd/video_out_pynq_z2/ip/video_out_pynq_z2_smartconnect_0_0/bd_0/ip/ip_14/bd_98e7_awni_0_clocks.xdc:100]
WARNING: [Vivado_Tcl 4-921] Waiver ID 'CDC-1' -to list should not be empty. [c:/selected_hdmi_okok/pyzq/hw/hw_proj/hw_proj.gen/sources_1/bd/video_out_pynq_z2/ip/video_out_pynq_z2_smartconnect_0_0/bd_0/ip/ip_14/bd_98e7_awni_0_clocks.xdc:104]
WARNING: [Vivado_Tcl 4-921] Waiver ID 'CDC-10' -to list should not be empty. [c:/selected_hdmi_okok/pyzq/hw/hw_proj/hw_proj.gen/sources_1/bd/video_out_pynq_z2/ip/video_out_pynq_z2_smartconnect_0_0/bd_0/ip/ip_14/bd_98e7_awni_0_clocks.xdc:107]
WARNING: [Vivado_Tcl 4-921] Waiver ID 'CDC-10' -to list should not be empty. [c:/selected_hdmi_okok/pyzq/hw/hw_proj/hw_proj.gen/sources_1/bd/video_out_pynq_z2/ip/video_out_pynq_z2_smartconnect_0_0/bd_0/ip/ip_14/bd_98e7_awni_0_clocks.xdc:110]
WARNING: [Vivado_Tcl 4-921] Waiver ID 'CDC-1' -to list should not be empty. [c:/selected_hdmi_okok/pyzq/hw/hw_proj/hw_proj.gen/sources_1/bd/video_out_pynq_z2/ip/video_out_pynq_z2_smartconnect_0_0/bd_0/ip/ip_14/bd_98e7_awni_0_clocks.xdc:113]
WARNING: [Vivado_Tcl 4-921] Waiver ID 'CDC-1' -to list should not be empty. [c:/selected_hdmi_okok/pyzq/hw/hw_proj/hw_proj.gen/sources_1/bd/video_out_pynq_z2/ip/video_out_pynq_z2_smartconnect_0_0/bd_0/ip/ip_14/bd_98e7_awni_0_clocks.xdc:116]
WARNING: [Vivado_Tcl 4-921] Waiver ID 'CDC-13' -to list should not be empty. [c:/selected_hdmi_okok/pyzq/hw/hw_proj/hw_proj.gen/sources_1/bd/video_out_pynq_z2/ip/video_out_pynq_z2_smartconnect_0_0/bd_0/ip/ip_14/bd_98e7_awni_0_clocks.xdc:122]
INFO: [Common 17-14] Message 'Vivado 12-180' appears 100 times and further instances of the messages will be disabled. Use the Tcl command set_msg_config to change the current settings. [c:/selected_hdmi_okok/pyzq/hw/hw_proj/hw_proj.gen/sources_1/bd/video_out_pynq_z2/ip/video_out_pynq_z2_smartconnect_0_0/bd_0/ip/ip_14/bd_98e7_awni_0_clocks.xdc:125]
WARNING: [Vivado_Tcl 4-921] Waiver ID 'CDC-1' -to list should not be empty. [c:/selected_hdmi_okok/pyzq/hw/hw_proj/hw_proj.gen/sources_1/bd/video_out_pynq_z2/ip/video_out_pynq_z2_smartconnect_0_0/bd_0/ip/ip_14/bd_98e7_awni_0_clocks.xdc:125]
WARNING: [Vivado_Tcl 4-921] Waiver ID 'CDC-1' -to list should not be empty. [c:/selected_hdmi_okok/pyzq/hw/hw_proj/hw_proj.gen/sources_1/bd/video_out_pynq_z2/ip/video_out_pynq_z2_smartconnect_0_0/bd_0/ip/ip_14/bd_98e7_awni_0_clocks.xdc:128]
WARNING: [Vivado_Tcl 4-921] Waiver ID 'CDC-13' -to list should not be empty. [c:/selected_hdmi_okok/pyzq/hw/hw_proj/hw_proj.gen/sources_1/bd/video_out_pynq_z2/ip/video_out_pynq_z2_smartconnect_0_0/bd_0/ip/ip_14/bd_98e7_awni_0_clocks.xdc:131]
WARNING: [Vivado_Tcl 4-921] Waiver ID 'CDC-1' -to list should not be empty. [c:/selected_hdmi_okok/pyzq/hw/hw_proj/hw_proj.gen/sources_1/bd/video_out_pynq_z2/ip/video_out_pynq_z2_smartconnect_0_0/bd_0/ip/ip_14/bd_98e7_awni_0_clocks.xdc:134]
WARNING: [Vivado_Tcl 4-921] Waiver ID 'CDC-10' -to list should not be empty. [c:/selected_hdmi_okok/pyzq/hw/hw_proj/hw_proj.gen/sources_1/bd/video_out_pynq_z2/ip/video_out_pynq_z2_smartconnect_0_0/bd_0/ip/ip_14/bd_98e7_awni_0_clocks.xdc:137]
WARNING: [Vivado_Tcl 4-921] Waiver ID 'CDC-1' -to list should not be empty. [c:/selected_hdmi_okok/pyzq/hw/hw_proj/hw_proj.gen/sources_1/bd/video_out_pynq_z2/ip/video_out_pynq_z2_smartconnect_0_0/bd_0/ip/ip_14/bd_98e7_awni_0_clocks.xdc:140]
WARNING: [Vivado_Tcl 4-921] Waiver ID 'CDC-1' -to list should not be empty. [c:/selected_hdmi_okok/pyzq/hw/hw_proj/hw_proj.gen/sources_1/bd/video_out_pynq_z2/ip/video_out_pynq_z2_smartconnect_0_0/bd_0/ip/ip_14/bd_98e7_awni_0_clocks.xdc:143]
INFO: [Common 17-14] Message 'Vivado_Tcl 4-921' appears 100 times and further instances of the messages will be disabled. Use the Tcl command set_msg_config to change the current settings. [c:/selected_hdmi_okok/pyzq/hw/hw_proj/hw_proj.gen/sources_1/bd/video_out_pynq_z2/ip/video_out_pynq_z2_smartconnect_0_0/bd_0/ip/ip_14/bd_98e7_awni_0_clocks.xdc:143]
Finished Parsing XDC File [c:/selected_hdmi_okok/pyzq/hw/hw_proj/hw_proj.gen/sources_1/bd/video_out_pynq_z2/ip/video_out_pynq_z2_smartconnect_0_0/bd_0/ip/ip_14/bd_98e7_awni_0_clocks.xdc] for cell 'video_out_pynq_z2_i/smartconnect_0/inst/switchboards/i_nodes/i_aw_node/inst'
Parsing XDC File [c:/selected_hdmi_okok/pyzq/hw/hw_proj/hw_proj.gen/sources_1/bd/video_out_pynq_z2/ip/video_out_pynq_z2_smartconnect_0_0/bd_0/ip/ip_15/bd_98e7_wni_0_clocks.xdc] for cell 'video_out_pynq_z2_i/smartconnect_0/inst/switchboards/i_nodes/i_w_node/inst'
Finished Parsing XDC File [c:/selected_hdmi_okok/pyzq/hw/hw_proj/hw_proj.gen/sources_1/bd/video_out_pynq_z2/ip/video_out_pynq_z2_smartconnect_0_0/bd_0/ip/ip_15/bd_98e7_wni_0_clocks.xdc] for cell 'video_out_pynq_z2_i/smartconnect_0/inst/switchboards/i_nodes/i_w_node/inst'
Parsing XDC File [c:/selected_hdmi_okok/pyzq/hw/hw_proj/hw_proj.gen/sources_1/bd/video_out_pynq_z2/ip/video_out_pynq_z2_smartconnect_0_0/bd_0/ip/ip_16/bd_98e7_bni_0_clocks.xdc] for cell 'video_out_pynq_z2_i/smartconnect_0/inst/switchboards/i_nodes/i_b_node/inst'
Finished Parsing XDC File [c:/selected_hdmi_okok/pyzq/hw/hw_proj/hw_proj.gen/sources_1/bd/video_out_pynq_z2/ip/video_out_pynq_z2_smartconnect_0_0/bd_0/ip/ip_16/bd_98e7_bni_0_clocks.xdc] for cell 'video_out_pynq_z2_i/smartconnect_0/inst/switchboards/i_nodes/i_b_node/inst'
Parsing XDC File [c:/selected_hdmi_okok/pyzq/hw/hw_proj/hw_proj.gen/sources_1/bd/video_out_pynq_z2/ip/video_out_pynq_z2_smartconnect_0_0/bd_0/ip/ip_21/bd_98e7_sarn_0_clocks.xdc] for cell 'video_out_pynq_z2_i/smartconnect_0/inst/s00_nodes/s00_ar_node/inst'
Finished Parsing XDC File [c:/selected_hdmi_okok/pyzq/hw/hw_proj/hw_proj.gen/sources_1/bd/video_out_pynq_z2/ip/video_out_pynq_z2_smartconnect_0_0/bd_0/ip/ip_21/bd_98e7_sarn_0_clocks.xdc] for cell 'video_out_pynq_z2_i/smartconnect_0/inst/s00_nodes/s00_ar_node/inst'
Parsing XDC File [c:/selected_hdmi_okok/pyzq/hw/hw_proj/hw_proj.gen/sources_1/bd/video_out_pynq_z2/ip/video_out_pynq_z2_smartconnect_0_0/bd_0/ip/ip_22/bd_98e7_srn_0_clocks.xdc] for cell 'video_out_pynq_z2_i/smartconnect_0/inst/s00_nodes/s00_r_node/inst'
Finished Parsing XDC File [c:/selected_hdmi_okok/pyzq/hw/hw_proj/hw_proj.gen/sources_1/bd/video_out_pynq_z2/ip/video_out_pynq_z2_smartconnect_0_0/bd_0/ip/ip_22/bd_98e7_srn_0_clocks.xdc] for cell 'video_out_pynq_z2_i/smartconnect_0/inst/s00_nodes/s00_r_node/inst'
Parsing XDC File [c:/selected_hdmi_okok/pyzq/hw/hw_proj/hw_proj.gen/sources_1/bd/video_out_pynq_z2/ip/video_out_pynq_z2_smartconnect_0_0/bd_0/ip/ip_23/bd_98e7_sawn_0_clocks.xdc] for cell 'video_out_pynq_z2_i/smartconnect_0/inst/s00_nodes/s00_aw_node/inst'
Finished Parsing XDC File [c:/selected_hdmi_okok/pyzq/hw/hw_proj/hw_proj.gen/sources_1/bd/video_out_pynq_z2/ip/video_out_pynq_z2_smartconnect_0_0/bd_0/ip/ip_23/bd_98e7_sawn_0_clocks.xdc] for cell 'video_out_pynq_z2_i/smartconnect_0/inst/s00_nodes/s00_aw_node/inst'
Parsing XDC File [c:/selected_hdmi_okok/pyzq/hw/hw_proj/hw_proj.gen/sources_1/bd/video_out_pynq_z2/ip/video_out_pynq_z2_smartconnect_0_0/bd_0/ip/ip_24/bd_98e7_swn_0_clocks.xdc] for cell 'video_out_pynq_z2_i/smartconnect_0/inst/s00_nodes/s00_w_node/inst'
Finished Parsing XDC File [c:/selected_hdmi_okok/pyzq/hw/hw_proj/hw_proj.gen/sources_1/bd/video_out_pynq_z2/ip/video_out_pynq_z2_smartconnect_0_0/bd_0/ip/ip_24/bd_98e7_swn_0_clocks.xdc] for cell 'video_out_pynq_z2_i/smartconnect_0/inst/s00_nodes/s00_w_node/inst'
Parsing XDC File [c:/selected_hdmi_okok/pyzq/hw/hw_proj/hw_proj.gen/sources_1/bd/video_out_pynq_z2/ip/video_out_pynq_z2_smartconnect_0_0/bd_0/ip/ip_25/bd_98e7_sbn_0_clocks.xdc] for cell 'video_out_pynq_z2_i/smartconnect_0/inst/s00_nodes/s00_b_node/inst'
Finished Parsing XDC File [c:/selected_hdmi_okok/pyzq/hw/hw_proj/hw_proj.gen/sources_1/bd/video_out_pynq_z2/ip/video_out_pynq_z2_smartconnect_0_0/bd_0/ip/ip_25/bd_98e7_sbn_0_clocks.xdc] for cell 'video_out_pynq_z2_i/smartconnect_0/inst/s00_nodes/s00_b_node/inst'
Parsing XDC File [c:/selected_hdmi_okok/pyzq/hw/hw_proj/hw_proj.gen/sources_1/bd/video_out_pynq_z2/ip/video_out_pynq_z2_smartconnect_0_0/bd_0/ip/ip_27/bd_98e7_m00arn_0_clocks.xdc] for cell 'video_out_pynq_z2_i/smartconnect_0/inst/m00_nodes/m00_ar_node/inst'
Finished Parsing XDC File [c:/selected_hdmi_okok/pyzq/hw/hw_proj/hw_proj.gen/sources_1/bd/video_out_pynq_z2/ip/video_out_pynq_z2_smartconnect_0_0/bd_0/ip/ip_27/bd_98e7_m00arn_0_clocks.xdc] for cell 'video_out_pynq_z2_i/smartconnect_0/inst/m00_nodes/m00_ar_node/inst'
Parsing XDC File [c:/selected_hdmi_okok/pyzq/hw/hw_proj/hw_proj.gen/sources_1/bd/video_out_pynq_z2/ip/video_out_pynq_z2_smartconnect_0_0/bd_0/ip/ip_28/bd_98e7_m00rn_0_clocks.xdc] for cell 'video_out_pynq_z2_i/smartconnect_0/inst/m00_nodes/m00_r_node/inst'
Finished Parsing XDC File [c:/selected_hdmi_okok/pyzq/hw/hw_proj/hw_proj.gen/sources_1/bd/video_out_pynq_z2/ip/video_out_pynq_z2_smartconnect_0_0/bd_0/ip/ip_28/bd_98e7_m00rn_0_clocks.xdc] for cell 'video_out_pynq_z2_i/smartconnect_0/inst/m00_nodes/m00_r_node/inst'
Parsing XDC File [c:/selected_hdmi_okok/pyzq/hw/hw_proj/hw_proj.gen/sources_1/bd/video_out_pynq_z2/ip/video_out_pynq_z2_smartconnect_0_0/bd_0/ip/ip_29/bd_98e7_m00awn_0_clocks.xdc] for cell 'video_out_pynq_z2_i/smartconnect_0/inst/m00_nodes/m00_aw_node/inst'
Finished Parsing XDC File [c:/selected_hdmi_okok/pyzq/hw/hw_proj/hw_proj.gen/sources_1/bd/video_out_pynq_z2/ip/video_out_pynq_z2_smartconnect_0_0/bd_0/ip/ip_29/bd_98e7_m00awn_0_clocks.xdc] for cell 'video_out_pynq_z2_i/smartconnect_0/inst/m00_nodes/m00_aw_node/inst'
Parsing XDC File [c:/selected_hdmi_okok/pyzq/hw/hw_proj/hw_proj.gen/sources_1/bd/video_out_pynq_z2/ip/video_out_pynq_z2_smartconnect_0_0/bd_0/ip/ip_30/bd_98e7_m00wn_0_clocks.xdc] for cell 'video_out_pynq_z2_i/smartconnect_0/inst/m00_nodes/m00_w_node/inst'
Finished Parsing XDC File [c:/selected_hdmi_okok/pyzq/hw/hw_proj/hw_proj.gen/sources_1/bd/video_out_pynq_z2/ip/video_out_pynq_z2_smartconnect_0_0/bd_0/ip/ip_30/bd_98e7_m00wn_0_clocks.xdc] for cell 'video_out_pynq_z2_i/smartconnect_0/inst/m00_nodes/m00_w_node/inst'
Parsing XDC File [c:/selected_hdmi_okok/pyzq/hw/hw_proj/hw_proj.gen/sources_1/bd/video_out_pynq_z2/ip/video_out_pynq_z2_smartconnect_0_0/bd_0/ip/ip_31/bd_98e7_m00bn_0_clocks.xdc] for cell 'video_out_pynq_z2_i/smartconnect_0/inst/m00_nodes/m00_b_node/inst'
Finished Parsing XDC File [c:/selected_hdmi_okok/pyzq/hw/hw_proj/hw_proj.gen/sources_1/bd/video_out_pynq_z2/ip/video_out_pynq_z2_smartconnect_0_0/bd_0/ip/ip_31/bd_98e7_m00bn_0_clocks.xdc] for cell 'video_out_pynq_z2_i/smartconnect_0/inst/m00_nodes/m00_b_node/inst'
Parsing XDC File [c:/selected_hdmi_okok/pyzq/hw/hw_proj/hw_proj.gen/sources_1/bd/video_out_pynq_z2/ip/video_out_pynq_z2_smartconnect_0_0/bd_0/ip/ip_34/bd_98e7_m01arn_0_clocks.xdc] for cell 'video_out_pynq_z2_i/smartconnect_0/inst/m01_nodes/m01_ar_node/inst'
Finished Parsing XDC File [c:/selected_hdmi_okok/pyzq/hw/hw_proj/hw_proj.gen/sources_1/bd/video_out_pynq_z2/ip/video_out_pynq_z2_smartconnect_0_0/bd_0/ip/ip_34/bd_98e7_m01arn_0_clocks.xdc] for cell 'video_out_pynq_z2_i/smartconnect_0/inst/m01_nodes/m01_ar_node/inst'
Parsing XDC File [c:/selected_hdmi_okok/pyzq/hw/hw_proj/hw_proj.gen/sources_1/bd/video_out_pynq_z2/ip/video_out_pynq_z2_smartconnect_0_0/bd_0/ip/ip_35/bd_98e7_m01rn_0_clocks.xdc] for cell 'video_out_pynq_z2_i/smartconnect_0/inst/m01_nodes/m01_r_node/inst'
Finished Parsing XDC File [c:/selected_hdmi_okok/pyzq/hw/hw_proj/hw_proj.gen/sources_1/bd/video_out_pynq_z2/ip/video_out_pynq_z2_smartconnect_0_0/bd_0/ip/ip_35/bd_98e7_m01rn_0_clocks.xdc] for cell 'video_out_pynq_z2_i/smartconnect_0/inst/m01_nodes/m01_r_node/inst'
Parsing XDC File [c:/selected_hdmi_okok/pyzq/hw/hw_proj/hw_proj.gen/sources_1/bd/video_out_pynq_z2/ip/video_out_pynq_z2_smartconnect_0_0/bd_0/ip/ip_36/bd_98e7_m01awn_0_clocks.xdc] for cell 'video_out_pynq_z2_i/smartconnect_0/inst/m01_nodes/m01_aw_node/inst'
Finished Parsing XDC File [c:/selected_hdmi_okok/pyzq/hw/hw_proj/hw_proj.gen/sources_1/bd/video_out_pynq_z2/ip/video_out_pynq_z2_smartconnect_0_0/bd_0/ip/ip_36/bd_98e7_m01awn_0_clocks.xdc] for cell 'video_out_pynq_z2_i/smartconnect_0/inst/m01_nodes/m01_aw_node/inst'
Parsing XDC File [c:/selected_hdmi_okok/pyzq/hw/hw_proj/hw_proj.gen/sources_1/bd/video_out_pynq_z2/ip/video_out_pynq_z2_smartconnect_0_0/bd_0/ip/ip_37/bd_98e7_m01wn_0_clocks.xdc] for cell 'video_out_pynq_z2_i/smartconnect_0/inst/m01_nodes/m01_w_node/inst'
Finished Parsing XDC File [c:/selected_hdmi_okok/pyzq/hw/hw_proj/hw_proj.gen/sources_1/bd/video_out_pynq_z2/ip/video_out_pynq_z2_smartconnect_0_0/bd_0/ip/ip_37/bd_98e7_m01wn_0_clocks.xdc] for cell 'video_out_pynq_z2_i/smartconnect_0/inst/m01_nodes/m01_w_node/inst'
Parsing XDC File [c:/selected_hdmi_okok/pyzq/hw/hw_proj/hw_proj.gen/sources_1/bd/video_out_pynq_z2/ip/video_out_pynq_z2_smartconnect_0_0/bd_0/ip/ip_38/bd_98e7_m01bn_0_clocks.xdc] for cell 'video_out_pynq_z2_i/smartconnect_0/inst/m01_nodes/m01_b_node/inst'
Finished Parsing XDC File [c:/selected_hdmi_okok/pyzq/hw/hw_proj/hw_proj.gen/sources_1/bd/video_out_pynq_z2/ip/video_out_pynq_z2_smartconnect_0_0/bd_0/ip/ip_38/bd_98e7_m01bn_0_clocks.xdc] for cell 'video_out_pynq_z2_i/smartconnect_0/inst/m01_nodes/m01_b_node/inst'
Parsing XDC File [c:/selected_hdmi_okok/pyzq/hw/hw_proj/hw_proj.gen/sources_1/bd/video_out_pynq_z2/ip/video_out_pynq_z2_smartconnect_0_0/bd_0/ip/ip_41/bd_98e7_m02arn_0_clocks.xdc] for cell 'video_out_pynq_z2_i/smartconnect_0/inst/m02_nodes/m02_ar_node/inst'
Finished Parsing XDC File [c:/selected_hdmi_okok/pyzq/hw/hw_proj/hw_proj.gen/sources_1/bd/video_out_pynq_z2/ip/video_out_pynq_z2_smartconnect_0_0/bd_0/ip/ip_41/bd_98e7_m02arn_0_clocks.xdc] for cell 'video_out_pynq_z2_i/smartconnect_0/inst/m02_nodes/m02_ar_node/inst'
Parsing XDC File [c:/selected_hdmi_okok/pyzq/hw/hw_proj/hw_proj.gen/sources_1/bd/video_out_pynq_z2/ip/video_out_pynq_z2_smartconnect_0_0/bd_0/ip/ip_42/bd_98e7_m02rn_0_clocks.xdc] for cell 'video_out_pynq_z2_i/smartconnect_0/inst/m02_nodes/m02_r_node/inst'
Finished Parsing XDC File [c:/selected_hdmi_okok/pyzq/hw/hw_proj/hw_proj.gen/sources_1/bd/video_out_pynq_z2/ip/video_out_pynq_z2_smartconnect_0_0/bd_0/ip/ip_42/bd_98e7_m02rn_0_clocks.xdc] for cell 'video_out_pynq_z2_i/smartconnect_0/inst/m02_nodes/m02_r_node/inst'
Parsing XDC File [c:/selected_hdmi_okok/pyzq/hw/hw_proj/hw_proj.gen/sources_1/bd/video_out_pynq_z2/ip/video_out_pynq_z2_smartconnect_0_0/bd_0/ip/ip_43/bd_98e7_m02awn_0_clocks.xdc] for cell 'video_out_pynq_z2_i/smartconnect_0/inst/m02_nodes/m02_aw_node/inst'
Finished Parsing XDC File [c:/selected_hdmi_okok/pyzq/hw/hw_proj/hw_proj.gen/sources_1/bd/video_out_pynq_z2/ip/video_out_pynq_z2_smartconnect_0_0/bd_0/ip/ip_43/bd_98e7_m02awn_0_clocks.xdc] for cell 'video_out_pynq_z2_i/smartconnect_0/inst/m02_nodes/m02_aw_node/inst'
Parsing XDC File [c:/selected_hdmi_okok/pyzq/hw/hw_proj/hw_proj.gen/sources_1/bd/video_out_pynq_z2/ip/video_out_pynq_z2_smartconnect_0_0/bd_0/ip/ip_44/bd_98e7_m02wn_0_clocks.xdc] for cell 'video_out_pynq_z2_i/smartconnect_0/inst/m02_nodes/m02_w_node/inst'
Finished Parsing XDC File [c:/selected_hdmi_okok/pyzq/hw/hw_proj/hw_proj.gen/sources_1/bd/video_out_pynq_z2/ip/video_out_pynq_z2_smartconnect_0_0/bd_0/ip/ip_44/bd_98e7_m02wn_0_clocks.xdc] for cell 'video_out_pynq_z2_i/smartconnect_0/inst/m02_nodes/m02_w_node/inst'
Parsing XDC File [c:/selected_hdmi_okok/pyzq/hw/hw_proj/hw_proj.gen/sources_1/bd/video_out_pynq_z2/ip/video_out_pynq_z2_smartconnect_0_0/bd_0/ip/ip_45/bd_98e7_m02bn_0_clocks.xdc] for cell 'video_out_pynq_z2_i/smartconnect_0/inst/m02_nodes/m02_b_node/inst'
Finished Parsing XDC File [c:/selected_hdmi_okok/pyzq/hw/hw_proj/hw_proj.gen/sources_1/bd/video_out_pynq_z2/ip/video_out_pynq_z2_smartconnect_0_0/bd_0/ip/ip_45/bd_98e7_m02bn_0_clocks.xdc] for cell 'video_out_pynq_z2_i/smartconnect_0/inst/m02_nodes/m02_b_node/inst'
Parsing XDC File [c:/selected_hdmi_okok/pyzq/hw/hw_proj/hw_proj.gen/sources_1/bd/video_out_pynq_z2/ip/video_out_pynq_z2_smartconnect_0_0/bd_0/ip/ip_48/bd_98e7_m03arn_0_clocks.xdc] for cell 'video_out_pynq_z2_i/smartconnect_0/inst/m03_nodes/m03_ar_node/inst'
Finished Parsing XDC File [c:/selected_hdmi_okok/pyzq/hw/hw_proj/hw_proj.gen/sources_1/bd/video_out_pynq_z2/ip/video_out_pynq_z2_smartconnect_0_0/bd_0/ip/ip_48/bd_98e7_m03arn_0_clocks.xdc] for cell 'video_out_pynq_z2_i/smartconnect_0/inst/m03_nodes/m03_ar_node/inst'
Parsing XDC File [c:/selected_hdmi_okok/pyzq/hw/hw_proj/hw_proj.gen/sources_1/bd/video_out_pynq_z2/ip/video_out_pynq_z2_smartconnect_0_0/bd_0/ip/ip_49/bd_98e7_m03rn_0_clocks.xdc] for cell 'video_out_pynq_z2_i/smartconnect_0/inst/m03_nodes/m03_r_node/inst'
Finished Parsing XDC File [c:/selected_hdmi_okok/pyzq/hw/hw_proj/hw_proj.gen/sources_1/bd/video_out_pynq_z2/ip/video_out_pynq_z2_smartconnect_0_0/bd_0/ip/ip_49/bd_98e7_m03rn_0_clocks.xdc] for cell 'video_out_pynq_z2_i/smartconnect_0/inst/m03_nodes/m03_r_node/inst'
Parsing XDC File [c:/selected_hdmi_okok/pyzq/hw/hw_proj/hw_proj.gen/sources_1/bd/video_out_pynq_z2/ip/video_out_pynq_z2_smartconnect_0_0/bd_0/ip/ip_50/bd_98e7_m03awn_0_clocks.xdc] for cell 'video_out_pynq_z2_i/smartconnect_0/inst/m03_nodes/m03_aw_node/inst'
Finished Parsing XDC File [c:/selected_hdmi_okok/pyzq/hw/hw_proj/hw_proj.gen/sources_1/bd/video_out_pynq_z2/ip/video_out_pynq_z2_smartconnect_0_0/bd_0/ip/ip_50/bd_98e7_m03awn_0_clocks.xdc] for cell 'video_out_pynq_z2_i/smartconnect_0/inst/m03_nodes/m03_aw_node/inst'
Parsing XDC File [c:/selected_hdmi_okok/pyzq/hw/hw_proj/hw_proj.gen/sources_1/bd/video_out_pynq_z2/ip/video_out_pynq_z2_smartconnect_0_0/bd_0/ip/ip_51/bd_98e7_m03wn_0_clocks.xdc] for cell 'video_out_pynq_z2_i/smartconnect_0/inst/m03_nodes/m03_w_node/inst'
Finished Parsing XDC File [c:/selected_hdmi_okok/pyzq/hw/hw_proj/hw_proj.gen/sources_1/bd/video_out_pynq_z2/ip/video_out_pynq_z2_smartconnect_0_0/bd_0/ip/ip_51/bd_98e7_m03wn_0_clocks.xdc] for cell 'video_out_pynq_z2_i/smartconnect_0/inst/m03_nodes/m03_w_node/inst'
Parsing XDC File [c:/selected_hdmi_okok/pyzq/hw/hw_proj/hw_proj.gen/sources_1/bd/video_out_pynq_z2/ip/video_out_pynq_z2_smartconnect_0_0/bd_0/ip/ip_52/bd_98e7_m03bn_0_clocks.xdc] for cell 'video_out_pynq_z2_i/smartconnect_0/inst/m03_nodes/m03_b_node/inst'
Finished Parsing XDC File [c:/selected_hdmi_okok/pyzq/hw/hw_proj/hw_proj.gen/sources_1/bd/video_out_pynq_z2/ip/video_out_pynq_z2_smartconnect_0_0/bd_0/ip/ip_52/bd_98e7_m03bn_0_clocks.xdc] for cell 'video_out_pynq_z2_i/smartconnect_0/inst/m03_nodes/m03_b_node/inst'
Parsing XDC File [c:/selected_hdmi_okok/pyzq/hw/hw_proj/hw_proj.gen/sources_1/bd/video_out_pynq_z2/ip/video_out_pynq_z2_smartconnect_0_0/bd_0/ip/ip_55/bd_98e7_m04arn_0_clocks.xdc] for cell 'video_out_pynq_z2_i/smartconnect_0/inst/m04_nodes/m04_ar_node/inst'
Finished Parsing XDC File [c:/selected_hdmi_okok/pyzq/hw/hw_proj/hw_proj.gen/sources_1/bd/video_out_pynq_z2/ip/video_out_pynq_z2_smartconnect_0_0/bd_0/ip/ip_55/bd_98e7_m04arn_0_clocks.xdc] for cell 'video_out_pynq_z2_i/smartconnect_0/inst/m04_nodes/m04_ar_node/inst'
Parsing XDC File [c:/selected_hdmi_okok/pyzq/hw/hw_proj/hw_proj.gen/sources_1/bd/video_out_pynq_z2/ip/video_out_pynq_z2_smartconnect_0_0/bd_0/ip/ip_56/bd_98e7_m04rn_0_clocks.xdc] for cell 'video_out_pynq_z2_i/smartconnect_0/inst/m04_nodes/m04_r_node/inst'
Finished Parsing XDC File [c:/selected_hdmi_okok/pyzq/hw/hw_proj/hw_proj.gen/sources_1/bd/video_out_pynq_z2/ip/video_out_pynq_z2_smartconnect_0_0/bd_0/ip/ip_56/bd_98e7_m04rn_0_clocks.xdc] for cell 'video_out_pynq_z2_i/smartconnect_0/inst/m04_nodes/m04_r_node/inst'
Parsing XDC File [c:/selected_hdmi_okok/pyzq/hw/hw_proj/hw_proj.gen/sources_1/bd/video_out_pynq_z2/ip/video_out_pynq_z2_smartconnect_0_0/bd_0/ip/ip_57/bd_98e7_m04awn_0_clocks.xdc] for cell 'video_out_pynq_z2_i/smartconnect_0/inst/m04_nodes/m04_aw_node/inst'
Finished Parsing XDC File [c:/selected_hdmi_okok/pyzq/hw/hw_proj/hw_proj.gen/sources_1/bd/video_out_pynq_z2/ip/video_out_pynq_z2_smartconnect_0_0/bd_0/ip/ip_57/bd_98e7_m04awn_0_clocks.xdc] for cell 'video_out_pynq_z2_i/smartconnect_0/inst/m04_nodes/m04_aw_node/inst'
Parsing XDC File [c:/selected_hdmi_okok/pyzq/hw/hw_proj/hw_proj.gen/sources_1/bd/video_out_pynq_z2/ip/video_out_pynq_z2_smartconnect_0_0/bd_0/ip/ip_58/bd_98e7_m04wn_0_clocks.xdc] for cell 'video_out_pynq_z2_i/smartconnect_0/inst/m04_nodes/m04_w_node/inst'
Finished Parsing XDC File [c:/selected_hdmi_okok/pyzq/hw/hw_proj/hw_proj.gen/sources_1/bd/video_out_pynq_z2/ip/video_out_pynq_z2_smartconnect_0_0/bd_0/ip/ip_58/bd_98e7_m04wn_0_clocks.xdc] for cell 'video_out_pynq_z2_i/smartconnect_0/inst/m04_nodes/m04_w_node/inst'
Parsing XDC File [c:/selected_hdmi_okok/pyzq/hw/hw_proj/hw_proj.gen/sources_1/bd/video_out_pynq_z2/ip/video_out_pynq_z2_smartconnect_0_0/bd_0/ip/ip_59/bd_98e7_m04bn_0_clocks.xdc] for cell 'video_out_pynq_z2_i/smartconnect_0/inst/m04_nodes/m04_b_node/inst'
Finished Parsing XDC File [c:/selected_hdmi_okok/pyzq/hw/hw_proj/hw_proj.gen/sources_1/bd/video_out_pynq_z2/ip/video_out_pynq_z2_smartconnect_0_0/bd_0/ip/ip_59/bd_98e7_m04bn_0_clocks.xdc] for cell 'video_out_pynq_z2_i/smartconnect_0/inst/m04_nodes/m04_b_node/inst'
Parsing XDC File [c:/selected_hdmi_okok/pyzq/hw/hw_proj/hw_proj.gen/sources_1/bd/video_out_pynq_z2/ip/video_out_pynq_z2_smartconnect_0_0/smartconnect.xdc] for cell 'video_out_pynq_z2_i/smartconnect_0/inst'
WARNING: [Vivado_Tcl 4-919] Waiver ID 'CDC-1' -from list should not be empty. [c:/selected_hdmi_okok/pyzq/hw/hw_proj/hw_proj.gen/sources_1/bd/video_out_pynq_z2/ip/video_out_pynq_z2_smartconnect_0_0/smartconnect.xdc:10]
Finished Parsing XDC File [c:/selected_hdmi_okok/pyzq/hw/hw_proj/hw_proj.gen/sources_1/bd/video_out_pynq_z2/ip/video_out_pynq_z2_smartconnect_0_0/smartconnect.xdc] for cell 'video_out_pynq_z2_i/smartconnect_0/inst'
CRITICAL WARNING: [Designutils 20-1280] Could not find module 'ila_refclk'. The XDC file c:/selected_hdmi_okok/pyzq/hw/hw_proj/hw_proj.gen/sources_1/bd/video_out_pynq_z2/ip/video_out_pynq_z2_dvi2rgb_0_0/src/ila_refclk/ila_v6_2/constraints/ila.xdc will not be read for any cell of this module.
CRITICAL WARNING: [Designutils 20-1280] Could not find module 'ila_pixclk'. The XDC file c:/selected_hdmi_okok/pyzq/hw/hw_proj/hw_proj.gen/sources_1/bd/video_out_pynq_z2/ip/video_out_pynq_z2_dvi2rgb_0_0/src/ila_pixclk/ila_v6_2/constraints/ila.xdc will not be read for any cell of this module.
Parsing XDC File [c:/selected_hdmi_okok/pyzq/hw/hw_proj/hw_proj.gen/sources_1/bd/video_out_pynq_z2/ip/video_out_pynq_z2_dvi2rgb_0_0/src/dvi2rgb.xdc] for cell 'video_out_pynq_z2_i/dvi2rgb_0/U0'
Finished Parsing XDC File [c:/selected_hdmi_okok/pyzq/hw/hw_proj/hw_proj.gen/sources_1/bd/video_out_pynq_z2/ip/video_out_pynq_z2_dvi2rgb_0_0/src/dvi2rgb.xdc] for cell 'video_out_pynq_z2_i/dvi2rgb_0/U0'
Parsing XDC File [c:/selected_hdmi_okok/pyzq/hw/hw_proj/hw_proj.gen/sources_1/bd/video_out_pynq_z2/ip/video_out_pynq_z2_axi_gpio_1_0/video_out_pynq_z2_axi_gpio_1_0_board.xdc] for cell 'video_out_pynq_z2_i/axi_gpio_1/U0'
Finished Parsing XDC File [c:/selected_hdmi_okok/pyzq/hw/hw_proj/hw_proj.gen/sources_1/bd/video_out_pynq_z2/ip/video_out_pynq_z2_axi_gpio_1_0/video_out_pynq_z2_axi_gpio_1_0_board.xdc] for cell 'video_out_pynq_z2_i/axi_gpio_1/U0'
Parsing XDC File [c:/selected_hdmi_okok/pyzq/hw/hw_proj/hw_proj.gen/sources_1/bd/video_out_pynq_z2/ip/video_out_pynq_z2_axi_gpio_1_0/video_out_pynq_z2_axi_gpio_1_0.xdc] for cell 'video_out_pynq_z2_i/axi_gpio_1/U0'
Finished Parsing XDC File [c:/selected_hdmi_okok/pyzq/hw/hw_proj/hw_proj.gen/sources_1/bd/video_out_pynq_z2/ip/video_out_pynq_z2_axi_gpio_1_0/video_out_pynq_z2_axi_gpio_1_0.xdc] for cell 'video_out_pynq_z2_i/axi_gpio_1/U0'
Parsing XDC File [c:/selected_hdmi_okok/pyzq/hw/hw_proj/hw_proj.gen/sources_1/bd/video_out_pynq_z2/ip/video_out_pynq_z2_axi_gpio_2_0/video_out_pynq_z2_axi_gpio_2_0_board.xdc] for cell 'video_out_pynq_z2_i/axi_gpio_2/U0'
Finished Parsing XDC File [c:/selected_hdmi_okok/pyzq/hw/hw_proj/hw_proj.gen/sources_1/bd/video_out_pynq_z2/ip/video_out_pynq_z2_axi_gpio_2_0/video_out_pynq_z2_axi_gpio_2_0_board.xdc] for cell 'video_out_pynq_z2_i/axi_gpio_2/U0'
Parsing XDC File [c:/selected_hdmi_okok/pyzq/hw/hw_proj/hw_proj.gen/sources_1/bd/video_out_pynq_z2/ip/video_out_pynq_z2_axi_gpio_2_0/video_out_pynq_z2_axi_gpio_2_0.xdc] for cell 'video_out_pynq_z2_i/axi_gpio_2/U0'
Finished Parsing XDC File [c:/selected_hdmi_okok/pyzq/hw/hw_proj/hw_proj.gen/sources_1/bd/video_out_pynq_z2/ip/video_out_pynq_z2_axi_gpio_2_0/video_out_pynq_z2_axi_gpio_2_0.xdc] for cell 'video_out_pynq_z2_i/axi_gpio_2/U0'
Parsing XDC File [c:/selected_hdmi_okok/pyzq/hw/hw_proj/hw_proj.gen/sources_1/bd/video_out_pynq_z2/ip/video_out_pynq_z2_system_ila_0_0/bd_0/ip/ip_0/ila_v6_2/constraints/ila_impl.xdc] for cell 'video_out_pynq_z2_i/system_ila_0/inst/ila_lib/inst'
Finished Parsing XDC File [c:/selected_hdmi_okok/pyzq/hw/hw_proj/hw_proj.gen/sources_1/bd/video_out_pynq_z2/ip/video_out_pynq_z2_system_ila_0_0/bd_0/ip/ip_0/ila_v6_2/constraints/ila_impl.xdc] for cell 'video_out_pynq_z2_i/system_ila_0/inst/ila_lib/inst'
Parsing XDC File [c:/selected_hdmi_okok/pyzq/hw/hw_proj/hw_proj.gen/sources_1/bd/video_out_pynq_z2/ip/video_out_pynq_z2_system_ila_0_0/bd_0/ip/ip_0/ila_v6_2/constraints/ila.xdc] for cell 'video_out_pynq_z2_i/system_ila_0/inst/ila_lib/inst'
Finished Parsing XDC File [c:/selected_hdmi_okok/pyzq/hw/hw_proj/hw_proj.gen/sources_1/bd/video_out_pynq_z2/ip/video_out_pynq_z2_system_ila_0_0/bd_0/ip/ip_0/ila_v6_2/constraints/ila.xdc] for cell 'video_out_pynq_z2_i/system_ila_0/inst/ila_lib/inst'
Parsing XDC File [c:/selected_hdmi_okok/pyzq/hw/hw_proj/hw_proj.gen/sources_1/bd/video_out_pynq_z2/ip/video_out_pynq_z2_system_ila_1_0/bd_0/ip/ip_0/ila_v6_2/constraints/ila_impl.xdc] for cell 'video_out_pynq_z2_i/system_ila_1/inst/ila_lib/inst'
Finished Parsing XDC File [c:/selected_hdmi_okok/pyzq/hw/hw_proj/hw_proj.gen/sources_1/bd/video_out_pynq_z2/ip/video_out_pynq_z2_system_ila_1_0/bd_0/ip/ip_0/ila_v6_2/constraints/ila_impl.xdc] for cell 'video_out_pynq_z2_i/system_ila_1/inst/ila_lib/inst'
Parsing XDC File [c:/selected_hdmi_okok/pyzq/hw/hw_proj/hw_proj.gen/sources_1/bd/video_out_pynq_z2/ip/video_out_pynq_z2_system_ila_1_0/bd_0/ip/ip_0/ila_v6_2/constraints/ila.xdc] for cell 'video_out_pynq_z2_i/system_ila_1/inst/ila_lib/inst'
Finished Parsing XDC File [c:/selected_hdmi_okok/pyzq/hw/hw_proj/hw_proj.gen/sources_1/bd/video_out_pynq_z2/ip/video_out_pynq_z2_system_ila_1_0/bd_0/ip/ip_0/ila_v6_2/constraints/ila.xdc] for cell 'video_out_pynq_z2_i/system_ila_1/inst/ila_lib/inst'
Parsing XDC File [c:/selected_hdmi_okok/pyzq/hw/hw_proj/hw_proj.gen/sources_1/bd/video_out_pynq_z2/ip/video_out_pynq_z2_ila_0_0/ila_v6_2/constraints/ila_impl.xdc] for cell 'video_out_pynq_z2_i/ila_0/inst'
Finished Parsing XDC File [c:/selected_hdmi_okok/pyzq/hw/hw_proj/hw_proj.gen/sources_1/bd/video_out_pynq_z2/ip/video_out_pynq_z2_ila_0_0/ila_v6_2/constraints/ila_impl.xdc] for cell 'video_out_pynq_z2_i/ila_0/inst'
Parsing XDC File [c:/selected_hdmi_okok/pyzq/hw/hw_proj/hw_proj.gen/sources_1/bd/video_out_pynq_z2/ip/video_out_pynq_z2_ila_0_0/ila_v6_2/constraints/ila.xdc] for cell 'video_out_pynq_z2_i/ila_0/inst'
Finished Parsing XDC File [c:/selected_hdmi_okok/pyzq/hw/hw_proj/hw_proj.gen/sources_1/bd/video_out_pynq_z2/ip/video_out_pynq_z2_ila_0_0/ila_v6_2/constraints/ila.xdc] for cell 'video_out_pynq_z2_i/ila_0/inst'
Parsing XDC File [c:/selected_hdmi_okok/pyzq/hw/hw_proj/hw_proj.gen/sources_1/bd/video_out_pynq_z2/ip/video_out_pynq_z2_system_ila_2_0/bd_0/ip/ip_0/ila_v6_2/constraints/ila_impl.xdc] for cell 'video_out_pynq_z2_i/system_ila_2/inst/ila_lib/inst'
Finished Parsing XDC File [c:/selected_hdmi_okok/pyzq/hw/hw_proj/hw_proj.gen/sources_1/bd/video_out_pynq_z2/ip/video_out_pynq_z2_system_ila_2_0/bd_0/ip/ip_0/ila_v6_2/constraints/ila_impl.xdc] for cell 'video_out_pynq_z2_i/system_ila_2/inst/ila_lib/inst'
Parsing XDC File [c:/selected_hdmi_okok/pyzq/hw/hw_proj/hw_proj.gen/sources_1/bd/video_out_pynq_z2/ip/video_out_pynq_z2_system_ila_2_0/bd_0/ip/ip_0/ila_v6_2/constraints/ila.xdc] for cell 'video_out_pynq_z2_i/system_ila_2/inst/ila_lib/inst'
Finished Parsing XDC File [c:/selected_hdmi_okok/pyzq/hw/hw_proj/hw_proj.gen/sources_1/bd/video_out_pynq_z2/ip/video_out_pynq_z2_system_ila_2_0/bd_0/ip/ip_0/ila_v6_2/constraints/ila.xdc] for cell 'video_out_pynq_z2_i/system_ila_2/inst/ila_lib/inst'
Parsing XDC File [C:/selected_hdmi_okok/pyzq/hw/hw_proj/hw_proj.srcs/constrs_1/imports/constr/hw_constr.xdc]
Finished Parsing XDC File [C:/selected_hdmi_okok/pyzq/hw/hw_proj/hw_proj.srcs/constrs_1/imports/constr/hw_constr.xdc]
Parsing XDC File [c:/selected_hdmi_okok/pyzq/hw/hw_proj/hw_proj.gen/sources_1/bd/video_out_pynq_z2/ip/video_out_pynq_z2_rgb2dvi_0_0/src/rgb2dvi_clocks.xdc] for cell 'video_out_pynq_z2_i/rgb2dvi_0/U0'
Finished Parsing XDC File [c:/selected_hdmi_okok/pyzq/hw/hw_proj/hw_proj.gen/sources_1/bd/video_out_pynq_z2/ip/video_out_pynq_z2_rgb2dvi_0_0/src/rgb2dvi_clocks.xdc] for cell 'video_out_pynq_z2_i/rgb2dvi_0/U0'
Parsing XDC File [c:/selected_hdmi_okok/pyzq/hw/hw_proj/hw_proj.gen/sources_1/bd/video_out_pynq_z2/ip/video_out_pynq_z2_v_axi4s_vid_out_0_0/video_out_pynq_z2_v_axi4s_vid_out_0_0_clocks.xdc] for cell 'video_out_pynq_z2_i/v_axi4s_vid_out_0/inst'
Finished Parsing XDC File [c:/selected_hdmi_okok/pyzq/hw/hw_proj/hw_proj.gen/sources_1/bd/video_out_pynq_z2/ip/video_out_pynq_z2_v_axi4s_vid_out_0_0/video_out_pynq_z2_v_axi4s_vid_out_0_0_clocks.xdc] for cell 'video_out_pynq_z2_i/v_axi4s_vid_out_0/inst'
Parsing XDC File [c:/selected_hdmi_okok/pyzq/hw/hw_proj/hw_proj.gen/sources_1/bd/video_out_pynq_z2/ip/video_out_pynq_z2_v_tc_0_0/video_out_pynq_z2_v_tc_0_0_clocks.xdc] for cell 'video_out_pynq_z2_i/v_tc_0/U0'
Finished Parsing XDC File [c:/selected_hdmi_okok/pyzq/hw/hw_proj/hw_proj.gen/sources_1/bd/video_out_pynq_z2/ip/video_out_pynq_z2_v_tc_0_0/video_out_pynq_z2_v_tc_0_0_clocks.xdc] for cell 'video_out_pynq_z2_i/v_tc_0/U0'
Parsing XDC File [c:/selected_hdmi_okok/pyzq/hw/hw_proj/hw_proj.gen/sources_1/bd/video_out_pynq_z2/ip/video_out_pynq_z2_dvi2rgb_0_0/src/ila_timing_workaround.xdc] for cell 'video_out_pynq_z2_i/dvi2rgb_0/U0'
Finished Parsing XDC File [c:/selected_hdmi_okok/pyzq/hw/hw_proj/hw_proj.gen/sources_1/bd/video_out_pynq_z2/ip/video_out_pynq_z2_dvi2rgb_0_0/src/ila_timing_workaround.xdc] for cell 'video_out_pynq_z2_i/dvi2rgb_0/U0'
Parsing XDC File [c:/selected_hdmi_okok/pyzq/hw/hw_proj/hw_proj.gen/sources_1/bd/video_out_pynq_z2/ip/video_out_pynq_z2_v_vid_in_axi4s_0_0/video_out_pynq_z2_v_vid_in_axi4s_0_0_clocks.xdc] for cell 'video_out_pynq_z2_i/v_vid_in_axi4s_0/inst'
Finished Parsing XDC File [c:/selected_hdmi_okok/pyzq/hw/hw_proj/hw_proj.gen/sources_1/bd/video_out_pynq_z2/ip/video_out_pynq_z2_v_vid_in_axi4s_0_0/video_out_pynq_z2_v_vid_in_axi4s_0_0_clocks.xdc] for cell 'video_out_pynq_z2_i/v_vid_in_axi4s_0/inst'
INFO: [Project 1-1714] 97 XPM XDC files have been applied to the design.
INFO: [Opt 31-138] Pushed 0 inverter(s) to 0 load pin(s).
INFO: [Project 1-1687] 1528 scoped IP constraints or related sub-commands were skipped due to synthesis logic optimizations usually triggered by constant connectivity or unconnected output pins. To review the skipped constraints and messages, run the command 'set_param netlist.IPMsgFiltering false' before opening the design.
Netlist sorting complete. Time (s): cpu = 00:00:00 ; elapsed = 00:00:00.010 . Memory (MB): peak = 1926.629 ; gain = 0.000
INFO: [Project 1-111] Unisim Transformation Summary:
  A total of 224 instances were transformed.
  CFGLUT5 => CFGLUT5 (SRL16E, SRLC32E): 216 instances
  IOBUF => IOBUF (IBUF, OBUFT): 2 instances
  RAM32M => RAM32M (RAMD32(x6), RAMS32(x2)): 6 instances

The system cannot find the path specified.
40 Infos, 103 Warnings, 102 Critical Warnings and 0 Errors encountered.
link_design completed successfully
link_design: Time (s): cpu = 00:00:23 ; elapsed = 00:00:26 . Memory (MB): peak = 1926.629 ; gain = 1300.168
Command: opt_design
Attempting to get a license for feature 'Implementation' and/or device 'xc7z020'
INFO: [Common 17-349] Got license for feature 'Implementation' and/or device 'xc7z020'
Running DRC as a precondition to command opt_design

Starting DRC Task
INFO: [DRC 23-27] Running DRC with 2 threads
INFO: [Project 1-461] DRC finished with 0 Errors
INFO: [Project 1-462] Please refer to the DRC report (report_drc) for more information.

Time (s): cpu = 00:00:02 ; elapsed = 00:00:01 . Memory (MB): peak = 1926.629 ; gain = 0.000

Starting Cache Timing Information Task
INFO: [Timing 38-35] Done setting XDC timing constraints.
Ending Cache Timing Information Task | Checksum: 186216b08

Time (s): cpu = 00:00:02 ; elapsed = 00:00:01 . Memory (MB): peak = 1926.629 ; gain = 0.000

Starting Logic Optimization Task

Phase 1 Initialization

Phase 1.1 Core Generation And Design Setup

Phase 1.1.1 Generate And Synthesize Debug Cores
INFO: [Chipscope 16-329] Generating Script for core instance : dbg_hub 
INFO: [IP_Flow 19-3806] Processing IP xilinx.com:ip:xsdbm:3.0 for cell dbg_hub_CV.
Done building netlist checker database: Time (s): cpu = 00:00:00 ; elapsed = 00:00:00.014 . Memory (MB): peak = 2325.168 ; gain = 0.000
Netlist sorting complete. Time (s): cpu = 00:00:00 ; elapsed = 00:00:00.034 . Memory (MB): peak = 2325.168 ; gain = 0.000
Phase 1.1.1 Generate And Synthesize Debug Cores | Checksum: 203759429

Time (s): cpu = 00:00:02 ; elapsed = 00:01:11 . Memory (MB): peak = 2325.168 ; gain = 19.797
Phase 1.1 Core Generation And Design Setup | Checksum: 203759429

Time (s): cpu = 00:00:02 ; elapsed = 00:01:11 . Memory (MB): peak = 2325.168 ; gain = 19.797

Phase 1.2 Setup Constraints And Sort Netlist
Phase 1.2 Setup Constraints And Sort Netlist | Checksum: 203759429

Time (s): cpu = 00:00:03 ; elapsed = 00:01:11 . Memory (MB): peak = 2325.168 ; gain = 19.797
Phase 1 Initialization | Checksum: 203759429

Time (s): cpu = 00:00:03 ; elapsed = 00:01:11 . Memory (MB): peak = 2325.168 ; gain = 19.797

Phase 2 Timer Update And Timing Data Collection

Phase 2.1 Timer Update
Phase 2.1 Timer Update | Checksum: 203759429

Time (s): cpu = 00:00:04 ; elapsed = 00:01:12 . Memory (MB): peak = 2325.168 ; gain = 19.797

Phase 2.2 Timing Data Collection
Phase 2.2 Timing Data Collection | Checksum: 203759429

Time (s): cpu = 00:00:04 ; elapsed = 00:01:12 . Memory (MB): peak = 2325.168 ; gain = 19.797
Phase 2 Timer Update And Timing Data Collection | Checksum: 203759429

Time (s): cpu = 00:00:04 ; elapsed = 00:01:12 . Memory (MB): peak = 2325.168 ; gain = 19.797

Phase 3 Retarget
INFO: [Opt 31-1566] Pulled 11 inverters resulting in an inversion of 82 pins
INFO: [Opt 31-138] Pushed 12 inverter(s) to 43 load pin(s).
INFO: [Opt 31-49] Retargeted 0 cell(s).
Phase 3 Retarget | Checksum: 291000caf

Time (s): cpu = 00:00:04 ; elapsed = 00:01:13 . Memory (MB): peak = 2325.168 ; gain = 19.797
Retarget | Checksum: 291000caf
INFO: [Opt 31-389] Phase Retarget created 175 cells and removed 231 cells
INFO: [Opt 31-1021] In phase Retarget, 301 netlist objects are constrained preventing optimization. Please run opt_design with -debug_log to get more detail. 

Phase 4 Constant propagation
INFO: [Opt 31-138] Pushed 1 inverter(s) to 2 load pin(s).
Phase 4 Constant propagation | Checksum: 21ba8bed7

Time (s): cpu = 00:00:04 ; elapsed = 00:01:13 . Memory (MB): peak = 2325.168 ; gain = 19.797
Constant propagation | Checksum: 21ba8bed7
INFO: [Opt 31-389] Phase Constant propagation created 10 cells and removed 475 cells
INFO: [Opt 31-1021] In phase Constant propagation, 592 netlist objects are constrained preventing optimization. Please run opt_design with -debug_log to get more detail. 

Phase 5 Sweep
Phase 5 Sweep | Checksum: 25fa50c8a

Time (s): cpu = 00:00:06 ; elapsed = 00:01:14 . Memory (MB): peak = 2325.168 ; gain = 19.797
Sweep | Checksum: 25fa50c8a
INFO: [Opt 31-389] Phase Sweep created 0 cells and removed 1793 cells
INFO: [Opt 31-1021] In phase Sweep, 2236 netlist objects are constrained preventing optimization. Please run opt_design with -debug_log to get more detail. 

Phase 6 BUFG optimization
INFO: [Opt 31-194] Inserted BUFG video_out_pynq_z2_i/rgb2dvi_0/U0/ClockGenInternal.ClockGenX/PixelClk_BUFG_inst to drive 8 load(s) on clock net video_out_pynq_z2_i/rgb2dvi_0/U0/ClockGenInternal.ClockGenX/PixelClk_BUFG
INFO: [Opt 31-194] Inserted BUFG video_out_pynq_z2_i/rgb2dvi_0/U0/ClockGenInternal.ClockGenX/SerialClk_BUFG_inst to drive 8 load(s) on clock net video_out_pynq_z2_i/rgb2dvi_0/U0/ClockGenInternal.ClockGenX/SerialClk_BUFG
INFO: [Opt 31-193] Inserted 2 BUFG(s) on clock nets
Phase 6 BUFG optimization | Checksum: 25292e2ca

Time (s): cpu = 00:00:06 ; elapsed = 00:01:14 . Memory (MB): peak = 2325.168 ; gain = 19.797
BUFG optimization | Checksum: 25292e2ca
INFO: [Opt 31-662] Phase BUFG optimization created 2 cells of which 2 are BUFGs and removed 0 cells.

Phase 7 Shift Register Optimization
WARNING: [Opt 31-1131] Can not pull register out from video_out_pynq_z2_i/ila_0/inst/ila_core_inst/u_ila_cap_ctrl/U_CDONE/I_YESLUT6.U_SRL32_A due to none static srl address bits
WARNING: [Opt 31-1131] Can not pull register out from video_out_pynq_z2_i/ila_0/inst/ila_core_inst/u_ila_cap_ctrl/U_CDONE/I_YESLUT6.U_SRL32_B due to none static srl address bits
WARNING: [Opt 31-1131] Can not pull register out from video_out_pynq_z2_i/ila_0/inst/ila_core_inst/u_ila_cap_ctrl/U_NS0/I_YESLUT6.U_SRL32_A due to none static srl address bits
WARNING: [Opt 31-1131] Can not pull register out from video_out_pynq_z2_i/ila_0/inst/ila_core_inst/u_ila_cap_ctrl/U_NS0/I_YESLUT6.U_SRL32_B due to none static srl address bits
WARNING: [Opt 31-1131] Can not pull register out from video_out_pynq_z2_i/ila_0/inst/ila_core_inst/u_ila_cap_ctrl/U_NS0/I_YESLUT6.U_SRL32_C due to none static srl address bits
WARNING: [Opt 31-1131] Can not pull register out from video_out_pynq_z2_i/ila_0/inst/ila_core_inst/u_ila_cap_ctrl/U_NS0/I_YESLUT6.U_SRL32_D due to none static srl address bits
WARNING: [Opt 31-1131] Can not pull register out from video_out_pynq_z2_i/ila_0/inst/ila_core_inst/u_ila_cap_ctrl/U_NS1/I_YESLUT6.U_SRL32_A due to none static srl address bits
WARNING: [Opt 31-1131] Can not pull register out from video_out_pynq_z2_i/ila_0/inst/ila_core_inst/u_ila_cap_ctrl/U_NS1/I_YESLUT6.U_SRL32_B due to none static srl address bits
WARNING: [Opt 31-1131] Can not pull register out from video_out_pynq_z2_i/ila_0/inst/ila_core_inst/u_ila_cap_ctrl/U_NS1/I_YESLUT6.U_SRL32_C due to none static srl address bits
WARNING: [Opt 31-1131] Can not pull register out from video_out_pynq_z2_i/ila_0/inst/ila_core_inst/u_ila_cap_ctrl/U_NS1/I_YESLUT6.U_SRL32_D due to none static srl address bits
WARNING: [Opt 31-1131] Can not pull register out from video_out_pynq_z2_i/ila_0/inst/ila_core_inst/u_ila_cap_ctrl/u_cap_addrgen/U_CMPRESET/I_YESLUT6.U_SRL32_A due to none static srl address bits
WARNING: [Opt 31-1131] Can not pull register out from video_out_pynq_z2_i/ila_0/inst/ila_core_inst/u_ila_cap_ctrl/u_cap_addrgen/U_CMPRESET/I_YESLUT6.U_SRL32_B due to none static srl address bits
WARNING: [Opt 31-1131] Can not pull register out from video_out_pynq_z2_i/ila_0/inst/ila_core_inst/u_ila_cap_ctrl/u_cap_addrgen/u_cap_window_counter/U_WCE/I_YESLUT6.U_SRLC16E due to none static srl address bits
WARNING: [Opt 31-1131] Can not pull register out from video_out_pynq_z2_i/ila_0/inst/ila_core_inst/u_ila_cap_ctrl/u_cap_addrgen/u_cap_window_counter/U_WHCMPCE/I_YESLUT6.U_SRL32 due to none static srl address bits
WARNING: [Opt 31-1131] Can not pull register out from video_out_pynq_z2_i/ila_0/inst/ila_core_inst/u_ila_cap_ctrl/u_cap_addrgen/u_cap_window_counter/U_WLCMPCE/I_YESLUT6.U_SRL32 due to none static srl address bits
WARNING: [Opt 31-1131] Can not pull register out from video_out_pynq_z2_i/ila_0/inst/ila_core_inst/u_ila_cap_ctrl/u_cap_addrgen/u_cap_sample_counter/U_SCE/I_YESLUT6.U_SRLC16E due to none static srl address bits
WARNING: [Opt 31-1131] Can not pull register out from video_out_pynq_z2_i/ila_0/inst/ila_core_inst/u_ila_cap_ctrl/u_cap_addrgen/u_cap_sample_counter/U_SCMPCE/I_YESLUT6.U_SRL32 due to none static srl address bits
WARNING: [Opt 31-1131] Can not pull register out from video_out_pynq_z2_i/ila_0/inst/ila_core_inst/u_ila_cap_ctrl/u_cap_addrgen/u_cap_sample_counter/U_SCRST/I_YESLUT6.U_SRL32_A due to none static srl address bits
WARNING: [Opt 31-1131] Can not pull register out from video_out_pynq_z2_i/ila_0/inst/ila_core_inst/u_ila_cap_ctrl/u_cap_addrgen/u_cap_sample_counter/U_SCRST/I_YESLUT6.U_SRL32_B due to none static srl address bits
WARNING: [Opt 31-1131] Can not pull register out from video_out_pynq_z2_i/system_ila_0/inst/ila_lib/inst/ila_core_inst/u_ila_cap_ctrl/U_CDONE/I_YESLUT6.U_SRL32_A due to none static srl address bits
WARNING: [Opt 31-1131] Can not pull register out from video_out_pynq_z2_i/system_ila_0/inst/ila_lib/inst/ila_core_inst/u_ila_cap_ctrl/U_CDONE/I_YESLUT6.U_SRL32_B due to none static srl address bits
WARNING: [Opt 31-1131] Can not pull register out from video_out_pynq_z2_i/system_ila_0/inst/ila_lib/inst/ila_core_inst/u_ila_cap_ctrl/U_NS0/I_YESLUT6.U_SRL32_A due to none static srl address bits
WARNING: [Opt 31-1131] Can not pull register out from video_out_pynq_z2_i/system_ila_0/inst/ila_lib/inst/ila_core_inst/u_ila_cap_ctrl/U_NS0/I_YESLUT6.U_SRL32_B due to none static srl address bits
WARNING: [Opt 31-1131] Can not pull register out from video_out_pynq_z2_i/system_ila_0/inst/ila_lib/inst/ila_core_inst/u_ila_cap_ctrl/U_NS0/I_YESLUT6.U_SRL32_C due to none static srl address bits
WARNING: [Opt 31-1131] Can not pull register out from video_out_pynq_z2_i/system_ila_0/inst/ila_lib/inst/ila_core_inst/u_ila_cap_ctrl/U_NS0/I_YESLUT6.U_SRL32_D due to none static srl address bits
WARNING: [Opt 31-1131] Can not pull register out from video_out_pynq_z2_i/system_ila_0/inst/ila_lib/inst/ila_core_inst/u_ila_cap_ctrl/U_NS1/I_YESLUT6.U_SRL32_A due to none static srl address bits
WARNING: [Opt 31-1131] Can not pull register out from video_out_pynq_z2_i/system_ila_0/inst/ila_lib/inst/ila_core_inst/u_ila_cap_ctrl/U_NS1/I_YESLUT6.U_SRL32_B due to none static srl address bits
WARNING: [Opt 31-1131] Can not pull register out from video_out_pynq_z2_i/system_ila_0/inst/ila_lib/inst/ila_core_inst/u_ila_cap_ctrl/U_NS1/I_YESLUT6.U_SRL32_C due to none static srl address bits
WARNING: [Opt 31-1131] Can not pull register out from video_out_pynq_z2_i/system_ila_0/inst/ila_lib/inst/ila_core_inst/u_ila_cap_ctrl/U_NS1/I_YESLUT6.U_SRL32_D due to none static srl address bits
WARNING: [Opt 31-1131] Can not pull register out from video_out_pynq_z2_i/system_ila_1/inst/ila_lib/inst/ila_core_inst/u_ila_cap_ctrl/U_CDONE/I_YESLUT6.U_SRL32_A due to none static srl address bits
WARNING: [Opt 31-1131] Can not pull register out from video_out_pynq_z2_i/system_ila_1/inst/ila_lib/inst/ila_core_inst/u_ila_cap_ctrl/U_CDONE/I_YESLUT6.U_SRL32_B due to none static srl address bits
WARNING: [Opt 31-1131] Can not pull register out from video_out_pynq_z2_i/system_ila_1/inst/ila_lib/inst/ila_core_inst/u_ila_cap_ctrl/U_NS0/I_YESLUT6.U_SRL32_A due to none static srl address bits
WARNING: [Opt 31-1131] Can not pull register out from video_out_pynq_z2_i/system_ila_1/inst/ila_lib/inst/ila_core_inst/u_ila_cap_ctrl/U_NS0/I_YESLUT6.U_SRL32_B due to none static srl address bits
WARNING: [Opt 31-1131] Can not pull register out from video_out_pynq_z2_i/system_ila_1/inst/ila_lib/inst/ila_core_inst/u_ila_cap_ctrl/U_NS0/I_YESLUT6.U_SRL32_C due to none static srl address bits
WARNING: [Opt 31-1131] Can not pull register out from video_out_pynq_z2_i/system_ila_1/inst/ila_lib/inst/ila_core_inst/u_ila_cap_ctrl/U_NS0/I_YESLUT6.U_SRL32_D due to none static srl address bits
WARNING: [Opt 31-1131] Can not pull register out from video_out_pynq_z2_i/system_ila_1/inst/ila_lib/inst/ila_core_inst/u_ila_cap_ctrl/U_NS1/I_YESLUT6.U_SRL32_A due to none static srl address bits
WARNING: [Opt 31-1131] Can not pull register out from video_out_pynq_z2_i/system_ila_1/inst/ila_lib/inst/ila_core_inst/u_ila_cap_ctrl/U_NS1/I_YESLUT6.U_SRL32_B due to none static srl address bits
WARNING: [Opt 31-1131] Can not pull register out from video_out_pynq_z2_i/system_ila_1/inst/ila_lib/inst/ila_core_inst/u_ila_cap_ctrl/U_NS1/I_YESLUT6.U_SRL32_C due to none static srl address bits
WARNING: [Opt 31-1131] Can not pull register out from video_out_pynq_z2_i/system_ila_1/inst/ila_lib/inst/ila_core_inst/u_ila_cap_ctrl/U_NS1/I_YESLUT6.U_SRL32_D due to none static srl address bits
WARNING: [Opt 31-1131] Can not pull register out from video_out_pynq_z2_i/system_ila_2/inst/ila_lib/inst/ila_core_inst/u_ila_cap_ctrl/U_CDONE/I_YESLUT6.U_SRL32_A due to none static srl address bits
WARNING: [Opt 31-1131] Can not pull register out from video_out_pynq_z2_i/system_ila_2/inst/ila_lib/inst/ila_core_inst/u_ila_cap_ctrl/U_CDONE/I_YESLUT6.U_SRL32_B due to none static srl address bits
WARNING: [Opt 31-1131] Can not pull register out from video_out_pynq_z2_i/system_ila_2/inst/ila_lib/inst/ila_core_inst/u_ila_cap_ctrl/U_NS0/I_YESLUT6.U_SRL32_A due to none static srl address bits
WARNING: [Opt 31-1131] Can not pull register out from video_out_pynq_z2_i/system_ila_2/inst/ila_lib/inst/ila_core_inst/u_ila_cap_ctrl/U_NS0/I_YESLUT6.U_SRL32_B due to none static srl address bits
WARNING: [Opt 31-1131] Can not pull register out from video_out_pynq_z2_i/system_ila_2/inst/ila_lib/inst/ila_core_inst/u_ila_cap_ctrl/U_NS0/I_YESLUT6.U_SRL32_C due to none static srl address bits
WARNING: [Opt 31-1131] Can not pull register out from video_out_pynq_z2_i/system_ila_2/inst/ila_lib/inst/ila_core_inst/u_ila_cap_ctrl/U_NS0/I_YESLUT6.U_SRL32_D due to none static srl address bits
WARNING: [Opt 31-1131] Can not pull register out from video_out_pynq_z2_i/system_ila_2/inst/ila_lib/inst/ila_core_inst/u_ila_cap_ctrl/U_NS1/I_YESLUT6.U_SRL32_A due to none static srl address bits
WARNING: [Opt 31-1131] Can not pull register out from video_out_pynq_z2_i/system_ila_2/inst/ila_lib/inst/ila_core_inst/u_ila_cap_ctrl/U_NS1/I_YESLUT6.U_SRL32_B due to none static srl address bits
WARNING: [Opt 31-1131] Can not pull register out from video_out_pynq_z2_i/system_ila_2/inst/ila_lib/inst/ila_core_inst/u_ila_cap_ctrl/U_NS1/I_YESLUT6.U_SRL32_C due to none static srl address bits
WARNING: [Opt 31-1131] Can not pull register out from video_out_pynq_z2_i/system_ila_2/inst/ila_lib/inst/ila_core_inst/u_ila_cap_ctrl/U_NS1/I_YESLUT6.U_SRL32_D due to none static srl address bits
WARNING: [Opt 31-1131] Can not pull register out from video_out_pynq_z2_i/system_ila_0/inst/ila_lib/inst/ila_core_inst/u_ila_cap_ctrl/u_cap_addrgen/U_CMPRESET/I_YESLUT6.U_SRL32_A due to none static srl address bits
WARNING: [Opt 31-1131] Can not pull register out from video_out_pynq_z2_i/system_ila_0/inst/ila_lib/inst/ila_core_inst/u_ila_cap_ctrl/u_cap_addrgen/U_CMPRESET/I_YESLUT6.U_SRL32_B due to none static srl address bits
WARNING: [Opt 31-1131] Can not pull register out from video_out_pynq_z2_i/system_ila_1/inst/ila_lib/inst/ila_core_inst/u_ila_cap_ctrl/u_cap_addrgen/U_CMPRESET/I_YESLUT6.U_SRL32_A due to none static srl address bits
WARNING: [Opt 31-1131] Can not pull register out from video_out_pynq_z2_i/system_ila_1/inst/ila_lib/inst/ila_core_inst/u_ila_cap_ctrl/u_cap_addrgen/U_CMPRESET/I_YESLUT6.U_SRL32_B due to none static srl address bits
WARNING: [Opt 31-1131] Can not pull register out from video_out_pynq_z2_i/system_ila_2/inst/ila_lib/inst/ila_core_inst/u_ila_cap_ctrl/u_cap_addrgen/U_CMPRESET/I_YESLUT6.U_SRL32_A due to none static srl address bits
WARNING: [Opt 31-1131] Can not pull register out from video_out_pynq_z2_i/system_ila_2/inst/ila_lib/inst/ila_core_inst/u_ila_cap_ctrl/u_cap_addrgen/U_CMPRESET/I_YESLUT6.U_SRL32_B due to none static srl address bits
WARNING: [Opt 31-1131] Can not pull register out from video_out_pynq_z2_i/system_ila_0/inst/ila_lib/inst/ila_core_inst/u_ila_cap_ctrl/u_cap_addrgen/u_cap_window_counter/U_WCE/I_YESLUT6.U_SRLC16E due to none static srl address bits
WARNING: [Opt 31-1131] Can not pull register out from video_out_pynq_z2_i/system_ila_0/inst/ila_lib/inst/ila_core_inst/u_ila_cap_ctrl/u_cap_addrgen/u_cap_window_counter/U_WHCMPCE/I_YESLUT6.U_SRL32 due to none static srl address bits
WARNING: [Opt 31-1131] Can not pull register out from video_out_pynq_z2_i/system_ila_0/inst/ila_lib/inst/ila_core_inst/u_ila_cap_ctrl/u_cap_addrgen/u_cap_window_counter/U_WLCMPCE/I_YESLUT6.U_SRL32 due to none static srl address bits
WARNING: [Opt 31-1131] Can not pull register out from video_out_pynq_z2_i/system_ila_0/inst/ila_lib/inst/ila_core_inst/u_ila_cap_ctrl/u_cap_addrgen/u_cap_sample_counter/U_SCE/I_YESLUT6.U_SRLC16E due to none static srl address bits
WARNING: [Opt 31-1131] Can not pull register out from video_out_pynq_z2_i/system_ila_0/inst/ila_lib/inst/ila_core_inst/u_ila_cap_ctrl/u_cap_addrgen/u_cap_sample_counter/U_SCMPCE/I_YESLUT6.U_SRL32 due to none static srl address bits
WARNING: [Opt 31-1131] Can not pull register out from video_out_pynq_z2_i/system_ila_0/inst/ila_lib/inst/ila_core_inst/u_ila_cap_ctrl/u_cap_addrgen/u_cap_sample_counter/U_SCRST/I_YESLUT6.U_SRL32_A due to none static srl address bits
WARNING: [Opt 31-1131] Can not pull register out from video_out_pynq_z2_i/system_ila_0/inst/ila_lib/inst/ila_core_inst/u_ila_cap_ctrl/u_cap_addrgen/u_cap_sample_counter/U_SCRST/I_YESLUT6.U_SRL32_B due to none static srl address bits
WARNING: [Opt 31-1131] Can not pull register out from video_out_pynq_z2_i/system_ila_1/inst/ila_lib/inst/ila_core_inst/u_ila_cap_ctrl/u_cap_addrgen/u_cap_window_counter/U_WCE/I_YESLUT6.U_SRLC16E due to none static srl address bits
WARNING: [Opt 31-1131] Can not pull register out from video_out_pynq_z2_i/system_ila_1/inst/ila_lib/inst/ila_core_inst/u_ila_cap_ctrl/u_cap_addrgen/u_cap_window_counter/U_WHCMPCE/I_YESLUT6.U_SRL32 due to none static srl address bits
WARNING: [Opt 31-1131] Can not pull register out from video_out_pynq_z2_i/system_ila_1/inst/ila_lib/inst/ila_core_inst/u_ila_cap_ctrl/u_cap_addrgen/u_cap_window_counter/U_WLCMPCE/I_YESLUT6.U_SRL32 due to none static srl address bits
WARNING: [Opt 31-1131] Can not pull register out from video_out_pynq_z2_i/system_ila_1/inst/ila_lib/inst/ila_core_inst/u_ila_cap_ctrl/u_cap_addrgen/u_cap_sample_counter/U_SCE/I_YESLUT6.U_SRLC16E due to none static srl address bits
WARNING: [Opt 31-1131] Can not pull register out from video_out_pynq_z2_i/system_ila_1/inst/ila_lib/inst/ila_core_inst/u_ila_cap_ctrl/u_cap_addrgen/u_cap_sample_counter/U_SCMPCE/I_YESLUT6.U_SRL32 due to none static srl address bits
WARNING: [Opt 31-1131] Can not pull register out from video_out_pynq_z2_i/system_ila_1/inst/ila_lib/inst/ila_core_inst/u_ila_cap_ctrl/u_cap_addrgen/u_cap_sample_counter/U_SCRST/I_YESLUT6.U_SRL32_A due to none static srl address bits
WARNING: [Opt 31-1131] Can not pull register out from video_out_pynq_z2_i/system_ila_1/inst/ila_lib/inst/ila_core_inst/u_ila_cap_ctrl/u_cap_addrgen/u_cap_sample_counter/U_SCRST/I_YESLUT6.U_SRL32_B due to none static srl address bits
WARNING: [Opt 31-1131] Can not pull register out from video_out_pynq_z2_i/system_ila_2/inst/ila_lib/inst/ila_core_inst/u_ila_cap_ctrl/u_cap_addrgen/u_cap_window_counter/U_WCE/I_YESLUT6.U_SRLC16E due to none static srl address bits
WARNING: [Opt 31-1131] Can not pull register out from video_out_pynq_z2_i/system_ila_2/inst/ila_lib/inst/ila_core_inst/u_ila_cap_ctrl/u_cap_addrgen/u_cap_window_counter/U_WHCMPCE/I_YESLUT6.U_SRL32 due to none static srl address bits
WARNING: [Opt 31-1131] Can not pull register out from video_out_pynq_z2_i/system_ila_2/inst/ila_lib/inst/ila_core_inst/u_ila_cap_ctrl/u_cap_addrgen/u_cap_window_counter/U_WLCMPCE/I_YESLUT6.U_SRL32 due to none static srl address bits
WARNING: [Opt 31-1131] Can not pull register out from video_out_pynq_z2_i/system_ila_2/inst/ila_lib/inst/ila_core_inst/u_ila_cap_ctrl/u_cap_addrgen/u_cap_sample_counter/U_SCE/I_YESLUT6.U_SRLC16E due to none static srl address bits
WARNING: [Opt 31-1131] Can not pull register out from video_out_pynq_z2_i/system_ila_2/inst/ila_lib/inst/ila_core_inst/u_ila_cap_ctrl/u_cap_addrgen/u_cap_sample_counter/U_SCMPCE/I_YESLUT6.U_SRL32 due to none static srl address bits
WARNING: [Opt 31-1131] Can not pull register out from video_out_pynq_z2_i/system_ila_2/inst/ila_lib/inst/ila_core_inst/u_ila_cap_ctrl/u_cap_addrgen/u_cap_sample_counter/U_SCRST/I_YESLUT6.U_SRL32_A due to none static srl address bits
WARNING: [Opt 31-1131] Can not pull register out from video_out_pynq_z2_i/system_ila_2/inst/ila_lib/inst/ila_core_inst/u_ila_cap_ctrl/u_cap_addrgen/u_cap_sample_counter/U_SCRST/I_YESLUT6.U_SRL32_B due to none static srl address bits
INFO: [Opt 31-1064] SRL Remap converted 0 SRLs to 0 registers and converted 0 registers of register chains to 0 SRLs
Phase 7 Shift Register Optimization | Checksum: 25292e2ca

Time (s): cpu = 00:00:06 ; elapsed = 00:01:14 . Memory (MB): peak = 2325.168 ; gain = 19.797
Shift Register Optimization | Checksum: 25292e2ca
INFO: [Opt 31-389] Phase Shift Register Optimization created 0 cells and removed 0 cells

Phase 8 Post Processing Netlist
Phase 8 Post Processing Netlist | Checksum: 266855387

Time (s): cpu = 00:00:06 ; elapsed = 00:01:14 . Memory (MB): peak = 2325.168 ; gain = 19.797
Post Processing Netlist | Checksum: 266855387
INFO: [Opt 31-389] Phase Post Processing Netlist created 0 cells and removed 0 cells
INFO: [Opt 31-1021] In phase Post Processing Netlist, 237 netlist objects are constrained preventing optimization. Please run opt_design with -debug_log to get more detail. 

Phase 9 Finalization

Phase 9.1 Finalizing Design Cores and Updating Shapes
Phase 9.1 Finalizing Design Cores and Updating Shapes | Checksum: 1243ee54b

Time (s): cpu = 00:00:06 ; elapsed = 00:01:15 . Memory (MB): peak = 2325.168 ; gain = 19.797

Phase 9.2 Verifying Netlist Connectivity

Starting Connectivity Check Task

Time (s): cpu = 00:00:00 ; elapsed = 00:00:00.058 . Memory (MB): peak = 2325.168 ; gain = 0.000
Phase 9.2 Verifying Netlist Connectivity | Checksum: 1243ee54b

Time (s): cpu = 00:00:06 ; elapsed = 00:01:15 . Memory (MB): peak = 2325.168 ; gain = 19.797
Phase 9 Finalization | Checksum: 1243ee54b

Time (s): cpu = 00:00:06 ; elapsed = 00:01:15 . Memory (MB): peak = 2325.168 ; gain = 19.797
Opt_design Change Summary
=========================


-------------------------------------------------------------------------------------------------------------------------
|  Phase                        |  #Cells created  |  #Cells Removed  |  #Constrained objects preventing optimizations  |
-------------------------------------------------------------------------------------------------------------------------
|  Retarget                     |             175  |             231  |                                            301  |
|  Constant propagation         |              10  |             475  |                                            592  |
|  Sweep                        |               0  |            1793  |                                           2236  |
|  BUFG optimization            |               2  |               0  |                                              0  |
|  Shift Register Optimization  |               0  |               0  |                                              0  |
|  Post Processing Netlist      |               0  |               0  |                                            237  |
-------------------------------------------------------------------------------------------------------------------------


Ending Logic Optimization Task | Checksum: 1243ee54b

Time (s): cpu = 00:00:06 ; elapsed = 00:01:15 . Memory (MB): peak = 2325.168 ; gain = 19.797
INFO: [Constraints 18-11670] Building netlist checker database with flags, 0x8
Done building netlist checker database: Time (s): cpu = 00:00:00 ; elapsed = 00:00:00.013 . Memory (MB): peak = 2325.168 ; gain = 0.000

Starting Power Optimization Task
INFO: [Pwropt 34-132] Skipping clock gating for clocks with a period < 2.00 ns.
INFO: [Pwropt 34-9] Applying IDT optimizations ...
INFO: [Pwropt 34-10] Applying ODC optimizations ...
INFO: [Timing 38-35] Done setting XDC timing constraints.
Running Vector-less Activity Propagation...

Finished Running Vector-less Activity Propagation


Starting PowerOpt Patch Enables Task
INFO: [Pwropt 34-162] WRITE_MODE attribute of 1 BRAM(s) out of a total of 6 has been updated to save power. Run report_power_opt to get a complete listing of the BRAMs updated.
INFO: [Pwropt 34-201] Structural ODC has moved 0 WE to EN ports
Number of BRAM Ports augmented: 4 newly gated: 0 Total Ports: 12
Ending PowerOpt Patch Enables Task | Checksum: 16018977b

Time (s): cpu = 00:00:00 ; elapsed = 00:00:00.106 . Memory (MB): peak = 2504.082 ; gain = 0.000
Ending Power Optimization Task | Checksum: 16018977b

Time (s): cpu = 00:00:06 ; elapsed = 00:00:04 . Memory (MB): peak = 2504.082 ; gain = 178.914

Starting Final Cleanup Task
Ending Final Cleanup Task | Checksum: 16018977b

Time (s): cpu = 00:00:00 ; elapsed = 00:00:00.006 . Memory (MB): peak = 2504.082 ; gain = 0.000

Starting Netlist Obfuscation Task
Netlist sorting complete. Time (s): cpu = 00:00:00 ; elapsed = 00:00:00.012 . Memory (MB): peak = 2504.082 ; gain = 0.000
Ending Netlist Obfuscation Task | Checksum: 13cf0ad9f

Time (s): cpu = 00:00:00 ; elapsed = 00:00:00.019 . Memory (MB): peak = 2504.082 ; gain = 0.000
INFO: [Common 17-83] Releasing license: Implementation
77 Infos, 179 Warnings, 102 Critical Warnings and 0 Errors encountered.
opt_design completed successfully
opt_design: Time (s): cpu = 00:00:20 ; elapsed = 00:01:25 . Memory (MB): peak = 2504.082 ; gain = 577.453
INFO: [runtcl-4] Executing : report_drc -file video_out_pynq_z2_wrapper_drc_opted.rpt -pb video_out_pynq_z2_wrapper_drc_opted.pb -rpx video_out_pynq_z2_wrapper_drc_opted.rpx
Command: report_drc -file video_out_pynq_z2_wrapper_drc_opted.rpt -pb video_out_pynq_z2_wrapper_drc_opted.pb -rpx video_out_pynq_z2_wrapper_drc_opted.rpx
INFO: [IP_Flow 19-1839] IP Catalog is up to date.
INFO: [DRC 23-27] Running DRC with 2 threads
INFO: [Vivado_Tcl 2-168] The results of DRC are in file C:/selected_hdmi_okok/pyzq/hw/hw_proj/hw_proj.runs/impl_1/video_out_pynq_z2_wrapper_drc_opted.rpt.
report_drc completed successfully
INFO: [Timing 38-35] Done setting XDC timing constraints.
INFO: [Timing 38-480] Writing timing data to binary archive.
Wrote PlaceDB: Time (s): cpu = 00:00:00 ; elapsed = 00:00:00.024 . Memory (MB): peak = 2504.082 ; gain = 0.000
Wrote PulsedLatchDB: Time (s): cpu = 00:00:00 ; elapsed = 00:00:00 . Memory (MB): peak = 2504.082 ; gain = 0.000
Writing XDEF routing.
Write ShapeDB Complete: Time (s): cpu = 00:00:01 ; elapsed = 00:00:00.045 . Memory (MB): peak = 2504.082 ; gain = 0.000
Writing XDEF routing logical nets.
Writing XDEF routing special nets.
Wrote RouteStorage: Time (s): cpu = 00:00:01 ; elapsed = 00:00:00.059 . Memory (MB): peak = 2504.082 ; gain = 0.000
Wrote Netlist Cache: Time (s): cpu = 00:00:00 ; elapsed = 00:00:00.001 . Memory (MB): peak = 2504.082 ; gain = 0.000
Wrote Device Cache: Time (s): cpu = 00:00:00 ; elapsed = 00:00:00.016 . Memory (MB): peak = 2504.082 ; gain = 0.000
Write Physdb Complete: Time (s): cpu = 00:00:01 ; elapsed = 00:00:00.113 . Memory (MB): peak = 2504.082 ; gain = 0.000
INFO: [Common 17-1381] The checkpoint 'C:/selected_hdmi_okok/pyzq/hw/hw_proj/hw_proj.runs/impl_1/video_out_pynq_z2_wrapper_opt.dcp' has been generated.
INFO: [Chipscope 16-240] Debug cores have already been implemented
Command: place_design
Attempting to get a license for feature 'Implementation' and/or device 'xc7z020'
INFO: [Common 17-349] Got license for feature 'Implementation' and/or device 'xc7z020'
INFO: [Common 17-83] Releasing license: Implementation
INFO: [DRC 23-27] Running DRC with 2 threads
INFO: [Vivado_Tcl 4-198] DRC finished with 0 Errors
INFO: [Vivado_Tcl 4-199] Please refer to the DRC report (report_drc) for more information.
Running DRC as a precondition to command place_design
INFO: [DRC 23-27] Running DRC with 2 threads
INFO: [Vivado_Tcl 4-198] DRC finished with 0 Errors, 1 Warnings
INFO: [Vivado_Tcl 4-199] Please refer to the DRC report (report_drc) for more information.
INFO: [Place 30-611] Multithreading enabled for place_design using a maximum of 2 CPUs

Starting Placer Task

Phase 1 Placer Initialization

Phase 1.1 Placer Initialization Netlist Sorting
Netlist sorting complete. Time (s): cpu = 00:00:00 ; elapsed = 00:00:00.013 . Memory (MB): peak = 2504.082 ; gain = 0.000
Phase 1.1 Placer Initialization Netlist Sorting | Checksum: ff96e306

Time (s): cpu = 00:00:00 ; elapsed = 00:00:00.028 . Memory (MB): peak = 2504.082 ; gain = 0.000
Netlist sorting complete. Time (s): cpu = 00:00:00 ; elapsed = 00:00:00.013 . Memory (MB): peak = 2504.082 ; gain = 0.000

Phase 1.2 IO Placement/ Clock Placement/ Build Placer Device
Phase 1.2 IO Placement/ Clock Placement/ Build Placer Device | Checksum: bb62003e

Time (s): cpu = 00:00:02 ; elapsed = 00:00:02 . Memory (MB): peak = 2504.082 ; gain = 0.000

Phase 1.3 Build Placer Netlist Model
Phase 1.3 Build Placer Netlist Model | Checksum: 11cd6bd72

Time (s): cpu = 00:00:08 ; elapsed = 00:00:06 . Memory (MB): peak = 2504.082 ; gain = 0.000

Phase 1.4 Constrain Clocks/Macros
Phase 1.4 Constrain Clocks/Macros | Checksum: 11cd6bd72

Time (s): cpu = 00:00:08 ; elapsed = 00:00:06 . Memory (MB): peak = 2504.082 ; gain = 0.000
Phase 1 Placer Initialization | Checksum: 11cd6bd72

Time (s): cpu = 00:00:08 ; elapsed = 00:00:06 . Memory (MB): peak = 2504.082 ; gain = 0.000

Phase 2 Global Placement

Phase 2.1 Floorplanning
Phase 2.1 Floorplanning | Checksum: b834c587

Time (s): cpu = 00:00:10 ; elapsed = 00:00:07 . Memory (MB): peak = 2504.082 ; gain = 0.000

Phase 2.2 Update Timing before SLR Path Opt
Phase 2.2 Update Timing before SLR Path Opt | Checksum: 112663871

Time (s): cpu = 00:00:11 ; elapsed = 00:00:08 . Memory (MB): peak = 2504.082 ; gain = 0.000

Phase 2.3 Post-Processing in Floorplanning
Phase 2.3 Post-Processing in Floorplanning | Checksum: 45aa5198

Time (s): cpu = 00:00:11 ; elapsed = 00:00:08 . Memory (MB): peak = 2504.082 ; gain = 0.000

Phase 2.4 Global Placement Core

Phase 2.4.1 UpdateTiming Before Physical Synthesis
Phase 2.4.1 UpdateTiming Before Physical Synthesis | Checksum: 17391662a

Time (s): cpu = 00:00:24 ; elapsed = 00:00:17 . Memory (MB): peak = 2504.082 ; gain = 0.000

Phase 2.4.2 Physical Synthesis In Placer
INFO: [Physopt 32-1035] Found 0 LUTNM shape to break, 529 LUT instances to create LUTNM shape
INFO: [Physopt 32-1044] Break lutnm for timing: one critical 0, two critical 0, total 0, new lutff created 0
INFO: [Physopt 32-1138] End 1 Pass. Optimized 210 nets or LUTs. Breaked 0 LUT, combined 210 existing LUTs and moved 0 existing LUT
INFO: [Physopt 32-65] No nets found for high-fanout optimization.
INFO: [Physopt 32-232] Optimized 0 net. Created 0 new instance.
INFO: [Physopt 32-775] End 1 Pass. Optimized 0 net or cell. Created 0 new cell, deleted 0 existing cell and moved 0 existing cell
INFO: [Physopt 32-456] No candidate cells for DSP register optimization found in the design.
INFO: [Physopt 32-775] End 2 Pass. Optimized 0 net or cell. Created 0 new cell, deleted 0 existing cell and moved 0 existing cell
INFO: [Physopt 32-1123] No candidate cells found for Shift Register to Pipeline optimization
INFO: [Physopt 32-775] End 2 Pass. Optimized 0 net or cell. Created 0 new cell, deleted 0 existing cell and moved 0 existing cell
INFO: [Physopt 32-1402] Pass 1: Identified 1 candidate cell for Shift Register optimization.
INFO: [Physopt 32-775] End 1 Pass. Optimized 1 net or cell. Created 1 new cell, deleted 0 existing cell and moved 0 existing cell
Netlist sorting complete. Time (s): cpu = 00:00:00 ; elapsed = 00:00:00.014 . Memory (MB): peak = 2504.082 ; gain = 0.000
INFO: [Physopt 32-526] No candidate cells for BRAM register optimization found in the design
INFO: [Physopt 32-775] End 1 Pass. Optimized 0 net or cell. Created 0 new cell, deleted 0 existing cell and moved 0 existing cell
INFO: [Physopt 32-846] No candidate cells for URAM register optimization found in the design
INFO: [Physopt 32-775] End 1 Pass. Optimized 0 net or cell. Created 0 new cell, deleted 0 existing cell and moved 0 existing cell
INFO: [Physopt 32-846] No candidate cells for URAM register optimization found in the design
INFO: [Physopt 32-775] End 1 Pass. Optimized 0 net or cell. Created 0 new cell, deleted 0 existing cell and moved 0 existing cell
INFO: [Physopt 32-949] No candidate nets found for dynamic/static region interface net replication
INFO: [Physopt 32-775] End 1 Pass. Optimized 0 net or cell. Created 0 new cell, deleted 0 existing cell and moved 0 existing cell
Netlist sorting complete. Time (s): cpu = 00:00:00 ; elapsed = 00:00:00.011 . Memory (MB): peak = 2504.082 ; gain = 0.000

Summary of Physical Synthesis Optimizations
============================================


-----------------------------------------------------------------------------------------------------------------------------------------------------------
|  Optimization                                     |  Added Cells  |  Removed Cells  |  Optimized Cells/Nets  |  Dont Touch  |  Iterations  |  Elapsed   |
-----------------------------------------------------------------------------------------------------------------------------------------------------------
|  LUT Combining                                    |            0  |            210  |                   210  |           0  |           1  |  00:00:00  |
|  Retime                                           |            0  |              0  |                     0  |           0  |           1  |  00:00:00  |
|  Very High Fanout                                 |            0  |              0  |                     0  |           0  |           1  |  00:00:00  |
|  DSP Register                                     |            0  |              0  |                     0  |           0  |           1  |  00:00:00  |
|  Shift Register to Pipeline                       |            0  |              0  |                     0  |           0  |           1  |  00:00:00  |
|  Shift Register                                   |            1  |              0  |                     1  |           0  |           1  |  00:00:00  |
|  BRAM Register                                    |            0  |              0  |                     0  |           0  |           1  |  00:00:00  |
|  URAM Register                                    |            0  |              0  |                     0  |           0  |           1  |  00:00:00  |
|  Dynamic/Static Region Interface Net Replication  |            0  |              0  |                     0  |           0  |           1  |  00:00:00  |
|  Total                                            |            1  |            210  |                   211  |           0  |           9  |  00:00:01  |
-----------------------------------------------------------------------------------------------------------------------------------------------------------


Phase 2.4.2 Physical Synthesis In Placer | Checksum: 198c476a4

Time (s): cpu = 00:00:26 ; elapsed = 00:00:19 . Memory (MB): peak = 2504.082 ; gain = 0.000
Phase 2.4 Global Placement Core | Checksum: 17cf60e26

Time (s): cpu = 00:00:27 ; elapsed = 00:00:19 . Memory (MB): peak = 2504.082 ; gain = 0.000
Phase 2 Global Placement | Checksum: 17cf60e26

Time (s): cpu = 00:00:27 ; elapsed = 00:00:19 . Memory (MB): peak = 2504.082 ; gain = 0.000

Phase 3 Detail Placement

Phase 3.1 Commit Multi Column Macros
Phase 3.1 Commit Multi Column Macros | Checksum: 11d38ff64

Time (s): cpu = 00:00:29 ; elapsed = 00:00:20 . Memory (MB): peak = 2504.082 ; gain = 0.000

Phase 3.2 Commit Most Macros & LUTRAMs
Phase 3.2 Commit Most Macros & LUTRAMs | Checksum: 11288daec

Time (s): cpu = 00:00:31 ; elapsed = 00:00:22 . Memory (MB): peak = 2504.082 ; gain = 0.000

Phase 3.3 Area Swap Optimization
Phase 3.3 Area Swap Optimization | Checksum: 109a4162b

Time (s): cpu = 00:00:31 ; elapsed = 00:00:22 . Memory (MB): peak = 2504.082 ; gain = 0.000

Phase 3.4 Pipeline Register Optimization
Phase 3.4 Pipeline Register Optimization | Checksum: 1181a72f4

Time (s): cpu = 00:00:31 ; elapsed = 00:00:22 . Memory (MB): peak = 2504.082 ; gain = 0.000

Phase 3.5 Fast Optimization
Phase 3.5 Fast Optimization | Checksum: 17663b5d3

Time (s): cpu = 00:00:34 ; elapsed = 00:00:24 . Memory (MB): peak = 2504.082 ; gain = 0.000

Phase 3.6 Small Shape Detail Placement
Phase 3.6 Small Shape Detail Placement | Checksum: 1b6c2297e

Time (s): cpu = 00:00:41 ; elapsed = 00:00:31 . Memory (MB): peak = 2504.082 ; gain = 0.000

Phase 3.7 Re-assign LUT pins
Phase 3.7 Re-assign LUT pins | Checksum: 1c2817efe

Time (s): cpu = 00:00:41 ; elapsed = 00:00:32 . Memory (MB): peak = 2504.082 ; gain = 0.000

Phase 3.8 Pipeline Register Optimization
Phase 3.8 Pipeline Register Optimization | Checksum: f273fda9

Time (s): cpu = 00:00:41 ; elapsed = 00:00:32 . Memory (MB): peak = 2504.082 ; gain = 0.000

Phase 3.9 Fast Optimization
Phase 3.9 Fast Optimization | Checksum: 1bee8b3a6

Time (s): cpu = 00:00:46 ; elapsed = 00:00:35 . Memory (MB): peak = 2504.082 ; gain = 0.000
Phase 3 Detail Placement | Checksum: 1bee8b3a6

Time (s): cpu = 00:00:46 ; elapsed = 00:00:35 . Memory (MB): peak = 2504.082 ; gain = 0.000

Phase 4 Post Placement Optimization and Clean-Up

Phase 4.1 Post Commit Optimization
INFO: [Timing 38-35] Done setting XDC timing constraints.

Phase 4.1.1 Post Placement Optimization
Post Placement Optimization Initialization | Checksum: 168403531

Phase 4.1.1.1 BUFG Insertion

Starting Physical Synthesis Task

Phase 1 Physical Synthesis Initialization
INFO: [Physopt 32-721] Multithreading enabled for phys_opt_design using a maximum of 2 CPUs
INFO: [Physopt 32-619] Estimated Timing Summary | WNS=-3.433 | TNS=-6.208 |
Phase 1 Physical Synthesis Initialization | Checksum: 122151e77

Time (s): cpu = 00:00:02 ; elapsed = 00:00:01 . Memory (MB): peak = 2504.082 ; gain = 0.000
INFO: [Place 46-33] Processed net video_out_pynq_z2_i/clk_wiz_0/inst/AXI_LITE_IPIF_I/I_SLAVE_ATTACHMENT/rst_reg_0, BUFG insertion was skipped due to placement/routing conflicts.
INFO: [Place 46-56] BUFG insertion identified 1 candidate nets. Inserted BUFG: 0, Replicated BUFG Driver: 0, Skipped due to Placement/Routing Conflicts: 1, Skipped due to Timing Degradation: 0, Skipped due to netlist editing failed: 0.
Ending Physical Synthesis Task | Checksum: 122151e77

Time (s): cpu = 00:00:02 ; elapsed = 00:00:02 . Memory (MB): peak = 2504.082 ; gain = 0.000
Phase 4.1.1.1 BUFG Insertion | Checksum: 168403531

Time (s): cpu = 00:00:56 ; elapsed = 00:00:41 . Memory (MB): peak = 2504.082 ; gain = 0.000

Phase 4.1.1.2 Post Placement Timing Optimization
INFO: [Place 30-746] Post Placement Timing Summary WNS=-3.265. For the most accurate timing information please run report_timing.
Phase 4.1.1.2 Post Placement Timing Optimization | Checksum: 21a0300b2

Time (s): cpu = 00:00:57 ; elapsed = 00:00:43 . Memory (MB): peak = 2504.082 ; gain = 0.000

Time (s): cpu = 00:00:57 ; elapsed = 00:00:43 . Memory (MB): peak = 2504.082 ; gain = 0.000
Phase 4.1 Post Commit Optimization | Checksum: 21a0300b2

Time (s): cpu = 00:00:57 ; elapsed = 00:00:43 . Memory (MB): peak = 2504.082 ; gain = 0.000

Phase 4.2 Post Placement Cleanup
Phase 4.2 Post Placement Cleanup | Checksum: 21a0300b2

Time (s): cpu = 00:00:57 ; elapsed = 00:00:43 . Memory (MB): peak = 2504.082 ; gain = 0.000

Phase 4.3 Placer Reporting

Phase 4.3.1 Print Estimated Congestion
INFO: [Place 30-612] Post-Placement Estimated Congestion 
 ____________________________________________________
|           | Global Congestion | Short Congestion  |
| Direction | Region Size       | Region Size       |
|___________|___________________|___________________|
|      North|                1x1|                1x1|
|___________|___________________|___________________|
|      South|                1x1|                1x1|
|___________|___________________|___________________|
|       East|                1x1|                1x1|
|___________|___________________|___________________|
|       West|                1x1|                1x1|
|___________|___________________|___________________|

Phase 4.3.1 Print Estimated Congestion | Checksum: 21a0300b2

Time (s): cpu = 00:00:57 ; elapsed = 00:00:43 . Memory (MB): peak = 2504.082 ; gain = 0.000
Phase 4.3 Placer Reporting | Checksum: 21a0300b2

Time (s): cpu = 00:00:58 ; elapsed = 00:00:43 . Memory (MB): peak = 2504.082 ; gain = 0.000

Phase 4.4 Final Placement Cleanup
Netlist sorting complete. Time (s): cpu = 00:00:00 ; elapsed = 00:00:00.014 . Memory (MB): peak = 2504.082 ; gain = 0.000

Time (s): cpu = 00:00:58 ; elapsed = 00:00:43 . Memory (MB): peak = 2504.082 ; gain = 0.000
Phase 4 Post Placement Optimization and Clean-Up | Checksum: 1e4df781c

Time (s): cpu = 00:00:58 ; elapsed = 00:00:44 . Memory (MB): peak = 2504.082 ; gain = 0.000
Ending Placer Task | Checksum: 176be7d25

Time (s): cpu = 00:00:58 ; elapsed = 00:00:44 . Memory (MB): peak = 2504.082 ; gain = 0.000
121 Infos, 179 Warnings, 102 Critical Warnings and 0 Errors encountered.
place_design completed successfully
place_design: Time (s): cpu = 00:01:02 ; elapsed = 00:00:45 . Memory (MB): peak = 2504.082 ; gain = 0.000
INFO: [runtcl-4] Executing : report_io -file video_out_pynq_z2_wrapper_io_placed.rpt
report_io: Time (s): cpu = 00:00:00 ; elapsed = 00:00:00.059 . Memory (MB): peak = 2504.082 ; gain = 0.000
INFO: [runtcl-4] Executing : report_utilization -file video_out_pynq_z2_wrapper_utilization_placed.rpt -pb video_out_pynq_z2_wrapper_utilization_placed.pb
INFO: [runtcl-4] Executing : report_control_sets -verbose -file video_out_pynq_z2_wrapper_control_sets_placed.rpt
report_control_sets: Time (s): cpu = 00:00:00 ; elapsed = 00:00:00.070 . Memory (MB): peak = 2504.082 ; gain = 0.000
INFO: [Timing 38-480] Writing timing data to binary archive.
Write ShapeDB Complete: Time (s): cpu = 00:00:01 ; elapsed = 00:00:00.052 . Memory (MB): peak = 2509.297 ; gain = 5.215
Wrote PlaceDB: Time (s): cpu = 00:00:05 ; elapsed = 00:00:01 . Memory (MB): peak = 2511.832 ; gain = 7.750
Wrote PulsedLatchDB: Time (s): cpu = 00:00:00 ; elapsed = 00:00:00 . Memory (MB): peak = 2511.832 ; gain = 0.000
Writing XDEF routing.
Writing XDEF routing logical nets.
Writing XDEF routing special nets.
Wrote RouteStorage: Time (s): cpu = 00:00:00 ; elapsed = 00:00:00.057 . Memory (MB): peak = 2511.832 ; gain = 0.000
Wrote Netlist Cache: Time (s): cpu = 00:00:00 ; elapsed = 00:00:00.036 . Memory (MB): peak = 2511.832 ; gain = 0.000
Wrote Device Cache: Time (s): cpu = 00:00:00 ; elapsed = 00:00:00.019 . Memory (MB): peak = 2511.832 ; gain = 0.000
Write Physdb Complete: Time (s): cpu = 00:00:05 ; elapsed = 00:00:01 . Memory (MB): peak = 2511.832 ; gain = 7.750
INFO: [Common 17-1381] The checkpoint 'C:/selected_hdmi_okok/pyzq/hw/hw_proj/hw_proj.runs/impl_1/video_out_pynq_z2_wrapper_placed.dcp' has been generated.
Command: phys_opt_design
Attempting to get a license for feature 'Implementation' and/or device 'xc7z020'
INFO: [Common 17-349] Got license for feature 'Implementation' and/or device 'xc7z020'

Starting Initial Update Timing Task

Time (s): cpu = 00:00:04 ; elapsed = 00:00:03 . Memory (MB): peak = 2550.312 ; gain = 38.480
INFO: [Vivado_Tcl 4-1435] PhysOpt_Tcl_Interface Runtime Before Starting Physical Synthesis Task | CPU: 5.00s |  WALL: 2.86s
Netlist sorting complete. Time (s): cpu = 00:00:00 ; elapsed = 00:00:00.011 . Memory (MB): peak = 2550.402 ; gain = 0.090

Starting Physical Synthesis Task

Phase 1 Physical Synthesis Initialization
INFO: [Physopt 32-721] Multithreading enabled for phys_opt_design using a maximum of 2 CPUs
INFO: [Physopt 32-619] Estimated Timing Summary | WNS=-3.265 | TNS=-6.028 |
Phase 1 Physical Synthesis Initialization | Checksum: 16940711e

Time (s): cpu = 00:00:04 ; elapsed = 00:00:02 . Memory (MB): peak = 2552.738 ; gain = 2.336
INFO: [Physopt 32-619] Estimated Timing Summary | WNS=-3.265 | TNS=-6.028 |

Phase 2 DSP Register Optimization
INFO: [Physopt 32-456] No candidate cells for DSP register optimization found in the design.
INFO: [Physopt 32-775] End 2 Pass. Optimized 0 net or cell. Created 0 new cell, deleted 0 existing cell and moved 0 existing cell
Phase 2 DSP Register Optimization | Checksum: 16940711e

Time (s): cpu = 00:00:04 ; elapsed = 00:00:02 . Memory (MB): peak = 2552.738 ; gain = 2.336

Phase 3 Critical Path Optimization
INFO: [Physopt 32-619] Estimated Timing Summary | WNS=-3.265 | TNS=-6.028 |
INFO: [Physopt 32-702] Processed net video_out_pynq_z2_i/ila_0/inst/ila_core_inst/u_trig/U_TM/N_DDR_MODE.G_NMU[1].U_M/allx_typeA_match_detection.ltlib_v1_0_1_allx_typeA_inst/all_dly1[0]. Optimizations did not improve timing on the net.
INFO: [Physopt 32-702] Processed net video_out_pynq_z2_i/processing_system7_0/inst/FCLK_CLK_unbuffered[0]. Optimizations did not improve timing on the net.
INFO: [Physopt 32-608] Optimized 1 net.  Swapped 7 pins.
INFO: [Physopt 32-735] Processed net video_out_pynq_z2_i/ila_0/inst/ila_core_inst/u_trig/U_TM/probe_data[1]. Optimization improves timing on the net.
INFO: [Physopt 32-619] Estimated Timing Summary | WNS=-3.025 | TNS=-5.788 |
INFO: [Physopt 32-702] Processed net video_out_pynq_z2_i/ila_0/inst/ila_core_inst/u_trig/U_TM/probe_data[1]. Optimizations did not improve timing on the net.
INFO: [Physopt 32-663] Processed net video_out_pynq_z2_i/axi_gpio_0/U0/gpio_core_1/gpio_io_o[0].  Re-placed instance video_out_pynq_z2_i/axi_gpio_0/U0/gpio_core_1/Not_Dual.gpio_Data_Out_reg[0]
INFO: [Physopt 32-735] Processed net video_out_pynq_z2_i/axi_gpio_0/U0/gpio_core_1/gpio_io_o[0]. Optimization improves timing on the net.
INFO: [Physopt 32-619] Estimated Timing Summary | WNS=-2.905 | TNS=-5.753 |
INFO: [Physopt 32-663] Processed net video_out_pynq_z2_i/ila_0/inst/ila_core_inst/srlopt_n.  Re-placed instance video_out_pynq_z2_i/ila_0/inst/ila_core_inst/shifted_data_in_reg[7][1]_srl8_srlopt
INFO: [Physopt 32-735] Processed net video_out_pynq_z2_i/ila_0/inst/ila_core_inst/srlopt_n. Optimization improves timing on the net.
INFO: [Physopt 32-619] Estimated Timing Summary | WNS=-2.849 | TNS=-5.610 |
INFO: [Physopt 32-663] Processed net video_out_pynq_z2_i/axi_gpio_0/U0/gpio_core_1/gpio_io_o[0].  Re-placed instance video_out_pynq_z2_i/axi_gpio_0/U0/gpio_core_1/Not_Dual.gpio_Data_Out_reg[0]
INFO: [Physopt 32-735] Processed net video_out_pynq_z2_i/axi_gpio_0/U0/gpio_core_1/gpio_io_o[0]. Optimization improves timing on the net.
INFO: [Physopt 32-619] Estimated Timing Summary | WNS=-2.837 | TNS=-5.612 |
INFO: [Physopt 32-571] Net video_out_pynq_z2_i/axi_gpio_0/U0/gpio_core_1/gpio_io_o[0] was not replicated.
INFO: [Physopt 32-702] Processed net video_out_pynq_z2_i/axi_gpio_0/U0/gpio_core_1/gpio_io_o[0]. Optimizations did not improve timing on the net.
INFO: [Physopt 32-702] Processed net video_out_pynq_z2_i/ila_0/inst/ila_core_inst/u_trig/U_TM/N_DDR_MODE.G_NMU[1].U_M/allx_typeA_match_detection.ltlib_v1_0_1_allx_typeA_inst/all_dly1[0]. Optimizations did not improve timing on the net.
INFO: [Physopt 32-702] Processed net video_out_pynq_z2_i/processing_system7_0/inst/FCLK_CLK_unbuffered[0]. Optimizations did not improve timing on the net.
INFO: [Physopt 32-702] Processed net video_out_pynq_z2_i/ila_0/inst/ila_core_inst/u_trig/U_TM/probe_data[1]. Optimizations did not improve timing on the net.
INFO: [Physopt 32-702] Processed net video_out_pynq_z2_i/axi_gpio_0/U0/gpio_core_1/gpio_io_o[0]. Optimizations did not improve timing on the net.
INFO: [Physopt 32-619] Estimated Timing Summary | WNS=-2.837 | TNS=-5.612 |
Netlist sorting complete. Time (s): cpu = 00:00:00 ; elapsed = 00:00:00.011 . Memory (MB): peak = 2552.738 ; gain = 0.000
Phase 3 Critical Path Optimization | Checksum: 16940711e

Time (s): cpu = 00:00:06 ; elapsed = 00:00:03 . Memory (MB): peak = 2552.738 ; gain = 2.336

Phase 4 Critical Path Optimization
INFO: [Physopt 32-619] Estimated Timing Summary | WNS=-2.837 | TNS=-5.612 |
INFO: [Physopt 32-702] Processed net video_out_pynq_z2_i/ila_0/inst/ila_core_inst/u_trig/U_TM/N_DDR_MODE.G_NMU[1].U_M/allx_typeA_match_detection.ltlib_v1_0_1_allx_typeA_inst/all_dly1[0]. Optimizations did not improve timing on the net.
INFO: [Physopt 32-702] Processed net video_out_pynq_z2_i/processing_system7_0/inst/FCLK_CLK_unbuffered[0]. Optimizations did not improve timing on the net.
INFO: [Physopt 32-702] Processed net video_out_pynq_z2_i/ila_0/inst/ila_core_inst/u_trig/U_TM/probe_data[1]. Optimizations did not improve timing on the net.
INFO: [Physopt 32-571] Net video_out_pynq_z2_i/axi_gpio_0/U0/gpio_core_1/gpio_io_o[0] was not replicated.
INFO: [Physopt 32-702] Processed net video_out_pynq_z2_i/axi_gpio_0/U0/gpio_core_1/gpio_io_o[0]. Optimizations did not improve timing on the net.
INFO: [Physopt 32-702] Processed net video_out_pynq_z2_i/ila_0/inst/ila_core_inst/u_trig/U_TM/N_DDR_MODE.G_NMU[1].U_M/allx_typeA_match_detection.ltlib_v1_0_1_allx_typeA_inst/all_dly1[0]. Optimizations did not improve timing on the net.
INFO: [Physopt 32-702] Processed net video_out_pynq_z2_i/processing_system7_0/inst/FCLK_CLK_unbuffered[0]. Optimizations did not improve timing on the net.
INFO: [Physopt 32-702] Processed net video_out_pynq_z2_i/ila_0/inst/ila_core_inst/u_trig/U_TM/probe_data[1]. Optimizations did not improve timing on the net.
INFO: [Physopt 32-702] Processed net video_out_pynq_z2_i/axi_gpio_0/U0/gpio_core_1/gpio_io_o[0]. Optimizations did not improve timing on the net.
INFO: [Physopt 32-619] Estimated Timing Summary | WNS=-2.837 | TNS=-5.612 |
Netlist sorting complete. Time (s): cpu = 00:00:00 ; elapsed = 00:00:00.011 . Memory (MB): peak = 2552.738 ; gain = 0.000
Phase 4 Critical Path Optimization | Checksum: 16940711e

Time (s): cpu = 00:00:08 ; elapsed = 00:00:05 . Memory (MB): peak = 2552.738 ; gain = 2.336
Netlist sorting complete. Time (s): cpu = 00:00:00 ; elapsed = 00:00:00.011 . Memory (MB): peak = 2552.738 ; gain = 0.000
INFO: [Physopt 32-603] Post Physical Optimization Timing Summary | WNS=-2.837 | TNS=-5.612 |

Summary of Physical Synthesis Optimizations
============================================


-------------------------------------------------------------------------------------------------------------------------------------------------------------
|  Optimization   |  WNS Gain (ns)  |  TNS Gain (ns)  |  Added Cells  |  Removed Cells  |  Optimized Cells/Nets  |  Dont Touch  |  Iterations  |  Elapsed   |
-------------------------------------------------------------------------------------------------------------------------------------------------------------
|  DSP Register   |          0.000  |          0.000  |            0  |              0  |                     0  |           0  |           1  |  00:00:00  |
|  Critical Path  |          0.428  |          0.416  |            0  |              0  |                     4  |           0  |           2  |  00:00:03  |
|  Total          |          0.428  |          0.416  |            0  |              0  |                     4  |           0  |           3  |  00:00:03  |
-------------------------------------------------------------------------------------------------------------------------------------------------------------


Netlist sorting complete. Time (s): cpu = 00:00:00 ; elapsed = 00:00:00.011 . Memory (MB): peak = 2552.738 ; gain = 0.000
Ending Physical Synthesis Task | Checksum: e9c01a58

Time (s): cpu = 00:00:08 ; elapsed = 00:00:05 . Memory (MB): peak = 2552.738 ; gain = 2.336
INFO: [Common 17-83] Releasing license: Implementation
169 Infos, 179 Warnings, 102 Critical Warnings and 0 Errors encountered.
phys_opt_design completed successfully
phys_opt_design: Time (s): cpu = 00:00:13 ; elapsed = 00:00:08 . Memory (MB): peak = 2552.738 ; gain = 40.906
INFO: [Timing 38-480] Writing timing data to binary archive.
Write ShapeDB Complete: Time (s): cpu = 00:00:00 ; elapsed = 00:00:00.062 . Memory (MB): peak = 2573.023 ; gain = 8.930
Wrote PlaceDB: Time (s): cpu = 00:00:04 ; elapsed = 00:00:01 . Memory (MB): peak = 2575.434 ; gain = 11.340
Wrote PulsedLatchDB: Time (s): cpu = 00:00:00 ; elapsed = 00:00:00.001 . Memory (MB): peak = 2575.434 ; gain = 0.000
Writing XDEF routing.
Writing XDEF routing logical nets.
Writing XDEF routing special nets.
Wrote RouteStorage: Time (s): cpu = 00:00:00 ; elapsed = 00:00:00.053 . Memory (MB): peak = 2575.434 ; gain = 0.000
Wrote Netlist Cache: Time (s): cpu = 00:00:00 ; elapsed = 00:00:00.027 . Memory (MB): peak = 2575.434 ; gain = 0.000
Wrote Device Cache: Time (s): cpu = 00:00:00 ; elapsed = 00:00:00.012 . Memory (MB): peak = 2575.434 ; gain = 0.000
Write Physdb Complete: Time (s): cpu = 00:00:04 ; elapsed = 00:00:01 . Memory (MB): peak = 2575.434 ; gain = 11.340
INFO: [Common 17-1381] The checkpoint 'C:/selected_hdmi_okok/pyzq/hw/hw_proj/hw_proj.runs/impl_1/video_out_pynq_z2_wrapper_physopt.dcp' has been generated.
Command: route_design
Attempting to get a license for feature 'Implementation' and/or device 'xc7z020'
INFO: [Common 17-349] Got license for feature 'Implementation' and/or device 'xc7z020'
Running DRC as a precondition to command route_design
INFO: [DRC 23-27] Running DRC with 2 threads
INFO: [Vivado_Tcl 4-198] DRC finished with 0 Errors
INFO: [Vivado_Tcl 4-199] Please refer to the DRC report (report_drc) for more information.


Starting Routing Task
INFO: [Route 35-254] Multithreading enabled for route_design using a maximum of 8 CPUs

Phase 1 Build RT Design
Checksum: PlaceDB: 902f3d04 ConstDB: 0 ShapeSum: 380ea073 RouteDB: 0
Post Restoration Checksum: NetGraph: b4ddaec8 | NumContArr: b81c252c | Constraints: c2a8fa9d | Timing: c2a8fa9d
Phase 1 Build RT Design | Checksum: 2f24bc92e

Time (s): cpu = 00:00:28 ; elapsed = 00:00:21 . Memory (MB): peak = 2663.637 ; gain = 88.203

Phase 2 Router Initialization

Phase 2.1 Fix Topology Constraints
Phase 2.1 Fix Topology Constraints | Checksum: 2f24bc92e

Time (s): cpu = 00:00:28 ; elapsed = 00:00:22 . Memory (MB): peak = 2663.637 ; gain = 88.203

Phase 2.2 Pre Route Cleanup
Phase 2.2 Pre Route Cleanup | Checksum: 2f24bc92e

Time (s): cpu = 00:00:28 ; elapsed = 00:00:22 . Memory (MB): peak = 2663.637 ; gain = 88.203
 Number of Nodes with overlaps = 0

Phase 2.3 Update Timing
Phase 2.3 Update Timing | Checksum: 235b6a537

Time (s): cpu = 00:00:37 ; elapsed = 00:00:27 . Memory (MB): peak = 2693.160 ; gain = 117.727
INFO: [Route 35-416] Intermediate Timing Summary | WNS=-2.770 | TNS=-5.478 | WHS=-2.351 | THS=-392.309|


Phase 2.4 Update Timing for Bus Skew

Phase 2.4.1 Update Timing
Phase 2.4.1 Update Timing | Checksum: 2913cb845

Time (s): cpu = 00:00:44 ; elapsed = 00:00:32 . Memory (MB): peak = 2729.812 ; gain = 154.379
INFO: [Route 35-416] Intermediate Timing Summary | WNS=-2.770 | TNS=-5.478 | WHS=N/A    | THS=N/A    |

Phase 2.4 Update Timing for Bus Skew | Checksum: 23f8d201f

Time (s): cpu = 00:00:44 ; elapsed = 00:00:32 . Memory (MB): peak = 2743.910 ; gain = 168.477

Router Utilization Summary
  Global Vertical Routing Utilization    = 0.000569535 %
  Global Horizontal Routing Utilization  = 0.000169033 %
  Routable Net Status*
  *Does not include unroutable nets such as driverless and loadless.
  Run report_route_status for detailed report.
  Number of Failed Nets               = 17086
    (Failed Nets is the sum of unrouted and partially routed nets)
  Number of Unrouted Nets             = 17086
  Number of Partially Routed Nets     = 0
  Number of Node Overlaps             = 0

Phase 2 Router Initialization | Checksum: 2495e5406

Time (s): cpu = 00:00:45 ; elapsed = 00:00:32 . Memory (MB): peak = 2774.148 ; gain = 198.715

Phase 3 Initial Routing

Phase 3.1 Global Routing
Phase 3.1 Global Routing | Checksum: 2495e5406

Time (s): cpu = 00:00:45 ; elapsed = 00:00:32 . Memory (MB): peak = 2774.148 ; gain = 198.715

Phase 3.2 Initial Net Routing
Phase 3.2 Initial Net Routing | Checksum: 2f0f2b040

Time (s): cpu = 00:00:48 ; elapsed = 00:00:33 . Memory (MB): peak = 2774.148 ; gain = 198.715
Phase 3 Initial Routing | Checksum: 2f0f2b040

Time (s): cpu = 00:00:49 ; elapsed = 00:00:33 . Memory (MB): peak = 2774.148 ; gain = 198.715
INFO: [Route 35-580] Design has 2 pins with tight setup and hold constraints.

The top 5 pins with tight setup and hold constraints:

+====================+===================+===============================================================================================================================================================+
| Launch Setup Clock | Launch Hold Clock | Pin                                                                                                                                                           |
+====================+===================+===============================================================================================================================================================+
| clk_fpga_0         | clk_fpga_0        | video_out_pynq_z2_i/ila_0/inst/ila_core_inst/shifted_data_in_reg[7][1]_srl8_srlopt/D                                                                          |
| clk_fpga_0         | clk_fpga_0        | video_out_pynq_z2_i/ila_0/inst/ila_core_inst/u_trig/U_TM/N_DDR_MODE.G_NMU[1].U_M/allx_typeA_match_detection.ltlib_v1_0_1_allx_typeA_inst/probeDelay1_reg[0]/D |
+--------------------+-------------------+---------------------------------------------------------------------------------------------------------------------------------------------------------------+

File with complete list of pins: tight_setup_hold_pins.txt


Phase 4 Rip-up And Reroute

Phase 4.1 Global Iteration 0
 Number of Nodes with overlaps = 1186
 Number of Nodes with overlaps = 70
 Number of Nodes with overlaps = 13
 Number of Nodes with overlaps = 5
 Number of Nodes with overlaps = 0
INFO: [Route 35-416] Intermediate Timing Summary | WNS=-3.463 | TNS=-6.859 | WHS=N/A    | THS=N/A    |

Phase 4.1 Global Iteration 0 | Checksum: 1a31fb857

Time (s): cpu = 00:00:59 ; elapsed = 00:00:39 . Memory (MB): peak = 2774.148 ; gain = 198.715

Phase 4.2 Global Iteration 1
 Number of Nodes with overlaps = 5
 Number of Nodes with overlaps = 0
INFO: [Route 35-416] Intermediate Timing Summary | WNS=-3.463 | TNS=-6.859 | WHS=N/A    | THS=N/A    |

Phase 4.2 Global Iteration 1 | Checksum: 1c3b60a8a

Time (s): cpu = 00:00:59 ; elapsed = 00:00:40 . Memory (MB): peak = 2774.148 ; gain = 198.715
Phase 4 Rip-up And Reroute | Checksum: 1c3b60a8a

Time (s): cpu = 00:00:59 ; elapsed = 00:00:40 . Memory (MB): peak = 2774.148 ; gain = 198.715

Phase 5 Delay and Skew Optimization

Phase 5.1 Delay CleanUp

Phase 5.1.1 Update Timing
Phase 5.1.1 Update Timing | Checksum: 24d58ac75

Time (s): cpu = 00:01:02 ; elapsed = 00:00:41 . Memory (MB): peak = 2774.148 ; gain = 198.715
INFO: [Route 35-416] Intermediate Timing Summary | WNS=-3.463 | TNS=-6.859 | WHS=N/A    | THS=N/A    |

Phase 5.1 Delay CleanUp | Checksum: 2645c96fb

Time (s): cpu = 00:01:02 ; elapsed = 00:00:42 . Memory (MB): peak = 2774.148 ; gain = 198.715

Phase 5.2 Clock Skew Optimization
Phase 5.2 Clock Skew Optimization | Checksum: 2645c96fb

Time (s): cpu = 00:01:02 ; elapsed = 00:00:42 . Memory (MB): peak = 2774.148 ; gain = 198.715
Phase 5 Delay and Skew Optimization | Checksum: 2645c96fb

Time (s): cpu = 00:01:02 ; elapsed = 00:00:42 . Memory (MB): peak = 2774.148 ; gain = 198.715

Phase 6 Post Hold Fix

Phase 6.1 Hold Fix Iter

Phase 6.1.1 Update Timing
Phase 6.1.1 Update Timing | Checksum: 1ec3f1c0f

Time (s): cpu = 00:01:05 ; elapsed = 00:00:43 . Memory (MB): peak = 2774.148 ; gain = 198.715
INFO: [Route 35-416] Intermediate Timing Summary | WNS=-3.463 | TNS=-6.859 | WHS=0.008  | THS=0.000  |

Phase 6.1 Hold Fix Iter | Checksum: 1dcc20134

Time (s): cpu = 00:01:05 ; elapsed = 00:00:43 . Memory (MB): peak = 2774.148 ; gain = 198.715
Phase 6 Post Hold Fix | Checksum: 1dcc20134

Time (s): cpu = 00:01:05 ; elapsed = 00:00:43 . Memory (MB): peak = 2774.148 ; gain = 198.715

Phase 7 Route finalize

Router Utilization Summary
  Global Vertical Routing Utilization    = 2.771 %
  Global Horizontal Routing Utilization  = 3.17892 %
  Routable Net Status*
  *Does not include unroutable nets such as driverless and loadless.
  Run report_route_status for detailed report.
  Number of Failed Nets               = 0
    (Failed Nets is the sum of unrouted and partially routed nets)
  Number of Unrouted Nets             = 0
  Number of Partially Routed Nets     = 0
  Number of Node Overlaps             = 0


--GLOBAL Congestion:
Utilization threshold used for congestion level computation: 0.85
Congestion Report
North Dir 1x1 Area, Max Cong = 57.6577%, No Congested Regions.
South Dir 1x1 Area, Max Cong = 46.8468%, No Congested Regions.
East Dir 1x1 Area, Max Cong = 60.2941%, No Congested Regions.
West Dir 1x1 Area, Max Cong = 52.9412%, No Congested Regions.

------------------------------
Reporting congestion hotspots
------------------------------
Direction: North
----------------
Congested clusters found at Level 0
Effective congestion level: 0 Aspect Ratio: 1 Sparse Ratio: 0
Direction: South
----------------
Congested clusters found at Level 0
Effective congestion level: 0 Aspect Ratio: 1 Sparse Ratio: 0
Direction: East
----------------
Congested clusters found at Level 0
Effective congestion level: 0 Aspect Ratio: 1 Sparse Ratio: 0
Direction: West
----------------
Congested clusters found at Level 0
Effective congestion level: 0 Aspect Ratio: 1 Sparse Ratio: 0

Phase 7 Route finalize | Checksum: 1dcc20134

Time (s): cpu = 00:01:05 ; elapsed = 00:00:43 . Memory (MB): peak = 2774.148 ; gain = 198.715

Phase 8 Verifying routed nets

 Verification completed successfully
Phase 8 Verifying routed nets | Checksum: 1dcc20134

Time (s): cpu = 00:01:05 ; elapsed = 00:00:43 . Memory (MB): peak = 2774.148 ; gain = 198.715

Phase 9 Depositing Routes
Phase 9 Depositing Routes | Checksum: 19ca590c9

Time (s): cpu = 00:01:07 ; elapsed = 00:00:44 . Memory (MB): peak = 2774.148 ; gain = 198.715

Phase 10 Post Router Timing
INFO: [Route 35-57] Estimated Timing Summary | WNS=-3.463 | TNS=-6.859 | WHS=0.008  | THS=0.000  |

WARNING: [Route 35-328] Router estimated timing not met.
Resolution: For a complete and accurate timing signoff, report_timing_summary must be run after route_design. Alternatively, route_design can be run with the -timing_summary option to enable a complete timing signoff at the end of route_design.
Phase 10 Post Router Timing | Checksum: 19ca590c9

Time (s): cpu = 00:01:09 ; elapsed = 00:00:45 . Memory (MB): peak = 2774.148 ; gain = 198.715
INFO: [Route 35-16] Router Completed Successfully

Phase 11 Post-Route Event Processing
Phase 11 Post-Route Event Processing | Checksum: 19f39d5ea

Time (s): cpu = 00:01:10 ; elapsed = 00:00:46 . Memory (MB): peak = 2774.148 ; gain = 198.715
Ending Routing Task | Checksum: 19f39d5ea

Time (s): cpu = 00:01:10 ; elapsed = 00:00:46 . Memory (MB): peak = 2774.148 ; gain = 198.715

Routing Is Done.
INFO: [Common 17-83] Releasing license: Implementation
186 Infos, 180 Warnings, 102 Critical Warnings and 0 Errors encountered.
route_design completed successfully
route_design: Time (s): cpu = 00:01:13 ; elapsed = 00:00:48 . Memory (MB): peak = 2774.148 ; gain = 198.715
INFO: [runtcl-4] Executing : report_drc -file video_out_pynq_z2_wrapper_drc_routed.rpt -pb video_out_pynq_z2_wrapper_drc_routed.pb -rpx video_out_pynq_z2_wrapper_drc_routed.rpx
Command: report_drc -file video_out_pynq_z2_wrapper_drc_routed.rpt -pb video_out_pynq_z2_wrapper_drc_routed.pb -rpx video_out_pynq_z2_wrapper_drc_routed.rpx
INFO: [IP_Flow 19-1839] IP Catalog is up to date.
INFO: [DRC 23-27] Running DRC with 2 threads
INFO: [Vivado_Tcl 2-168] The results of DRC are in file C:/selected_hdmi_okok/pyzq/hw/hw_proj/hw_proj.runs/impl_1/video_out_pynq_z2_wrapper_drc_routed.rpt.
report_drc completed successfully
INFO: [runtcl-4] Executing : report_methodology -file video_out_pynq_z2_wrapper_methodology_drc_routed.rpt -pb video_out_pynq_z2_wrapper_methodology_drc_routed.pb -rpx video_out_pynq_z2_wrapper_methodology_drc_routed.rpx
Command: report_methodology -file video_out_pynq_z2_wrapper_methodology_drc_routed.rpt -pb video_out_pynq_z2_wrapper_methodology_drc_routed.pb -rpx video_out_pynq_z2_wrapper_methodology_drc_routed.rpx
INFO: [Timing 38-35] Done setting XDC timing constraints.
INFO: [DRC 23-133] Running Methodology with 2 threads
INFO: [Vivado_Tcl 2-1520] The results of Report Methodology are in file C:/selected_hdmi_okok/pyzq/hw/hw_proj/hw_proj.runs/impl_1/video_out_pynq_z2_wrapper_methodology_drc_routed.rpt.
report_methodology completed successfully
report_methodology: Time (s): cpu = 00:00:14 ; elapsed = 00:00:08 . Memory (MB): peak = 2807.621 ; gain = 33.473
INFO: [runtcl-4] Executing : report_power -file video_out_pynq_z2_wrapper_power_routed.rpt -pb video_out_pynq_z2_wrapper_power_summary_routed.pb -rpx video_out_pynq_z2_wrapper_power_routed.rpx
Command: report_power -file video_out_pynq_z2_wrapper_power_routed.rpt -pb video_out_pynq_z2_wrapper_power_summary_routed.pb -rpx video_out_pynq_z2_wrapper_power_routed.rpx
INFO: [Timing 38-35] Done setting XDC timing constraints.
Running Vector-less Activity Propagation...

Finished Running Vector-less Activity Propagation
WARNING: [Power 33-332] Found switching activity that implies high-fanout reset nets being asserted for excessive periods of time which may result in inaccurate power analysis.
Resolution: To review and fix problems, please run Power Constraints Advisor in the GUI from Tools > Power Constraints Advisor or run report_power with the -advisory option to generate a text report.
196 Infos, 181 Warnings, 102 Critical Warnings and 0 Errors encountered.
report_power completed successfully
report_power: Time (s): cpu = 00:00:11 ; elapsed = 00:00:07 . Memory (MB): peak = 2855.184 ; gain = 47.562
INFO: [runtcl-4] Executing : report_route_status -file video_out_pynq_z2_wrapper_route_status.rpt -pb video_out_pynq_z2_wrapper_route_status.pb
INFO: [runtcl-4] Executing : report_timing_summary -max_paths 10 -report_unconstrained -file video_out_pynq_z2_wrapper_timing_summary_routed.rpt -pb video_out_pynq_z2_wrapper_timing_summary_routed.pb -rpx video_out_pynq_z2_wrapper_timing_summary_routed.rpx -warn_on_violation 
INFO: [Timing 38-91] UpdateTimingParams: Speed grade: -1, Delay Type: min_max.
INFO: [Timing 38-191] Multithreading enabled for timing update using a maximum of 2 CPUs
CRITICAL WARNING: [Timing 38-282] The design failed to meet the timing requirements. Please see the timing summary report for details on the timing violations.
WARNING: [Timing 38-436] There are set_bus_skew constraint(s) in this design. Please run report_bus_skew to ensure that bus skew requirements are met.
INFO: [runtcl-4] Executing : report_incremental_reuse -file video_out_pynq_z2_wrapper_incremental_reuse_routed.rpt
INFO: [Vivado_Tcl 4-1062] Incremental flow is disabled. No incremental reuse Info to report.
INFO: [runtcl-4] Executing : report_clock_utilization -file video_out_pynq_z2_wrapper_clock_utilization_routed.rpt
INFO: [runtcl-4] Executing : report_bus_skew -warn_on_violation -file video_out_pynq_z2_wrapper_bus_skew_routed.rpt -pb video_out_pynq_z2_wrapper_bus_skew_routed.pb -rpx video_out_pynq_z2_wrapper_bus_skew_routed.rpx
INFO: [Timing 38-91] UpdateTimingParams: Speed grade: -1, Delay Type: min_max.
INFO: [Timing 38-191] Multithreading enabled for timing update using a maximum of 2 CPUs
INFO: [Timing 38-480] Writing timing data to binary archive.
Write ShapeDB Complete: Time (s): cpu = 00:00:01 ; elapsed = 00:00:00.059 . Memory (MB): peak = 2895.344 ; gain = 12.887
Wrote PlaceDB: Time (s): cpu = 00:00:05 ; elapsed = 00:00:01 . Memory (MB): peak = 2900.062 ; gain = 13.648
Wrote PulsedLatchDB: Time (s): cpu = 00:00:00 ; elapsed = 00:00:00 . Memory (MB): peak = 2900.062 ; gain = 0.000
Writing XDEF routing.
Writing XDEF routing logical nets.
Writing XDEF routing special nets.
Wrote RouteStorage: Time (s): cpu = 00:00:00 ; elapsed = 00:00:00.331 . Memory (MB): peak = 2900.062 ; gain = 0.000
Wrote Netlist Cache: Time (s): cpu = 00:00:00 ; elapsed = 00:00:00.025 . Memory (MB): peak = 2900.062 ; gain = 0.000
Wrote Device Cache: Time (s): cpu = 00:00:00 ; elapsed = 00:00:00.013 . Memory (MB): peak = 2900.062 ; gain = 0.000
Write Physdb Complete: Time (s): cpu = 00:00:05 ; elapsed = 00:00:02 . Memory (MB): peak = 2900.062 ; gain = 17.605
INFO: [Common 17-1381] The checkpoint 'C:/selected_hdmi_okok/pyzq/hw/hw_proj/hw_proj.runs/impl_1/video_out_pynq_z2_wrapper_routed.dcp' has been generated.
INFO: [Common 17-206] Exiting Vivado at Mon Apr 27 10:54:57 2026...

*** Running vivado
    with args -log video_out_pynq_z2_wrapper.vdi -applog -m64 -product Vivado -messageDb vivado.pb -mode batch -source video_out_pynq_z2_wrapper.tcl -notrace


ECHO is off.
ECHO is off.

****** Vivado v2023.2 (64-bit)
  **** SW Build 4029153 on Fri Oct 13 20:14:34 MDT 2023
  **** IP Build 4028589 on Sat Oct 14 00:45:43 MDT 2023
  **** SharedData Build 4025554 on Tue Oct 10 17:18:54 MDT 2023
    ** Copyright 1986-2022 Xilinx, Inc. All Rights Reserved.
    ** Copyright 2022-2023 Advanced Micro Devices, Inc. All Rights Reserved.

source video_out_pynq_z2_wrapper.tcl -notrace
Command: open_checkpoint video_out_pynq_z2_wrapper_routed.dcp
INFO: [Device 21-403] Loading part xc7z020clg400-1
Netlist sorting complete. Time (s): cpu = 00:00:00 ; elapsed = 00:00:00.351 . Memory (MB): peak = 967.367 ; gain = 0.000
INFO: [Netlist 29-17] Analyzing 810 Unisim elements for replacement
INFO: [Netlist 29-28] Unisim Transformation completed in 0 CPU seconds
INFO: [Project 1-479] Netlist was created with Vivado 2023.2
INFO: [Project 1-570] Preparing netlist for logic optimization
WARNING: [Constraints 18-550] Could not create 'IBUF_LOW_PWR' constraint because net 'video_out_pynq_z2_i/clk_wiz_0/clk_in1' is not directly connected to top level port. 'IBUF_LOW_PWR' is ignored for synthesis but preserved for implementation.
Read ShapeDB Complete: Time (s): cpu = 00:00:00 ; elapsed = 00:00:00.058 . Memory (MB): peak = 1122.164 ; gain = 1.984
INFO: [Timing 38-478] Restoring timing data from binary archive.
INFO: [Timing 38-479] Binary timing data restore complete.
INFO: [Project 1-856] Restoring constraints from binary archive.
INFO: [Project 1-853] Binary constraint restore complete.
INFO: [Designutils 20-5722] Start Reading Physical Databases.
Reading placement.
Read Netlist Cache: Time (s): cpu = 00:00:00 ; elapsed = 00:00:00.019 . Memory (MB): peak = 1750.859 ; gain = 0.000
Reading placer database...
Read Device Cache: Time (s): cpu = 00:00:00 ; elapsed = 00:00:00.015 . Memory (MB): peak = 1750.859 ; gain = 0.000
Read PlaceDB: Time (s): cpu = 00:00:01 ; elapsed = 00:00:00.719 . Memory (MB): peak = 1750.859 ; gain = 0.000
Read PulsedLatchDB: Time (s): cpu = 00:00:00 ; elapsed = 00:00:00.001 . Memory (MB): peak = 1750.859 ; gain = 0.000
Reading routing.
Read RouteStorage: Time (s): cpu = 00:00:00 ; elapsed = 00:00:00.351 . Memory (MB): peak = 1754.750 ; gain = 3.891
Read Physdb Files: Time (s): cpu = 00:00:01 ; elapsed = 00:00:01 . Memory (MB): peak = 1754.750 ; gain = 3.891
Restored from archive | CPU: 1.000000 secs | Memory: 0.000000 MB |
Finished XDEF File Restore: Time (s): cpu = 00:00:01 ; elapsed = 00:00:01 . Memory (MB): peak = 1754.750 ; gain = 3.891
Netlist sorting complete. Time (s): cpu = 00:00:00 ; elapsed = 00:00:00.010 . Memory (MB): peak = 1754.750 ; gain = 0.000
INFO: [Project 1-111] Unisim Transformation Summary:
  A total of 230 instances were transformed.
  CFGLUT5 => CFGLUT5 (SRL16E, SRLC32E): 216 instances
  IOBUF => IOBUF (IBUF, OBUFT): 2 instances
  RAM32M => RAM32M (RAMD32(x6), RAMS32(x2)): 12 instances

The system cannot find the path specified.
INFO: [Project 1-604] Checkpoint was created with Vivado v2023.2 (64-bit) build 4029153
WARNING: [Vivado 12-23575] Critical violations of the methodology design rules detected. Critical violations may contribute to timing failures or cause functional issues in hardware. Run report_methodology for more information.
open_checkpoint: Time (s): cpu = 00:00:22 ; elapsed = 00:00:23 . Memory (MB): peak = 1762.805 ; gain = 1485.465
INFO: [Memdata 28-208] The XPM instance: <video_out_pynq_z2_i/v_vid_in_axi4s_0/inst/COUPLER_INST/generate_async_fifo.FIFO_INST/XPM_FIFO_ASYNC_INST/gnuram_async_fifo.xpm_fifo_base_inst/gen_sdpram.xpm_memory_base_inst> is part of IP: <video_out_pynq_z2_i/v_vid_in_axi4s_0>. This XPM instance will be excluded from the .mmi because updatemem is prohibited from making changes to an XPM that is part of an IP.
INFO: [Memdata 28-208] The XPM instance: <video_out_pynq_z2_i/v_axi4s_vid_out_0/inst/COUPLER_INST/generate_async_fifo.FIFO_INST/XPM_FIFO_ASYNC_INST/gnuram_async_fifo.xpm_fifo_base_inst/gen_sdpram.xpm_memory_base_inst> is part of IP: <video_out_pynq_z2_i/v_axi4s_vid_out_0>. This XPM instance will be excluded from the .mmi because updatemem is prohibited from making changes to an XPM that is part of an IP.
Command: write_bitstream -force video_out_pynq_z2_wrapper.bit
Attempting to get a license for feature 'Implementation' and/or device 'xc7z020'
INFO: [Common 17-349] Got license for feature 'Implementation' and/or device 'xc7z020'
Running DRC as a precondition to command write_bitstream
INFO: [IP_Flow 19-234] Refreshing IP repositories
INFO: [IP_Flow 19-1704] No user IP repositories specified
INFO: [IP_Flow 19-2313] Loaded Vivado IP repository 'C:/Xilinx_vitis/Vivado/2023.2/data/ip'.
INFO: [DRC 23-27] Running DRC with 2 threads
WARNING: [DRC PDCN-1569] LUT equation term check: Used physical LUT pin 'A1' of cell dbg_hub/inst/BSCANID.u_xsdbm_id/SWITCH_N_EXT_BSCAN.bscan_switch/temp_curid[31]_i_1 (pin dbg_hub/inst/BSCANID.u_xsdbm_id/SWITCH_N_EXT_BSCAN.bscan_switch/temp_curid[31]_i_1/I1) is not included in the LUT equation: 'O5=(A3*A4)+(A3*(~A4)*(~A5))+((~A3))'. If this cell is a user instantiated LUT in the design, please remove connectivity to the pin or change the equation and/or INIT string of the LUT to prevent this issue. If the cell is inferred or IP created LUT, please regenerate the IP and/or resynthesize the design to attempt to correct the issue.
WARNING: [DRC PDCN-1569] LUT equation term check: Used physical LUT pin 'A2' of cell dbg_hub/inst/BSCANID.u_xsdbm_id/SWITCH_N_EXT_BSCAN.bscan_switch/temp_curid[31]_i_1 (pin dbg_hub/inst/BSCANID.u_xsdbm_id/SWITCH_N_EXT_BSCAN.bscan_switch/temp_curid[31]_i_1/I0) is not included in the LUT equation: 'O5=(A3*A4)+(A3*(~A4)*(~A5))+((~A3))'. If this cell is a user instantiated LUT in the design, please remove connectivity to the pin or change the equation and/or INIT string of the LUT to prevent this issue. If the cell is inferred or IP created LUT, please regenerate the IP and/or resynthesize the design to attempt to correct the issue.
WARNING: [DRC PDCN-1569] LUT equation term check: Used physical LUT pin 'A4' of cell dbg_hub/inst/BSCANID.u_xsdbm_id/SWITCH_N_EXT_BSCAN.id_state[0]_i_1 (pin dbg_hub/inst/BSCANID.u_xsdbm_id/SWITCH_N_EXT_BSCAN.id_state[0]_i_1/I0) is not included in the LUT equation: 'O6=(A6+~A6)*((A3))'. If this cell is a user instantiated LUT in the design, please remove connectivity to the pin or change the equation and/or INIT string of the LUT to prevent this issue. If the cell is inferred or IP created LUT, please regenerate the IP and/or resynthesize the design to attempt to correct the issue.
WARNING: [DRC REQP-1839] RAMB36 async control check: The RAMB36E1 video_out_pynq_z2_i/v_vid_in_axi4s_0/inst/COUPLER_INST/generate_async_fifo.FIFO_INST/XPM_FIFO_ASYNC_INST/gnuram_async_fifo.xpm_fifo_base_inst/gen_sdpram.xpm_memory_base_inst/gen_wr_a.gen_word_narrow.mem_reg has an input control pin video_out_pynq_z2_i/v_vid_in_axi4s_0/inst/COUPLER_INST/generate_async_fifo.FIFO_INST/XPM_FIFO_ASYNC_INST/gnuram_async_fifo.xpm_fifo_base_inst/gen_sdpram.xpm_memory_base_inst/gen_wr_a.gen_word_narrow.mem_reg/ENARDEN (net: video_out_pynq_z2_i/v_vid_in_axi4s_0/inst/COUPLER_INST/generate_async_fifo.FIFO_INST/XPM_FIFO_ASYNC_INST/gnuram_async_fifo.xpm_fifo_base_inst/gen_sdpram.xpm_memory_base_inst/wea[0]) which is driven by a register (video_out_pynq_z2_i/dvi2rgb_0/U0/TMDS_ClockingX/aLocked_reg) that has an active asychronous set or reset. This may cause corruption of the memory contents and/or read values when the set/reset is asserted and is not analyzed by the default static timing analysis. It is suggested to eliminate the use of a set/reset to registers driving this RAMB pin or else use a synchronous reset in which the assertion of the reset is timed by default.
WARNING: [DRC RTSTAT-10] No routable loads: 73 net(s) have no routable loads. The problem bus(es) and/or net(s) are dbg_hub/inst/BSCANID.u_xsdbm_id/SWITCH_N_EXT_BSCAN.bscan_inst/TMS, dbg_hub/inst/BSCANID.u_xsdbm_id/CORE_XSDB.UUT_MASTER/U_ICON_INTERFACE/U_CMD6_RD/U_RD_FIFO/SUBCORE_FIFO.xsdbm_v3_0_0_rdfifo_inst/inst_fifo_gen/gconvfifo.rf/grf.rf/gntv_or_sync_fifo.gl0.rd/gr1.gr1_int.rfwft/aempty_fwft_i, dbg_hub/inst/BSCANID.u_xsdbm_id/CORE_XSDB.UUT_MASTER/U_ICON_INTERFACE/U_CMD7_CTL/ctl_reg[2:0], dbg_hub/inst/BSCANID.u_xsdbm_id/CORE_XSDB.UUT_MASTER/U_ICON_INTERFACE/U_CMD1/ctl_reg_en_2[1], dbg_hub/inst/BSCANID.u_xsdbm_id/CORE_XSDB.UUT_MASTER/U_ICON_INTERFACE/U_CMD7_CTL/ctl_reg_en_2[1], dbg_hub/inst/BSCANID.u_xsdbm_id/SWITCH_N_EXT_BSCAN.bscan_switch/m_bscan_capture[0], dbg_hub/inst/BSCANID.u_xsdbm_id/SWITCH_N_EXT_BSCAN.bscan_switch/m_bscan_drck[0], dbg_hub/inst/BSCANID.u_xsdbm_id/SWITCH_N_EXT_BSCAN.bscan_switch/m_bscan_runtest[0], video_out_pynq_z2_i/smartconnect_0/inst/m00_nodes/m00_w_node/inst/mi_handler_m_sc_areset_pipe, video_out_pynq_z2_i/smartconnect_0/inst/m01_nodes/m01_ar_node/inst/mi_handler_m_sc_areset_pipe, video_out_pynq_z2_i/smartconnect_0/inst/m00_nodes/m00_ar_node/inst/mi_handler_m_sc_areset_pipe, video_out_pynq_z2_i/smartconnect_0/inst/m02_nodes/m02_w_node/inst/mi_handler_m_sc_areset_pipe, video_out_pynq_z2_i/smartconnect_0/inst/m02_nodes/m02_r_node/inst/mi_handler_m_sc_areset_pipe, video_out_pynq_z2_i/smartconnect_0/inst/m01_nodes/m01_w_node/inst/mi_handler_m_sc_areset_pipe, video_out_pynq_z2_i/smartconnect_0/inst/m03_nodes/m03_b_node/inst/mi_handler_m_sc_areset_pipe... and (the first 15 of 71 listed).
INFO: [Vivado 12-3199] DRC finished with 0 Errors, 5 Warnings
INFO: [Vivado 12-3200] Please refer to the DRC report (report_drc) for more information.
INFO: [Designutils 20-2272] Running write_bitstream with 2 threads.
Loading data files...
Loading site data...
Loading route data...
Processing options...
Creating bitmap...
Creating bitstream...
Writing bitstream ./video_out_pynq_z2_wrapper.bit...
INFO: [Vivado 12-1842] Bitgen Completed Successfully.
INFO: [Project 1-1876] WebTalk data collection is mandatory when using a ULT device. To see the specific WebTalk data collected for your design, open the usage_statistics_webtalk.html or usage_statistics_webtalk.xml file in the implementation directory.
INFO: [Common 17-83] Releasing license: Implementation
25 Infos, 7 Warnings, 0 Critical Warnings and 0 Errors encountered.
write_bitstream completed successfully
write_bitstream: Time (s): cpu = 00:00:41 ; elapsed = 00:00:35 . Memory (MB): peak = 2318.137 ; gain = 538.508
INFO: [Common 17-206] Exiting Vivado at Mon Apr 27 10:56:13 2026...
